Customer_ID,Name,Age,SSN,Occupation,snapshot_date,ingest_dt,snap_ym,source_file
CUS_0x1044,Maki Shirakip,44,#F%$D@*&8,_______,1/6/2023,2025-11-09,2023-06,features_attributes.csv
CUS_0x104e,Kentaros,50,837-93-5062,Teacher,1/6/2023,2025-11-09,2023-06,features_attributes.csv
CUS_0x105c,Lopezz,4746,998-18-7252,Journalist,1/6/2023,2025-11-09,2023-06,features_attributes.csv
CUS_0x10ee,Hudsonb,30_,699-80-2426,Journalist,1/6/2023,2025-11-09,2023-06,features_attributes.csv
CUS_0x1136,Stevenk,22,894-06-9872,Entrepreneur,1/6/2023,2025-11-09,2023-06,features_attributes.csv
CUS_0x1154,Jessica Wohlp,41,848-35-0776,Developer,1/6/2023,2025-11-09,2023-06,features_attributes.csv
CUS_0x1156,Angela Moonq,25,877-50-9125,Entrepreneur,1/6/2023,2025-11-09,2023-06,features_attributes.csv
CUS_0x119e,Rodrigol,38,498-27-0676,Mechanic,1/6/2023,2025-11-09,2023-06,features_attributes.csv
CUS_0x128e,Leikam,19,827-28-8015,Mechanic,1/6/2023,2025-11-09,2023-06,features_attributes.csv
CUS_0x1319,Casey Sullivany,47,#F%$D@*&8,Media_Manager,1/6/2023,2025-11-09,2023-06,features_attributes.csv
CUS_0x1329,Richarda,50,525-33-6734,Entrepreneur,1/6/2023,2025-11-09,2023-06,features_attributes.csv
CUS_0x142f,Langey,54,158-89-2902,Mechanic,1/6/2023,2025-11-09,2023-06,features_attributes.csv
CUS_0x145c,Lewis Krauskopfu,5959,448-30-5081,Writer,1/6/2023,2025-11-09,2023-06,features_attributes.csv
CUS_0x149e,Daveq,35,760-87-5470,Media_Manager,1/6/2023,2025-11-09,2023-06,features_attributes.csv
CUS_0x14ca,Bosellip,29,348-82-9499,Teacher,1/6/2023,2025-11-09,2023-06,features_attributes.csv
CUS_0x157a,Ben Klaymani,16,103-88-8332,Media_Manager,1/6/2023,2025-11-09,2023-06,features_attributes.csv
CUS_0x1585,Kazunori Takadax,22,168-46-0002,Media_Manager,1/6/2023,2025-11-09,2023-06,features_attributes.csv
CUS_0x1664,Noelv,30,415-68-9816,Developer,1/6/2023,2025-11-09,2023-06,features_attributes.csv
CUS_0x166c,Longstrethl,41,422-62-7783,_______,1/6/2023,2025-11-09,2023-06,features_attributes.csv
CUS_0x1698,Rosenp,19,622-91-3070,Media_Manager,1/6/2023,2025-11-09,2023-06,features_attributes.csv
CUS_0x16a2,Liana B.g,24,073-14-2342,Musician,1/6/2023,2025-11-09,2023-06,features_attributes.csv
CUS_0x16d9,Matt Scuffhamw,41,931-50-1049,Writer,1/6/2023,2025-11-09,2023-06,features_attributes.csv
CUS_0x1766,raden Reddalld,14,751-67-7414,Teacher,1/6/2023,2025-11-09,2023-06,features_attributes.csv
CUS_0x17e0,Silvia Antonioliq,31,739-05-3714,Lawyer,1/6/2023,2025-11-09,2023-06,features_attributes.csv
CUS_0x17ef,Chucky,21,339-70-9719,Journalist,1/6/2023,2025-11-09,2023-06,features_attributes.csv
CUS_0x17fe,Santaa,30,770-45-7126,Developer,1/6/2023,2025-11-09,2023-06,features_attributes.csv
CUS_0x1810,Mangank,36,759-35-3427,Developer,1/6/2023,2025-11-09,2023-06,features_attributes.csv
CUS_0x18c5,Gabriel Debenedettio,38,383-85-3208,Lawyer,1/6/2023,2025-11-09,2023-06,features_attributes.csv
CUS_0x18c6,Christopherm,42,719-44-4102,Engineer,1/6/2023,2025-11-09,2023-06,features_attributes.csv
CUS_0x1972,Alistairp,30,888-62-8786,Engineer,1/6/2023,2025-11-09,2023-06,features_attributes.csv
CUS_0x199a,Robin Emmottw,25,047-50-4290,Musician,1/6/2023,2025-11-09,2023-06,features_attributes.csv
CUS_0x1a2a,arani Krishnanm,26,227-46-3036,Architect,1/6/2023,2025-11-09,2023-06,features_attributes.csv
CUS_0x1a2f,Lorrainey,54,894-09-8608,Journalist,1/6/2023,2025-11-09,2023-06,features_attributes.csv
CUS_0x1a4a,Paul Taylorj,41,759-42-2499,Developer,1/6/2023,2025-11-09,2023-06,features_attributes.csv
CUS_0x1aa4,Michelle Sierrae,42,404-72-1681,Doctor,1/6/2023,2025-11-09,2023-06,features_attributes.csv
CUS_0x1aee,Klaymanp,26,065-68-6043,Accountant,1/6/2023,2025-11-09,2023-06,features_attributes.csv
CUS_0x1bbb,Carrick Mollenkampj,26,571-52-6747,Musician,1/6/2023,2025-11-09,2023-06,features_attributes.csv
CUS_0x1c1a,Jason Sublerv,38,049-65-5834,Accountant,1/6/2023,2025-11-09,2023-06,features_attributes.csv
CUS_0x1c99,Andreas Rinken,26,118-02-3131,Engineer,1/6/2023,2025-11-09,2023-06,features_attributes.csv
CUS_0x1ca9,David Ingramd,30,044-46-7121,Manager,1/6/2023,2025-11-09,2023-06,features_attributes.csv
CUS_0x1cdb,Deepaa,21,615-06-7821,Developer,1/6/2023,2025-11-09,2023-06,features_attributes.csv
CUS_0x1d6f,Polansekj,18,197-05-2509,_______,1/6/2023,2025-11-09,2023-06,features_attributes.csv
CUS_0x1db0,Victorial,27,428-05-7900,_______,1/6/2023,2025-11-09,2023-06,features_attributes.csv
CUS_0x1dc2,Mari Saitox,46,358-95-7684,Engineer,1/6/2023,2025-11-09,2023-06,features_attributes.csv
CUS_0x1de3,Leskep,2318,541-79-1548,Lawyer,1/6/2023,2025-11-09,2023-06,features_attributes.csv
CUS_0x1e52,Scuffhamt,24,767-28-6057,Media_Manager,1/6/2023,2025-11-09,2023-06,features_attributes.csv
CUS_0x1e70,Alexh,17,772-58-9547,Manager,1/6/2023,2025-11-09,2023-06,features_attributes.csv
CUS_0x1e91,Karen Freifeldn,49,360-54-9119,Media_Manager,1/6/2023,2025-11-09,2023-06,features_attributes.csv
CUS_0x1e95,Yuns,19,540-71-5162,Developer,1/6/2023,2025-11-09,2023-06,features_attributes.csv
CUS_0x1ec4,Alister Bullb,32,715-13-3421,Lawyer,1/6/2023,2025-11-09,2023-06,features_attributes.csv
CUS_0x1f96,Johno,25,613-68-3100,Architect,1/6/2023,2025-11-09,2023-06,features_attributes.csv
CUS_0x2224,Andreasi,44,855-02-9559,Entrepreneur,1/6/2023,2025-11-09,2023-06,features_attributes.csv
CUS_0x224f,Harneyb,29,855-61-7132,_______,1/6/2023,2025-11-09,2023-06,features_attributes.csv
CUS_0x225e,Subhadip Sircarq,18_,693-40-9693,Architect,1/6/2023,2025-11-09,2023-06,features_attributes.csv
CUS_0x22f4,Bernie Woodalle,42_,116-88-7276,Teacher,1/6/2023,2025-11-09,2023-06,features_attributes.csv
CUS_0x2301,Katyaj,44,206-55-6571,Doctor,1/6/2023,2025-11-09,2023-06,features_attributes.csv
CUS_0x2312,A.b,51,308-25-6929,Manager,1/6/2023,2025-11-09,2023-06,features_attributes.csv
CUS_0x23a6,Valetkevitchm,38_,564-11-2906,Doctor,1/6/2023,2025-11-09,2023-06,features_attributes.csv
CUS_0x23b0,Kevinl,39,040-53-8435,Scientist,1/6/2023,2025-11-09,2023-06,features_attributes.csv
CUS_0x242b,Andreas Framkep,25,019-61-1691,Architect,1/6/2023,2025-11-09,2023-06,features_attributes.csv
CUS_0x245d,Dhanyag,27,251-17-0514,Scientist,1/6/2023,2025-11-09,2023-06,features_attributes.csv
CUS_0x2479,Skariachanr,44,#F%$D@*&8,Musician,1/6/2023,2025-11-09,2023-06,features_attributes.csv
CUS_0x250b,Grantz,28,919-44-2707,Accountant,1/6/2023,2025-11-09,2023-06,features_attributes.csv
CUS_0x25a4,Richwinew,31,199-39-7712,Entrepreneur,1/6/2023,2025-11-09,2023-06,features_attributes.csv
CUS_0x25a5,Nick Browns,39,139-55-0544,_______,1/6/2023,2025-11-09,2023-06,features_attributes.csv
CUS_0x25ae,George Georgiopoulosp,30,320-44-1842,Engineer,1/6/2023,2025-11-09,2023-06,features_attributes.csv
CUS_0x2611,arani Krishnanl,37,976-05-5978,Architect,1/6/2023,2025-11-09,2023-06,features_attributes.csv
CUS_0x2617,Adrian Croftk,38,048-98-3271,Architect,1/6/2023,2025-11-09,2023-06,features_attributes.csv
CUS_0x2618,Michaelr,48,#F%$D@*&8,Scientist,1/6/2023,2025-11-09,2023-06,features_attributes.csv
CUS_0x26d7,Christina Finchera,49,253-33-8522,Developer,1/6/2023,2025-11-09,2023-06,features_attributes.csv
CUS_0x26ea,Goldsteins,30,303-83-2504,Mechanic,1/6/2023,2025-11-09,2023-06,features_attributes.csv
CUS_0x275c,Ayeshas,44,525-44-6888,Media_Manager,1/6/2023,2025-11-09,2023-06,features_attributes.csv
CUS_0x2794,Karenc,26,457-70-4452,Developer,1/6/2023,2025-11-09,2023-06,features_attributes.csv
CUS_0x27a4,Herbst-Baylissf,40,#F%$D@*&8,Manager,1/6/2023,2025-11-09,2023-06,features_attributes.csv
CUS_0x2822,Herbst-Baylissy,53,579-02-1738,_______,1/6/2023,2025-11-09,2023-06,features_attributes.csv
CUS_0x298e,Alistairm,35,196-66-1954,Musician,1/6/2023,2025-11-09,2023-06,features_attributes.csv
CUS_0x2997,Ferreira-Marquesl,20,012-07-2943,Journalist,1/6/2023,2025-11-09,2023-06,features_attributes.csv
CUS_0x2a60,Alan Wheatleye,31,564-00-4532,Entrepreneur,1/6/2023,2025-11-09,2023-06,features_attributes.csv
CUS_0x2ab3,Steveng,16,928-63-7229,Musician,1/6/2023,2025-11-09,2023-06,features_attributes.csv
CUS_0x2b6e,Chris Petersm,33,698-26-2985,Doctor,1/6/2023,2025-11-09,2023-06,features_attributes.csv
CUS_0x2b76,Bremerg,37,413-67-3802,Developer,1/6/2023,2025-11-09,2023-06,features_attributes.csv
CUS_0x2bec,Tom Polansekd,22,306-30-1135,Lawyer,1/6/2023,2025-11-09,2023-06,features_attributes.csv
CUS_0x2c13,Nick Edwardsl,27,071-83-5848,Media_Manager,1/6/2023,2025-11-09,2023-06,features_attributes.csv
CUS_0x2c22,Kathyk,28,758-25-2296,Entrepreneur,1/6/2023,2025-11-09,2023-06,features_attributes.csv
CUS_0x2c32,Karen Brettellh,37_,329-04-9809,Mechanic,1/6/2023,2025-11-09,2023-06,features_attributes.csv
CUS_0x2cdf,Makhovskyj,34,219-75-5334,Writer,1/6/2023,2025-11-09,2023-06,features_attributes.csv
CUS_0x2d3a,Edw,34,767-72-8687,Engineer,1/6/2023,2025-11-09,2023-06,features_attributes.csv
CUS_0x2e0f,Neha Dasguptau,49,023-04-9631,Doctor,1/6/2023,2025-11-09,2023-06,features_attributes.csv
CUS_0x2e43,Laurence Frosth,40,965-75-3593,Journalist,1/6/2023,2025-11-09,2023-06,features_attributes.csv
CUS_0x2f8c,Lynchw,54,923-76-3008,Architect,1/6/2023,2025-11-09,2023-06,features_attributes.csv
CUS_0x2fb8,Nia Williamsb,27,140-99-0200,Engineer,1/6/2023,2025-11-09,2023-06,features_attributes.csv
CUS_0x3102,Ryan Vlastelicad,42,124-41-1150,Manager,1/6/2023,2025-11-09,2023-06,features_attributes.csv
CUS_0x3105,Adegokej,39,358-01-3272,Manager,1/6/2023,2025-11-09,2023-06,features_attributes.csv
CUS_0x3169,Bilbyy,45,292-18-7679,Scientist,1/6/2023,2025-11-09,2023-06,features_attributes.csv
CUS_0x31eb,Breidthardtv,51,439-99-0001,Teacher,1/6/2023,2025-11-09,2023-06,features_attributes.csv
CUS_0x32e4,Scheyderg,47,470-50-6712,Musician,1/6/2023,2025-11-09,2023-06,features_attributes.csv
CUS_0x3331,Kelleherp,27,190-23-4331,Mechanic,1/6/2023,2025-11-09,2023-06,features_attributes.csv
CUS_0x337f,Skariachanv,40,693-20-1404,Architect,1/6/2023,2025-11-09,2023-06,features_attributes.csv
CUS_0x33bf,Alwyni,40,239-94-3241,Lawyer,1/6/2023,2025-11-09,2023-06,features_attributes.csv
CUS_0x33e0,Woodalld,25,655-15-0889,Entrepreneur,1/6/2023,2025-11-09,2023-06,features_attributes.csv
CUS_0x344a,Philip Blenkinsopw,6280,869-92-2559,Teacher,1/6/2023,2025-11-09,2023-06,features_attributes.csv
CUS_0x34c8,Lyne,29,928-40-2690,Accountant,1/6/2023,2025-11-09,2023-06,features_attributes.csv
CUS_0x34f2,Kaorii,23,008-83-1454,Accountant,1/6/2023,2025-11-09,2023-06,features_attributes.csv
CUS_0x3595,Alexf,44_,578-52-7354,Musician,1/6/2023,2025-11-09,2023-06,features_attributes.csv
CUS_0x3597,Felsenthalf,41,471-78-7619,Musician,1/6/2023,2025-11-09,2023-06,features_attributes.csv
CUS_0x35c6,"\"John ODonnell\"t",53,521-19-2395,_______,1/6/2023,2025-11-09,2023-06,features_attributes.csv
CUS_0x362c,dag,44,196-02-8091,Lawyer,1/6/2023,2025-11-09,2023-06,features_attributes.csv
CUS_0x36c4,Stevenl,28_,642-35-7509,Teacher,1/6/2023,2025-11-09,2023-06,features_attributes.csv
CUS_0x382d,Jink,42,676-15-4455,_______,1/6/2023,2025-11-09,2023-06,features_attributes.csv
CUS_0x3846,Evao,29,351-48-9736,Teacher,1/6/2023,2025-11-09,2023-06,features_attributes.csv
CUS_0x38b3,Ilaina Jonasi,17_,726-60-7310,Journalist,1/6/2023,2025-11-09,2023-06,features_attributes.csv
CUS_0x3969,Deepa Seetharamand,31,316-61-8679,Architect,1/6/2023,2025-11-09,2023-06,features_attributes.csv
CUS_0x398f,Saraht,29,892-82-1043,Accountant,1/6/2023,2025-11-09,2023-06,features_attributes.csv
CUS_0x39e0,Jonest,52,512-16-6054,Architect,1/6/2023,2025-11-09,2023-06,features_attributes.csv
CUS_0x3a3f,Pedro Nicolacid,52,685-35-0038,Media_Manager,1/6/2023,2025-11-09,2023-06,features_attributes.csv
CUS_0x3a99,Jed Horowitzv,47,767-68-2793,_______,1/6/2023,2025-11-09,2023-06,features_attributes.csv
CUS_0x3ae5,ac,37,708-01-2723,Manager,1/6/2023,2025-11-09,2023-06,features_attributes.csv
CUS_0x3b1f,Soyoung Kimb,21,736-65-7068,Doctor,1/6/2023,2025-11-09,2023-06,features_attributes.csv
CUS_0x3c2c,ernie Woodalln,42,557-07-3973,Scientist,1/6/2023,2025-11-09,2023-06,features_attributes.csv
CUS_0x3c47,Carlynl,55,#F%$D@*&8,Media_Manager,1/6/2023,2025-11-09,2023-06,features_attributes.csv
CUS_0x3cfb,Lionelq,32,637-69-3471,_______,1/6/2023,2025-11-09,2023-06,features_attributes.csv
CUS_0x3dfe,Tomisawae,27,662-33-1324,Engineer,1/6/2023,2025-11-09,2023-06,features_attributes.csv
CUS_0x3e1f,Baldwinc,28,764-52-4960,Writer,1/6/2023,2025-11-09,2023-06,features_attributes.csv
CUS_0x3e45,Harriet McLeodd,36,414-53-2918,Entrepreneur,1/6/2023,2025-11-09,2023-06,features_attributes.csv
CUS_0x3eab,Siddhartho,33,212-10-2855,Media_Manager,1/6/2023,2025-11-09,2023-06,features_attributes.csv
CUS_0x3ebe,Emmax,35,#F%$D@*&8,Scientist,1/6/2023,2025-11-09,2023-06,features_attributes.csv
CUS_0x3ee8,Oreskovicv,26,961-11-6259,Journalist,1/6/2023,2025-11-09,2023-06,features_attributes.csv
CUS_0x3fbf,Clara Ferreira-Marquesi,15,646-12-1414,Accountant,1/6/2023,2025-11-09,2023-06,features_attributes.csv
CUS_0x4056,Frankelb,46,077-34-1491,_______,1/6/2023,2025-11-09,2023-06,features_attributes.csv
CUS_0x40c8,Deepa Seetharamanm,-500,264-82-1553,Media_Manager,1/6/2023,2025-11-09,2023-06,features_attributes.csv
CUS_0x40dc,Pedro dad,24,079-60-0557,Entrepreneur,1/6/2023,2025-11-09,2023-06,features_attributes.csv
CUS_0x40e1,Laurence Frostk,49,394-24-7342,Scientist,1/6/2023,2025-11-09,2023-06,features_attributes.csv
CUS_0x418,Richardb,32,010-49-5150,Scientist,1/6/2023,2025-11-09,2023-06,features_attributes.csv
CUS_0x4197,Noelu,24_,923-04-3411,Lawyer,1/6/2023,2025-11-09,2023-06,features_attributes.csv
CUS_0x419d,Christiaan Hetznerj,18,544-04-6202,Developer,1/6/2023,2025-11-09,2023-06,features_attributes.csv
CUS_0x41a,Carmel Crimminsy,52,397-17-7108,Entrepreneur,1/6/2023,2025-11-09,2023-06,features_attributes.csv
CUS_0x41ea,Lindaz,41,733-38-8328,Teacher,1/6/2023,2025-11-09,2023-06,features_attributes.csv
CUS_0x4237,Sven Egentern,46,846-96-5203,Developer,1/6/2023,2025-11-09,2023-06,features_attributes.csv
CUS_0x42bc,Berkrotb,32,440-19-7005,Developer,1/6/2023,2025-11-09,2023-06,features_attributes.csv
CUS_0x4375,Crest Timg,53,606-13-1030,_______,1/6/2023,2025-11-09,2023-06,features_attributes.csv
CUS_0x437c,Vidalonw,45,517-71-4654,Lawyer,1/6/2023,2025-11-09,2023-06,features_attributes.csv
CUS_0x43c2,Jonesi,43,104-50-6377,Lawyer,1/6/2023,2025-11-09,2023-06,features_attributes.csv
CUS_0x445,Anjuli Daviesh,21,667-88-2872,Media_Manager,1/6/2023,2025-11-09,2023-06,features_attributes.csv
CUS_0x446c,Krauskopfj,44,289-16-4830,Media_Manager,1/6/2023,2025-11-09,2023-06,features_attributes.csv
CUS_0x4479,Sudip Kar-Guptat,33,467-46-4226,Accountant,1/6/2023,2025-11-09,2023-06,features_attributes.csv
CUS_0x4505,Ross Kerberb,55,814-20-6857,Developer,1/6/2023,2025-11-09,2023-06,features_attributes.csv
CUS_0x4649,Jason Langeo,51,804-65-5792,Doctor,1/6/2023,2025-11-09,2023-06,features_attributes.csv
CUS_0x466e,Ernestc,24,143-82-0061,Musician,1/6/2023,2025-11-09,2023-06,features_attributes.csv
CUS_0x46c,Azharf,48,366-28-4901,Musician,1/6/2023,2025-11-09,2023-06,features_attributes.csv
CUS_0x4721,Polansekd,37,194-70-6848,Journalist,1/6/2023,2025-11-09,2023-06,features_attributes.csv
CUS_0x48ac,Zhouy,17,600-27-5779,Manager,1/6/2023,2025-11-09,2023-06,features_attributes.csv
CUS_0x4a0a,Sam Forgionee,38,358-74-4756,Architect,1/6/2023,2025-11-09,2023-06,features_attributes.csv
CUS_0x4a2b,Scottx,37_,226-58-1620,Journalist,1/6/2023,2025-11-09,2023-06,features_attributes.csv
CUS_0x4a8f,Doris Frankelm,24,021-30-1201,_______,1/6/2023,2025-11-09,2023-06,features_attributes.csv
CUS_0x4ade,Paul Taylory,47,293-07-0146,Architect,1/6/2023,2025-11-09,2023-06,features_attributes.csv
CUS_0x4ae9,Philip Pullellai,51,573-66-1824,Scientist,1/6/2023,2025-11-09,2023-06,features_attributes.csv
CUS_0x4aef,Renee Maltezouv,17,951-50-2417,Accountant,1/6/2023,2025-11-09,2023-06,features_attributes.csv
CUS_0x4bdf,Dorfmank,42,777-87-7270,Developer,1/6/2023,2025-11-09,2023-06,features_attributes.csv
CUS_0x4d25,Stempelj,35,303-85-3647,Engineer,1/6/2023,2025-11-09,2023-06,features_attributes.csv
CUS_0x4d61,Gregu,39,754-31-0999,Mechanic,1/6/2023,2025-11-09,2023-06,features_attributes.csv
CUS_0x4d6a,Mikolajczaka,30,946-77-8953,Architect,1/6/2023,2025-11-09,2023-06,features_attributes.csv
CUS_0x4e53,Eduardo Garciam,26,174-15-1334,Musician,1/6/2023,2025-11-09,2023-06,features_attributes.csv
CUS_0x4fa3,Jessica Toonkely,55,773-79-4897,Mechanic,1/6/2023,2025-11-09,2023-06,features_attributes.csv
CUS_0x4fad,Lynchf,31,699-91-8597,Architect,1/6/2023,2025-11-09,2023-06,features_attributes.csv
CUS_0x5029,Arunar,55,721-33-6721,Media_Manager,1/6/2023,2025-11-09,2023-06,features_attributes.csv
CUS_0x51c,Wilkesn,24,196-86-6440,Scientist,1/6/2023,2025-11-09,2023-06,features_attributes.csv
CUS_0x51e5,Osamun,31,001-11-0655,Teacher,1/6/2023,2025-11-09,2023-06,features_attributes.csv
CUS_0x5215,Carolinef,33,#F%$D@*&8,Musician,1/6/2023,2025-11-09,2023-06,features_attributes.csv
CUS_0x5275,Holtonq,37,931-63-4701,Manager,1/6/2023,2025-11-09,2023-06,features_attributes.csv
CUS_0x529b,Katem,32,222-81-7309,Developer,1/6/2023,2025-11-09,2023-06,features_attributes.csv
CUS_0x52b7,Supantha Mukherjeeo,-500,090-51-5624,Accountant,1/6/2023,2025-11-09,2023-06,features_attributes.csv
CUS_0x53fa,Tommyu,34,894-27-7899,Lawyer,1/6/2023,2025-11-09,2023-06,features_attributes.csv
CUS_0x54d6,ewich Poornimaq,19_,881-78-4378,Media_Manager,1/6/2023,2025-11-09,2023-06,features_attributes.csv
CUS_0x55f4,John McCranku,56,726-57-9713,Architect,1/6/2023,2025-11-09,2023-06,features_attributes.csv
CUS_0x567b,Marilynj,54,#F%$D@*&8,Manager,1/6/2023,2025-11-09,2023-06,features_attributes.csv
CUS_0x5707,Sarah McBridet,36,196-02-2984,_______,1/6/2023,2025-11-09,2023-06,features_attributes.csv
CUS_0x5929,Kazunori Takadao,38,788-65-1538,Teacher,1/6/2023,2025-11-09,2023-06,features_attributes.csv
CUS_0x598f,Langew,42,955-11-8873,Accountant,1/6/2023,2025-11-09,2023-06,features_attributes.csv
CUS_0x59a1,Matthewk,27,676-03-1319,_______,1/6/2023,2025-11-09,2023-06,features_attributes.csv
CUS_0x59a2,Robini,42,938-66-9299,Scientist,1/6/2023,2025-11-09,2023-06,features_attributes.csv
CUS_0x5a77,Alistairf,43,234-41-6154,Lawyer,1/6/2023,2025-11-09,2023-06,features_attributes.csv
CUS_0x5ae1,Emmottk,43,393-43-4214,_______,1/6/2023,2025-11-09,2023-06,features_attributes.csv
CUS_0x5b92,Stempell,52,864-15-7291,Doctor,1/6/2023,2025-11-09,2023-06,features_attributes.csv
CUS_0x5c2,Shalal-Esak,5645,554-33-7055,Developer,1/6/2023,2025-11-09,2023-06,features_attributes.csv
CUS_0x5c3c,Seetharamanz,40,506-31-5199,Mechanic,1/6/2023,2025-11-09,2023-06,features_attributes.csv
CUS_0x5c3f,Sineada,21,790-28-8312,Journalist,1/6/2023,2025-11-09,2023-06,features_attributes.csv
CUS_0x5c7a,Deepa Seetharamanv,33,736-82-6054,Doctor,1/6/2023,2025-11-09,2023-06,features_attributes.csv
CUS_0x5ca1,Ayesha Rascoev,36,678-30-7197,Engineer,1/6/2023,2025-11-09,2023-06,features_attributes.csv
CUS_0x5cc0,Victoria Bryans,18,686-28-4038,Architect,1/6/2023,2025-11-09,2023-06,features_attributes.csv
CUS_0x5cdb,Barta,37,358-85-5659,Lawyer,1/6/2023,2025-11-09,2023-06,features_attributes.csv
CUS_0x5d0b,ram,17,541-85-9649,Lawyer,1/6/2023,2025-11-09,2023-06,features_attributes.csv
CUS_0x5d50,Tricias,34,560-98-6722,_______,1/6/2023,2025-11-09,2023-06,features_attributes.csv
CUS_0x5de6,Paul Carrelg,56,797-52-4322,Media_Manager,1/6/2023,2025-11-09,2023-06,features_attributes.csv
CUS_0x5e3d,Tom Polanseka,38,839-54-5661,Musician,1/6/2023,2025-11-09,2023-06,features_attributes.csv
CUS_0x5e56,Leed,52,127-75-1934,_______,1/6/2023,2025-11-09,2023-06,features_attributes.csv
CUS_0x5e96,Charles Abbotth,45,502-14-1939,_______,1/6/2023,2025-11-09,2023-06,features_attributes.csv
CUS_0x5ece,Aruna Viswanathaz,56,598-13-8979,Teacher,1/6/2023,2025-11-09,2023-06,features_attributes.csv
CUS_0x5ecf,Timm,17,045-82-9696,Lawyer,1/6/2023,2025-11-09,2023-06,features_attributes.csv
CUS_0x603a,Peter Maushageng,34,042-56-4117,Doctor,1/6/2023,2025-11-09,2023-06,features_attributes.csv
CUS_0x60e8,Tom Billj,18,#F%$D@*&8,Musician,1/6/2023,2025-11-09,2023-06,features_attributes.csv
CUS_0x61e4,Theopolis Watersv,24,864-67-1749,Musician,1/6/2023,2025-11-09,2023-06,features_attributes.csv
CUS_0x62be,Andrew Sternu,26,218-41-6483,Media_Manager,1/6/2023,2025-11-09,2023-06,features_attributes.csv
CUS_0x62e4,Nigel Daviesy,55,336-90-0523,Mechanic,1/6/2023,2025-11-09,2023-06,features_attributes.csv
CUS_0x632c,Soyoungo,22,695-04-7340,Media_Manager,1/6/2023,2025-11-09,2023-06,features_attributes.csv
CUS_0x6440,N.q,40,924-60-9151,Lawyer,1/6/2023,2025-11-09,2023-06,features_attributes.csv
CUS_0x644e,Jasonu,43,#F%$D@*&8,Writer,1/6/2023,2025-11-09,2023-06,features_attributes.csv
CUS_0x649d,Alice Baghdjiank,23,792-87-7976,Architect,1/6/2023,2025-11-09,2023-06,features_attributes.csv
CUS_0x64c8,Langex,24,451-53-6179,Manager,1/6/2023,2025-11-09,2023-06,features_attributes.csv
CUS_0x6514,Gonzalezf,32,007-68-4311,Media_Manager,1/6/2023,2025-11-09,2023-06,features_attributes.csv
CUS_0x6549,Toonkeln,19,905-95-5824,Mechanic,1/6/2023,2025-11-09,2023-06,features_attributes.csv
CUS_0x663b,Tim McLaughlinz,36,655-70-2468,Architect,1/6/2023,2025-11-09,2023-06,features_attributes.csv
CUS_0x663e,Alperw,39,594-04-1648,Musician,1/6/2023,2025-11-09,2023-06,features_attributes.csv
CUS_0x6733,Carlos Ruanol,44,287-90-6751,Developer,1/6/2023,2025-11-09,2023-06,features_attributes.csv
CUS_0x67eb,Elzio Barretok,55,241-12-4540,Developer,1/6/2023,2025-11-09,2023-06,features_attributes.csv
CUS_0x689e,Miyoung Kimg,51,099-47-9822,Developer,1/6/2023,2025-11-09,2023-06,features_attributes.csv
CUS_0x68b5,Deepa Babingtont,32,112-61-4889,Journalist,1/6/2023,2025-11-09,2023-06,features_attributes.csv
CUS_0x68cb,Joseph Lichtermane,19,650-66-0190,Developer,1/6/2023,2025-11-09,2023-06,features_attributes.csv
CUS_0x68cf,Youngu,28,008-60-9208,Developer,1/6/2023,2025-11-09,2023-06,features_attributes.csv
CUS_0x68ee,Leahd,49,599-79-8361,Accountant,1/6/2023,2025-11-09,2023-06,features_attributes.csv
CUS_0x6902,Alexei Oreskovich,4351,845-47-0164,Writer,1/6/2023,2025-11-09,2023-06,features_attributes.csv
CUS_0x6968,Caroline Humerq,52,323-77-7209,Teacher,1/6/2023,2025-11-09,2023-06,features_attributes.csv
CUS_0x6983,David Henryu,52,#F%$D@*&8,Architect,1/6/2023,2025-11-09,2023-06,features_attributes.csv
CUS_0x69b1,Wohlo,55,467-20-6340,Mechanic,1/6/2023,2025-11-09,2023-06,features_attributes.csv
CUS_0x69d9,Triciae,41,445-53-7249,Lawyer,1/6/2023,2025-11-09,2023-06,features_attributes.csv
CUS_0x69f3,Harryh,22,297-20-4230,Engineer,1/6/2023,2025-11-09,2023-06,features_attributes.csv
CUS_0x6ad2,Robin Emmottq,40,025-76-6023,Media_Manager,1/6/2023,2025-11-09,2023-06,features_attributes.csv
CUS_0x6b24,Neil Maidmentb,39,215-10-3907,Lawyer,1/6/2023,2025-11-09,2023-06,features_attributes.csv
CUS_0x6b50,Janq,53,185-98-1380,Scientist,1/6/2023,2025-11-09,2023-06,features_attributes.csv
CUS_0x6b5f,Kevin Limr,30,252-01-2387,Writer,1/6/2023,2025-11-09,2023-06,features_attributes.csv
CUS_0x6bb5,Jonesb,26,261-94-4500,Architect,1/6/2023,2025-11-09,2023-06,features_attributes.csv
CUS_0x6c0f,McCools,25,#F%$D@*&8,Media_Manager,1/6/2023,2025-11-09,2023-06,features_attributes.csv
CUS_0x6c4c,Weira,47,#F%$D@*&8,Accountant,1/6/2023,2025-11-09,2023-06,features_attributes.csv
CUS_0x6c85,Taraf,22,920-99-0917,Architect,1/6/2023,2025-11-09,2023-06,features_attributes.csv
CUS_0x6c8b,Jeffsb,22,382-46-3314,Mechanic,1/6/2023,2025-11-09,2023-06,features_attributes.csv
CUS_0x6c95,Donny Kwokc,39,643-36-3270,Developer,1/6/2023,2025-11-09,2023-06,features_attributes.csv
CUS_0x6c9d,Vlastelicaw,50,856-49-0070,Engineer,1/6/2023,2025-11-09,2023-06,features_attributes.csv
CUS_0x6cc,Manuela Badawyw,39,948-41-6796,Lawyer,1/6/2023,2025-11-09,2023-06,features_attributes.csv
CUS_0x6d15,Steven C.s,45,572-76-1796,_______,1/6/2023,2025-11-09,2023-06,features_attributes.csv
CUS_0x6d28,Alisonj,39,034-49-6474,Teacher,1/6/2023,2025-11-09,2023-06,features_attributes.csv
CUS_0x6daf,Praveeng,35,603-43-0891,Journalist,1/6/2023,2025-11-09,2023-06,features_attributes.csv
CUS_0x6dc9,Noahx,15,431-16-9515,Musician,1/6/2023,2025-11-09,2023-06,features_attributes.csv
CUS_0x6dcf,Deyy,16,772-23-6177,_______,1/6/2023,2025-11-09,2023-06,features_attributes.csv
CUS_0x6e58,LaCaprag,19,040-93-1290,Journalist,1/6/2023,2025-11-09,2023-06,features_attributes.csv
CUS_0x6fd5,Kevin Krolickic,42,741-35-9886,Musician,1/6/2023,2025-11-09,2023-06,features_attributes.csv
CUS_0x6fff,Nivedita Bhattacharjeez,22,738-16-5399,Scientist,1/6/2023,2025-11-09,2023-06,features_attributes.csv
CUS_0x7051,Bartunekz,25,940-15-4402,Doctor,1/6/2023,2025-11-09,2023-06,features_attributes.csv
CUS_0x70b,Gillesp,46,729-67-4171,Entrepreneur,1/6/2023,2025-11-09,2023-06,features_attributes.csv
CUS_0x70bd,Sivak,36,051-99-1168,Lawyer,1/6/2023,2025-11-09,2023-06,features_attributes.csv
CUS_0x70d5,Lawrence Whitec,32,514-05-2202,Mechanic,1/6/2023,2025-11-09,2023-06,features_attributes.csv
CUS_0x70d6,Connorz,43,845-19-4578,Journalist,1/6/2023,2025-11-09,2023-06,features_attributes.csv
CUS_0x718a,Osamua,21,981-14-9909,Teacher,1/6/2023,2025-11-09,2023-06,features_attributes.csv
CUS_0x721,Sam Forgionem,43,618-56-4729,Scientist,1/6/2023,2025-11-09,2023-06,features_attributes.csv
CUS_0x7223,Camposd,55,053-71-7366,Musician,1/6/2023,2025-11-09,2023-06,features_attributes.csv
CUS_0x7238,Jarrya,41,185-47-7772,Teacher,1/6/2023,2025-11-09,2023-06,features_attributes.csv
CUS_0x725e,Camposu,21,064-45-0394,Journalist,1/6/2023,2025-11-09,2023-06,features_attributes.csv
CUS_0x72c1,Nated,40,516-35-5100,Accountant,1/6/2023,2025-11-09,2023-06,features_attributes.csv
CUS_0x73d9,Johnsonx,32,510-88-0974,Manager,1/6/2023,2025-11-09,2023-06,features_attributes.csv
CUS_0x73f9,Martinne Gelleru,38_,607-70-9148,Media_Manager,1/6/2023,2025-11-09,2023-06,features_attributes.csv
CUS_0x748d,Kn,19,928-66-6213,Engineer,1/6/2023,2025-11-09,2023-06,features_attributes.csv
CUS_0x74e7,Bertonn,26,171-29-0843,Doctor,1/6/2023,2025-11-09,2023-06,features_attributes.csv
CUS_0x74f7,Melanie Leen,49,501-19-1690,Architect,1/6/2023,2025-11-09,2023-06,features_attributes.csv
CUS_0x7528,Sharpb,37,932-59-3463,Engineer,1/6/2023,2025-11-09,2023-06,features_attributes.csv
CUS_0x755b,Julient,51,601-45-5485,Scientist,1/6/2023,2025-11-09,2023-06,features_attributes.csv
CUS_0x75ce,Claires,45,880-74-8342,Mechanic,1/6/2023,2025-11-09,2023-06,features_attributes.csv
CUS_0x75f0,Arunau,31,649-62-3982,Journalist,1/6/2023,2025-11-09,2023-06,features_attributes.csv
CUS_0x7633,Cremerv,21,806-84-5565,_______,1/6/2023,2025-11-09,2023-06,features_attributes.csv
CUS_0x7651,Slaterv,40,300-72-2019,Manager,1/6/2023,2025-11-09,2023-06,features_attributes.csv
CUS_0x7693,Wagnerx,40,860-60-0602,Developer,1/6/2023,2025-11-09,2023-06,features_attributes.csv
CUS_0x76d4,Stephen Aldredo,47,528-44-7056,Entrepreneur,1/6/2023,2025-11-09,2023-06,features_attributes.csv
CUS_0x76dc,Casey Sullivans,41,#F%$D@*&8,Mechanic,1/6/2023,2025-11-09,2023-06,features_attributes.csv
CUS_0x76e7,env,26,532-39-3348,Manager,1/6/2023,2025-11-09,2023-06,features_attributes.csv
CUS_0x77ca,Ricko,26,851-21-4688,Lawyer,1/6/2023,2025-11-09,2023-06,features_attributes.csv
CUS_0x783f,Barbashj,31,#F%$D@*&8,Teacher,1/6/2023,2025-11-09,2023-06,features_attributes.csv
CUS_0x7843,Oreskovicd,53,655-42-6359,Mechanic,1/6/2023,2025-11-09,2023-06,features_attributes.csv
CUS_0x789,Mihir Dalala,46,059-43-6499,Accountant,1/6/2023,2025-11-09,2023-06,features_attributes.csv
CUS_0x7899,Seetharamanf,17,606-93-6926,Entrepreneur,1/6/2023,2025-11-09,2023-06,features_attributes.csv
CUS_0x7900,Dave Clarkeb,39,156-58-9665,_______,1/6/2023,2025-11-09,2023-06,features_attributes.csv
CUS_0x7963,Greg Roumeliotisj,31,820-04-5244,Engineer,1/6/2023,2025-11-09,2023-06,features_attributes.csv
CUS_0x79c1,Cyrily,40,082-19-0271,_______,1/6/2023,2025-11-09,2023-06,features_attributes.csv
CUS_0x7a73,Jessican,45,090-60-4528,_______,1/6/2023,2025-11-09,2023-06,features_attributes.csv
CUS_0x7a79,Lefteris Papadimasv,31,475-79-0112,Manager,1/6/2023,2025-11-09,2023-06,features_attributes.csv
CUS_0x7ad7,Lawderu,44,398-13-1916,Journalist,1/6/2023,2025-11-09,2023-06,features_attributes.csv
CUS_0x7b27,Astridj,18,590-91-2232,Lawyer,1/6/2023,2025-11-09,2023-06,features_attributes.csv
CUS_0x7b66,Shaod,18,#F%$D@*&8,Writer,1/6/2023,2025-11-09,2023-06,features_attributes.csv
CUS_0x7bb2,Schnurrv,45,112-97-6129,Mechanic,1/6/2023,2025-11-09,2023-06,features_attributes.csv
CUS_0x7bf8,Philg,53,431-22-5697,_______,1/6/2023,2025-11-09,2023-06,features_attributes.csv
CUS_0x7c21,Bill Powellx,30,412-34-8666,Media_Manager,1/6/2023,2025-11-09,2023-06,features_attributes.csv
CUS_0x7cf1,Spicera,43,496-02-6838,Entrepreneur,1/6/2023,2025-11-09,2023-06,features_attributes.csv
CUS_0x7e24,Kellyx,6728,298-06-5346,Media_Manager,1/6/2023,2025-11-09,2023-06,features_attributes.csv
CUS_0x7e3a,Rj,30,263-62-1641,Architect,1/6/2023,2025-11-09,2023-06,features_attributes.csv
CUS_0x7e62,Ryan Vlastelicat,35,192-82-4192,Developer,1/6/2023,2025-11-09,2023-06,features_attributes.csv
CUS_0x7e63,Kevin Krolickig,49,926-75-5141,Mechanic,1/6/2023,2025-11-09,2023-06,features_attributes.csv
CUS_0x7e9a,Taraq,22,712-34-6888,Lawyer,1/6/2023,2025-11-09,2023-06,features_attributes.csv
CUS_0x7f46,Rickb,20,678-01-6621,Media_Manager,1/6/2023,2025-11-09,2023-06,features_attributes.csv
CUS_0x7fe9,Parkera,24,033-44-2647,Entrepreneur,1/6/2023,2025-11-09,2023-06,features_attributes.csv
CUS_0x8059,Joeq,25,824-91-5036,Developer,1/6/2023,2025-11-09,2023-06,features_attributes.csv
CUS_0x81f2,Growr,32,294-53-3416,Accountant,1/6/2023,2025-11-09,2023-06,features_attributes.csv
CUS_0x8275,Adam Jourdanh,39,035-94-7779,Accountant,1/6/2023,2025-11-09,2023-06,features_attributes.csv
CUS_0x828b,N.j,38,329-28-6277,Developer,1/6/2023,2025-11-09,2023-06,features_attributes.csv
CUS_0x8316,Krudyw,40,815-63-3344,Musician,1/6/2023,2025-11-09,2023-06,features_attributes.csv
CUS_0x8399,Catherinem,22,528-82-8771,Doctor,1/6/2023,2025-11-09,2023-06,features_attributes.csv
CUS_0x83e,Jini,14,#F%$D@*&8,Teacher,1/6/2023,2025-11-09,2023-06,features_attributes.csv
CUS_0x84a9,Edwarda,54,282-14-7531,Architect,1/6/2023,2025-11-09,2023-06,features_attributes.csv
CUS_0x84e7,Andrew Callusx,32,314-40-3453,Developer,1/6/2023,2025-11-09,2023-06,features_attributes.csv
CUS_0x85f1,Danubratau,32,734-98-5113,Teacher,1/6/2023,2025-11-09,2023-06,features_attributes.csv
CUS_0x85f4,Sn,31,771-28-2450,Developer,1/6/2023,2025-11-09,2023-06,features_attributes.csv
CUS_0x8643,Steve Slatery,34,198-08-9791,Musician,1/6/2023,2025-11-09,2023-06,features_attributes.csv
CUS_0x864c,Jan Strupczewskic,52,151-85-2282,Musician,1/6/2023,2025-11-09,2023-06,features_attributes.csv
CUS_0x869b,Jim Christiea,34,576-94-1039,Architect,1/6/2023,2025-11-09,2023-06,features_attributes.csv
CUS_0x86c5,da Costai,32,795-05-5701,Lawyer,1/6/2023,2025-11-09,2023-06,features_attributes.csv
CUS_0x86da,Jed Horowitzc,35,#F%$D@*&8,Manager,1/6/2023,2025-11-09,2023-06,features_attributes.csv
CUS_0x86fe,Robin Emmottk,32,924-65-5740,Engineer,1/6/2023,2025-11-09,2023-06,features_attributes.csv
CUS_0x8715,Chi,53,368-39-6835,Scientist,1/6/2023,2025-11-09,2023-06,features_attributes.csv
CUS_0x8749,Sei,22,185-23-0205,Journalist,1/6/2023,2025-11-09,2023-06,features_attributes.csv
CUS_0x87e7,Michaeli,39,148-41-6203,Mechanic,1/6/2023,2025-11-09,2023-06,features_attributes.csv
CUS_0x87fe,Katharinai,32,029-54-7884,Media_Manager,1/6/2023,2025-11-09,2023-06,features_attributes.csv
CUS_0x8812,Nate Raymonda,29,448-25-2178,Musician,1/6/2023,2025-11-09,2023-06,features_attributes.csv
CUS_0x881e,Oreskovich,22,813-67-6950,Media_Manager,1/6/2023,2025-11-09,2023-06,features_attributes.csv
CUS_0x884,Ayeshab,30,885-08-1367,Entrepreneur,1/6/2023,2025-11-09,2023-06,features_attributes.csv
CUS_0x88a,Raymondf,24,902-08-7981,_______,1/6/2023,2025-11-09,2023-06,features_attributes.csv
CUS_0x8945,Andy Bruceb,29,684-28-0826,_______,1/6/2023,2025-11-09,2023-06,features_attributes.csv
CUS_0x8a4b,Ilainac,52,142-99-2481,Doctor,1/6/2023,2025-11-09,2023-06,features_attributes.csv
CUS_0x8ae0,Steven C.o,28,957-46-7225,Engineer,1/6/2023,2025-11-09,2023-06,features_attributes.csv
CUS_0x8af4,Alvarengaa,26,467-59-3037,_______,1/6/2023,2025-11-09,2023-06,features_attributes.csv
CUS_0x8b0c,Ronald Groverk,4909,587-03-6623,Lawyer,1/6/2023,2025-11-09,2023-06,features_attributes.csv
CUS_0x8b6f,Holtonh,49,565-35-9153,Lawyer,1/6/2023,2025-11-09,2023-06,features_attributes.csv
CUS_0x8b8e,Andreasw,43,112-74-4889,Journalist,1/6/2023,2025-11-09,2023-06,features_attributes.csv
CUS_0x8b99,Callusj,49,578-99-4316,Mechanic,1/6/2023,2025-11-09,2023-06,features_attributes.csv
CUS_0x8c1,Wohlu,25,239-64-7596,Accountant,1/6/2023,2025-11-09,2023-06,features_attributes.csv
CUS_0x8c52,Eric Onstadx,48,974-33-1106,_______,1/6/2023,2025-11-09,2023-06,features_attributes.csv
CUS_0x8cc1,Kazunorii,43,331-24-3360,Accountant,1/6/2023,2025-11-09,2023-06,features_attributes.csv
CUS_0x8cff,Deepax,19,707-43-8184,_______,1/6/2023,2025-11-09,2023-06,features_attributes.csv
CUS_0x8e80,Brian Growj,21,032-38-0611,Mechanic,1/6/2023,2025-11-09,2023-06,features_attributes.csv
CUS_0x8e96,Stevenw,43,866-65-4918,Manager,1/6/2023,2025-11-09,2023-06,features_attributes.csv
CUS_0x8ea8,Arosioj,55,406-21-5977,Engineer,1/6/2023,2025-11-09,2023-06,features_attributes.csv
CUS_0x8f4,Jonathanp,49,884-12-2323,Developer,1/6/2023,2025-11-09,2023-06,features_attributes.csv
CUS_0x8f63,Christopher Doeringo,44,#F%$D@*&8,Doctor,1/6/2023,2025-11-09,2023-06,features_attributes.csv
CUS_0x8f6f,Michelle Sierrao,29,108-42-4223,Musician,1/6/2023,2025-11-09,2023-06,features_attributes.csv
CUS_0x8f8f,LaCapras,29,437-93-6445,Journalist,1/6/2023,2025-11-09,2023-06,features_attributes.csv
CUS_0x8f9e,Vaughanw,37,941-98-1752,Entrepreneur,1/6/2023,2025-11-09,2023-06,features_attributes.csv
CUS_0x9122,Stanley Whitei,36,975-98-6988,Engineer,1/6/2023,2025-11-09,2023-06,features_attributes.csv
CUS_0x913a,Marc Jonesu,53,941-51-2438,_______,1/6/2023,2025-11-09,2023-06,features_attributes.csv
CUS_0x913e,Nia Williamsx,53,859-57-0091,Scientist,1/6/2023,2025-11-09,2023-06,features_attributes.csv
CUS_0x919b,David Henryf,32_,613-58-8505,Entrepreneur,1/6/2023,2025-11-09,2023-06,features_attributes.csv
CUS_0x9268,Tarmof,29_,074-45-3630,Lawyer,1/6/2023,2025-11-09,2023-06,features_attributes.csv
CUS_0x927d,Leongh,37,387-28-6212,Media_Manager,1/6/2023,2025-11-09,2023-06,features_attributes.csv
CUS_0x92c6,Scuffhamc,15,010-56-2501,Mechanic,1/6/2023,2025-11-09,2023-06,features_attributes.csv
CUS_0x92ec,Matt Smithp,23,538-01-3643,Manager,1/6/2023,2025-11-09,2023-06,features_attributes.csv
CUS_0x92f8,Ryano,22,229-01-4348,Teacher,1/6/2023,2025-11-09,2023-06,features_attributes.csv
CUS_0x9386,Martinnez,27,525-31-6938,_______,1/6/2023,2025-11-09,2023-06,features_attributes.csv
CUS_0x9398,Caroline Valetkevitchn,54,426-87-7817,Scientist,1/6/2023,2025-11-09,2023-06,features_attributes.csv
CUS_0x93af,Ryan Vlastelicae,20,633-97-0538,Doctor,1/6/2023,2025-11-09,2023-06,features_attributes.csv
CUS_0x947b,Paritosh Bansalo,26,421-90-5640,Teacher,1/6/2023,2025-11-09,2023-06,features_attributes.csv
CUS_0x94ac,Cabler,35,960-78-7883,Writer,1/6/2023,2025-11-09,2023-06,features_attributes.csv
CUS_0x94e1,Stanley Whiteg,23,370-39-7588,Scientist,1/6/2023,2025-11-09,2023-06,features_attributes.csv
CUS_0x9520,Aruna Viswanathau,23,927-06-6848,Engineer,1/6/2023,2025-11-09,2023-06,features_attributes.csv
CUS_0x9536,Sabar,41,782-09-5812,Manager,1/6/2023,2025-11-09,2023-06,features_attributes.csv
CUS_0x9553,Annaz,46,848-79-4549,Media_Manager,1/6/2023,2025-11-09,2023-06,features_attributes.csv
CUS_0x955d,Danield,19,388-86-0082,Scientist,1/6/2023,2025-11-09,2023-06,features_attributes.csv
CUS_0x956b,Maria Ajitm,40,775-64-4038,Teacher,1/6/2023,2025-11-09,2023-06,features_attributes.csv
CUS_0x958b,J.f,41,776-67-3495,Accountant,1/6/2023,2025-11-09,2023-06,features_attributes.csv
CUS_0x95a1,Alexj,33,098-86-1902,Scientist,1/6/2023,2025-11-09,2023-06,features_attributes.csv
CUS_0x95d0,Ingramz,24,412-45-1812,Manager,1/6/2023,2025-11-09,2023-06,features_attributes.csv
CUS_0x9680,Nick Zieminskiw,27,049-07-6085,Teacher,1/6/2023,2025-11-09,2023-06,features_attributes.csv
CUS_0x96c,Vidya Ranganathanz,17,339-26-3192,Scientist,1/6/2023,2025-11-09,2023-06,features_attributes.csv
CUS_0x96de,Lucia Mutikania,31,579-77-5566,Journalist,1/6/2023,2025-11-09,2023-06,features_attributes.csv
CUS_0x96f7,Freifeldu,43,531-78-9628,Lawyer,1/6/2023,2025-11-09,2023-06,features_attributes.csv
CUS_0x974,Kambasi,42,063-51-6871,Teacher,1/6/2023,2025-11-09,2023-06,features_attributes.csv
CUS_0x974a,Bosleyg,29,372-05-2038,Musician,1/6/2023,2025-11-09,2023-06,features_attributes.csv
CUS_0x97a2,Qingh,28,836-69-1161,Mechanic,1/6/2023,2025-11-09,2023-06,features_attributes.csv
CUS_0x97d,Markm,35,004-06-1187,Accountant,1/6/2023,2025-11-09,2023-06,features_attributes.csv
CUS_0x985e,David Jonesm,23,207-73-2763,Doctor,1/6/2023,2025-11-09,2023-06,features_attributes.csv
CUS_0x9867,Nishantz,32,#F%$D@*&8,Architect,1/6/2023,2025-11-09,2023-06,features_attributes.csv
CUS_0x98c2,Stampp,37,457-88-9588,Developer,1/6/2023,2025-11-09,2023-06,features_attributes.csv
CUS_0x98e3,Annika Breidthardts,46,785-61-7804,Manager,1/6/2023,2025-11-09,2023-06,features_attributes.csv
CUS_0x9903,Patricku,20,015-52-4404,Manager,1/6/2023,2025-11-09,2023-06,features_attributes.csv
CUS_0x9939,Slateru,21,355-95-2912,Media_Manager,1/6/2023,2025-11-09,2023-06,features_attributes.csv
CUS_0x9ad,David Sheppardx,21,692-76-3442,Lawyer,1/6/2023,2025-11-09,2023-06,features_attributes.csv
CUS_0x9b12,Weirm,32,846-71-4710,Teacher,1/6/2023,2025-11-09,2023-06,features_attributes.csv
CUS_0x9bb9,Olivia Oranl,33,277-64-6981,Entrepreneur,1/6/2023,2025-11-09,2023-06,features_attributes.csv
CUS_0x9d77,Deepa Seetharamans,15,258-59-7020,Media_Manager,1/6/2023,2025-11-09,2023-06,features_attributes.csv
CUS_0x9d78,Tim Hepherp,21,423-77-6457,Scientist,1/6/2023,2025-11-09,2023-06,features_attributes.csv
CUS_0x9daa,Felsenthalg,52_,789-15-7049,Entrepreneur,1/6/2023,2025-11-09,2023-06,features_attributes.csv
CUS_0x9db8,Ablann,34_,#F%$D@*&8,Lawyer,1/6/2023,2025-11-09,2023-06,features_attributes.csv
CUS_0x9dfc,Paul Taylorf,23,445-96-0982,Mechanic,1/6/2023,2025-11-09,2023-06,features_attributes.csv
CUS_0x9e3b,Caroline Valetkevitchh,20,477-46-8860,Writer,1/6/2023,2025-11-09,2023-06,features_attributes.csv
CUS_0x9e9d,Stonestreetm,41,904-32-3540,Developer,1/6/2023,2025-11-09,2023-06,features_attributes.csv
CUS_0x9f70,Michelley,45,147-76-6929,Entrepreneur,1/6/2023,2025-11-09,2023-06,features_attributes.csv
CUS_0x9f7e,Michael Ermani,31,541-63-9508,Journalist,1/6/2023,2025-11-09,2023-06,features_attributes.csv
CUS_0x9f9,Vaughanl,21,105-99-5206,Media_Manager,1/6/2023,2025-11-09,2023-06,features_attributes.csv
CUS_0xa01f,Aquinov,30,674-35-4435,Mechanic,1/6/2023,2025-11-09,2023-06,features_attributes.csv
CUS_0xa024,Alex rax,47,#F%$D@*&8,Lawyer,1/6/2023,2025-11-09,2023-06,features_attributes.csv
CUS_0xa055,Laurenp,31,957-89-9722,Accountant,1/6/2023,2025-11-09,2023-06,features_attributes.csv
CUS_0xa0a5,Lisae,35,967-93-4076,Manager,1/6/2023,2025-11-09,2023-06,features_attributes.csv
CUS_0xa0eb,Padraic Halpina,40,284-62-1369,Manager,1/6/2023,2025-11-09,2023-06,features_attributes.csv
CUS_0xa201,Busvinea,22,926-53-0959,Scientist,1/6/2023,2025-11-09,2023-06,features_attributes.csv
CUS_0xa24a,Natec,44_,752-76-8237,Developer,1/6/2023,2025-11-09,2023-06,features_attributes.csv
CUS_0xa2a7,Emmaw,16,933-76-2305,Architect,1/6/2023,2025-11-09,2023-06,features_attributes.csv
CUS_0xa2e5,Mukherjeee,49,600-39-8541,Entrepreneur,1/6/2023,2025-11-09,2023-06,features_attributes.csv
CUS_0xa2f8,Rb,50,219-21-7724,Accountant,1/6/2023,2025-11-09,2023-06,features_attributes.csv
CUS_0xa31b,Ritsukok,30,167-32-9860,Architect,1/6/2023,2025-11-09,2023-06,features_attributes.csv
CUS_0xa328,Jason Langes,38,783-16-3895,Accountant,1/6/2023,2025-11-09,2023-06,features_attributes.csv
CUS_0xa405,Bruce Nicholsn,24,456-97-3772,Journalist,1/6/2023,2025-11-09,2023-06,features_attributes.csv
CUS_0xa41f,Rachelled,27,022-35-8575,Scientist,1/6/2023,2025-11-09,2023-06,features_attributes.csv
CUS_0xa499,Aditi Shrivastavad,39,467-18-2266,Doctor,1/6/2023,2025-11-09,2023-06,features_attributes.csv
CUS_0xa520,Toniw,36,861-14-7221,Musician,1/6/2023,2025-11-09,2023-06,features_attributes.csv
CUS_0xa66,Browno,19,889-69-4208,Manager,1/6/2023,2025-11-09,2023-06,features_attributes.csv
CUS_0xa6c6,Albertow,30,114-05-6534,Mechanic,1/6/2023,2025-11-09,2023-06,features_attributes.csv
CUS_0xa71a,ernardot,33,999-84-9578,Teacher,1/6/2023,2025-11-09,2023-06,features_attributes.csv
CUS_0xa751,Karunakarq,31,694-90-3548,Entrepreneur,1/6/2023,2025-11-09,2023-06,features_attributes.csv
CUS_0xa7ab,Dyes,23,307-59-3845,Teacher,1/6/2023,2025-11-09,2023-06,features_attributes.csv
CUS_0xa7b6,Al-Khalidiu,36,714-91-2569,Writer,1/6/2023,2025-11-09,2023-06,features_attributes.csv
CUS_0xa7cd,Anna Yukhananovt,48,753-72-5171,Media_Manager,1/6/2023,2025-11-09,2023-06,features_attributes.csv
CUS_0xa843,Siva Govindasamyx,7279,#F%$D@*&8,Writer,1/6/2023,2025-11-09,2023-06,features_attributes.csv
CUS_0xa865,Kotokys,24,720-01-6332,Writer,1/6/2023,2025-11-09,2023-06,features_attributes.csv
CUS_0xa86b,Woodalle,46_,568-23-0854,Lawyer,1/6/2023,2025-11-09,2023-06,features_attributes.csv
CUS_0xa88,"\"Johnj",41,#F%$D@*&8,Writer,1/6/2023,2025-11-09,2023-06,features_attributes.csv
CUS_0xa93b,Herbert Lashf,42,831-44-6626,Media_Manager,1/6/2023,2025-11-09,2023-06,features_attributes.csv
CUS_0xaa8c,Dayi,24,308-59-4171,Doctor,1/6/2023,2025-11-09,2023-06,features_attributes.csv
CUS_0xaaaf,Silvia Aloisiz,34,246-53-8379,Mechanic,1/6/2023,2025-11-09,2023-06,features_attributes.csv
CUS_0xab80,Wayneo,43,448-19-2628,Scientist,1/6/2023,2025-11-09,2023-06,features_attributes.csv
CUS_0xac0d,McCoolp,46,535-45-2296,Scientist,1/6/2023,2025-11-09,2023-06,features_attributes.csv
CUS_0xacf,Rachellee,27,458-25-2966,Writer,1/6/2023,2025-11-09,2023-06,features_attributes.csv
CUS_0xad19,Suvashreem,21,851-02-3436,Teacher,1/6/2023,2025-11-09,2023-06,features_attributes.csv
CUS_0xae07,Maloneh,47,495-04-7396,Teacher,1/6/2023,2025-11-09,2023-06,features_attributes.csv
CUS_0xae0a,Rodrigoz,26_,662-79-7638,Manager,1/6/2023,2025-11-09,2023-06,features_attributes.csv
CUS_0xae54,Steve Slaterw,29,078-25-0166,Musician,1/6/2023,2025-11-09,2023-06,features_attributes.csv
CUS_0xaec,Stephenk,37,277-16-4620,Lawyer,1/6/2023,2025-11-09,2023-06,features_attributes.csv
CUS_0xaed6,Lucyw,45,768-75-7275,Lawyer,1/6/2023,2025-11-09,2023-06,features_attributes.csv
CUS_0xaf3b,Lynchi,17,550-07-9471,Lawyer,1/6/2023,2025-11-09,2023-06,features_attributes.csv
CUS_0xaf7d,Estelle Shirbonb,54,540-49-8635,_______,1/6/2023,2025-11-09,2023-06,features_attributes.csv
CUS_0xafd5,Christiaang,28,251-25-8151,Writer,1/6/2023,2025-11-09,2023-06,features_attributes.csv
CUS_0xb030,enc,28_,415-02-1996,Journalist,1/6/2023,2025-11-09,2023-06,features_attributes.csv
CUS_0xb0a3,Axz,46,065-92-0111,Teacher,1/6/2023,2025-11-09,2023-06,features_attributes.csv
CUS_0xb0e,Rickf,27,703-91-7899,Scientist,1/6/2023,2025-11-09,2023-06,features_attributes.csv
CUS_0xb15c,Deepa Seetharamanq,33,223-57-2183,Accountant,1/6/2023,2025-11-09,2023-06,features_attributes.csv
CUS_0xb168,Goncalvesi,55,542-45-6915,Accountant,1/6/2023,2025-11-09,2023-06,features_attributes.csv
CUS_0xb173,Edwardu,42,275-33-2317,Developer,1/6/2023,2025-11-09,2023-06,features_attributes.csv
CUS_0xb17e,Samuel Shenj,51_,180-32-2217,Mechanic,1/6/2023,2025-11-09,2023-06,features_attributes.csv
CUS_0xb196,Levinem,50_,160-70-2253,Media_Manager,1/6/2023,2025-11-09,2023-06,features_attributes.csv
CUS_0xb1a2,Lee Chyeni,20,#F%$D@*&8,Entrepreneur,1/6/2023,2025-11-09,2023-06,features_attributes.csv
CUS_0xb1e8,Nate Raymondw,25,401-41-0715,_______,1/6/2023,2025-11-09,2023-06,features_attributes.csv
CUS_0xb201,John Ruwitchu,35,808-53-9641,Doctor,1/6/2023,2025-11-09,2023-06,features_attributes.csv
CUS_0xb22f,Prashantr,25,415-57-3149,Writer,1/6/2023,2025-11-09,2023-06,features_attributes.csv
CUS_0xb240,Bakerz,55,855-05-8443,Writer,1/6/2023,2025-11-09,2023-06,features_attributes.csv
CUS_0xb29a,Danp,32,996-84-2540,Writer,1/6/2023,2025-11-09,2023-06,features_attributes.csv
CUS_0xb362,Katyat,25,374-08-5763,Writer,1/6/2023,2025-11-09,2023-06,features_attributes.csv
CUS_0xb374,enu,32,946-08-9738,_______,1/6/2023,2025-11-09,2023-06,features_attributes.csv
CUS_0xb38f,Koh Guib,34,076-83-7903,_______,1/6/2023,2025-11-09,2023-06,features_attributes.csv
CUS_0xb395,Richardi,50,355-24-5947,Entrepreneur,1/6/2023,2025-11-09,2023-06,features_attributes.csv
CUS_0xb461,Whitemana,42,981-15-5977,Teacher,1/6/2023,2025-11-09,2023-06,features_attributes.csv
CUS_0xb503,Karen Jacobso,49,098-15-1551,Engineer,1/6/2023,2025-11-09,2023-06,features_attributes.csv
CUS_0xb52f,Desain,43,764-12-4443,Accountant,1/6/2023,2025-11-09,2023-06,features_attributes.csv
CUS_0xb5b5,Robj,32,875-86-2440,Media_Manager,1/6/2023,2025-11-09,2023-06,features_attributes.csv
CUS_0xb5be,Marianna Parragaw,30,760-98-9558,Accountant,1/6/2023,2025-11-09,2023-06,features_attributes.csv
CUS_0xb5e3,Schererc,27,172-01-0082,Musician,1/6/2023,2025-11-09,2023-06,features_attributes.csv
CUS_0xb699,Hornbym,20,193-03-2866,Teacher,1/6/2023,2025-11-09,2023-06,features_attributes.csv
CUS_0xb6a5,Moonu,20,986-22-2853,Architect,1/6/2023,2025-11-09,2023-06,features_attributes.csv
CUS_0xb7c3,Hoyto,36,731-11-7245,Musician,1/6/2023,2025-11-09,2023-06,features_attributes.csv
CUS_0xb7e2,Wohld,34,778-42-7488,Media_Manager,1/6/2023,2025-11-09,2023-06,features_attributes.csv
CUS_0xb814,Stuart Grudgingst,21,348-46-6179,Teacher,1/6/2023,2025-11-09,2023-06,features_attributes.csv
CUS_0xb888,Frank Jackb,37,922-43-4216,Engineer,1/6/2023,2025-11-09,2023-06,features_attributes.csv
CUS_0xb8b6,Norihiko Shirouzue,45,988-47-8072,Engineer,1/6/2023,2025-11-09,2023-06,features_attributes.csv
CUS_0xb8f4,Stephen Eisenhammerl,41_,359-27-6721,Mechanic,1/6/2023,2025-11-09,2023-06,features_attributes.csv
CUS_0xb8f6,Melp,45,367-94-5147,_______,1/6/2023,2025-11-09,2023-06,features_attributes.csv
CUS_0xba0b,Leah Schnurro,34,165-76-8590,Accountant,1/6/2023,2025-11-09,2023-06,features_attributes.csv
CUS_0xba16,Lionel Laurentw,35,642-83-9938,Teacher,1/6/2023,2025-11-09,2023-06,features_attributes.csv
CUS_0xba7e,Andy Brucep,23,455-30-1650,Musician,1/6/2023,2025-11-09,2023-06,features_attributes.csv
CUS_0xba93,Jessicam,27,616-90-1633,Entrepreneur,1/6/2023,2025-11-09,2023-06,features_attributes.csv
CUS_0xbaa6,Gauntp,24,062-43-3431,Architect,1/6/2023,2025-11-09,2023-06,features_attributes.csv
CUS_0xbaee,Karen Freifelds,41,015-50-7138,Journalist,1/6/2023,2025-11-09,2023-06,features_attributes.csv
CUS_0xbb21,Lionel Laurentz,36,963-73-5879,Doctor,1/6/2023,2025-11-09,2023-06,features_attributes.csv
CUS_0xbb7e,Allison Martellz,-500,567-05-3763,Doctor,1/6/2023,2025-11-09,2023-06,features_attributes.csv
CUS_0xbce0,Ingwersenm,21,559-50-3448,Journalist,1/6/2023,2025-11-09,2023-06,features_attributes.csv
CUS_0xbcfe,Sujatak,52,660-58-6561,Lawyer,1/6/2023,2025-11-09,2023-06,features_attributes.csv
CUS_0xbd08,Andrea Shalal-Esag,40,605-66-3118,Journalist,1/6/2023,2025-11-09,2023-06,features_attributes.csv
CUS_0xbd11,Davidx,36,843-26-6643,Doctor,1/6/2023,2025-11-09,2023-06,features_attributes.csv
CUS_0xbd59,Kar-Guptav,50,436-61-5981,Teacher,1/6/2023,2025-11-09,2023-06,features_attributes.csv
CUS_0xbdcf,Michael Ermany,41,737-15-2835,Accountant,1/6/2023,2025-11-09,2023-06,features_attributes.csv
CUS_0xbe65,Stevex,20,753-55-9124,Entrepreneur,1/6/2023,2025-11-09,2023-06,features_attributes.csv
CUS_0xbfa1,Doug Palmere,51,576-86-0832,Architect,1/6/2023,2025-11-09,2023-06,features_attributes.csv
CUS_0xbfa9,Jani,36_,178-06-3359,_______,1/6/2023,2025-11-09,2023-06,features_attributes.csv
CUS_0xbfbc,Frostn,35,429-04-9751,Architect,1/6/2023,2025-11-09,2023-06,features_attributes.csv
CUS_0xc02f,Lisac,22,603-89-2856,_______,1/6/2023,2025-11-09,2023-06,features_attributes.csv
CUS_0xc062,Kevinj,55_,856-61-9232,Writer,1/6/2023,2025-11-09,2023-06,features_attributes.csv
CUS_0xc0b7,Karen Freifeldv,26_,883-70-7074,Developer,1/6/2023,2025-11-09,2023-06,features_attributes.csv
CUS_0xc173,Jonathan Saulu,34,419-53-1975,Lawyer,1/6/2023,2025-11-09,2023-06,features_attributes.csv
CUS_0xc1bb,Victoria Bryanx,26,859-83-6342,Doctor,1/6/2023,2025-11-09,2023-06,features_attributes.csv
CUS_0xc1c9,Jessica Toonkelx,46,085-10-1065,Architect,1/6/2023,2025-11-09,2023-06,features_attributes.csv
CUS_0xc2a1,David Fogartyn,38,940-39-9470,Engineer,1/6/2023,2025-11-09,2023-06,features_attributes.csv
CUS_0xc2c0,Langef,-500,498-38-6425,Manager,1/6/2023,2025-11-09,2023-06,features_attributes.csv
CUS_0xc323,Raymondu,33,568-14-9758,Manager,1/6/2023,2025-11-09,2023-06,features_attributes.csv
CUS_0xc356,Alex erq,21,030-69-1962,Mechanic,1/6/2023,2025-11-09,2023-06,features_attributes.csv
CUS_0xc37,Carolineu,36,391-43-5750,Musician,1/6/2023,2025-11-09,2023-06,features_attributes.csv
CUS_0xc38f,Ahmanns,38,324-29-0824,Scientist,1/6/2023,2025-11-09,2023-06,features_attributes.csv
CUS_0xc3c7,Tetsushi Kajimotoq,24,278-45-8598,Entrepreneur,1/6/2023,2025-11-09,2023-06,features_attributes.csv
CUS_0xc56b,Ann Saphirq,22,175-96-1739,Musician,1/6/2023,2025-11-09,2023-06,features_attributes.csv
CUS_0xc59f,Cowanh,18,288-64-1513,Engineer,1/6/2023,2025-11-09,2023-06,features_attributes.csv
CUS_0xc65a,", e",45,867-19-1382,Media_Manager,1/6/2023,2025-11-09,2023-06,features_attributes.csv
CUS_0xc6dd,Hutchisonj,28,158-71-6199,Entrepreneur,1/6/2023,2025-11-09,2023-06,features_attributes.csv
CUS_0xc726,Davidm,-500,080-31-4274,Journalist,1/6/2023,2025-11-09,2023-06,features_attributes.csv
CUS_0xcad,Nate Raymondq,8628,651-50-4567,Manager,1/6/2023,2025-11-09,2023-06,features_attributes.csv
CUS_0xccc,Costav,25,467-79-3610,Doctor,1/6/2023,2025-11-09,2023-06,features_attributes.csv
CUS_0xd22,Poornima Guptao,27,979-91-3445,Engineer,1/6/2023,2025-11-09,2023-06,features_attributes.csv
CUS_0xd51,Leelaq,19,619-18-6998,Journalist,1/6/2023,2025-11-09,2023-06,features_attributes.csv
CUS_0xd83,Rie Ishigurot,-500,214-39-6385,Lawyer,1/6/2023,2025-11-09,2023-06,features_attributes.csv
CUS_0xda6,Deyf,29,719-64-1889,Manager,1/6/2023,2025-11-09,2023-06,features_attributes.csv
CUS_0xdac,Hlag,34,771-98-9835,Scientist,1/6/2023,2025-11-09,2023-06,features_attributes.csv
CUS_0xdca,Aruna Viswanathaa,51,274-16-1463,Manager,1/6/2023,2025-11-09,2023-06,features_attributes.csv
CUS_0xde6,Melanie Leer,55,392-06-4039,Engineer,1/6/2023,2025-11-09,2023-06,features_attributes.csv
CUS_0xe2c,Andreasc,38,#F%$D@*&8,Journalist,1/6/2023,2025-11-09,2023-06,features_attributes.csv
CUS_0xe4f,Jason Langeg,52,015-79-4469,Teacher,1/6/2023,2025-11-09,2023-06,features_attributes.csv
CUS_0xebe,Sarah N.y,38,927-90-3768,Journalist,1/6/2023,2025-11-09,2023-06,features_attributes.csv
CUS_0xf30,Hornbyb,29,#F%$D@*&8,Journalist,1/6/2023,2025-11-09,2023-06,features_attributes.csv
CUS_0xf59,Huntt,22,008-37-9819,Doctor,1/6/2023,2025-11-09,2023-06,features_attributes.csv
CUS_0xfbd,Scott Malonek,39,208-16-6908,Manager,1/6/2023,2025-11-09,2023-06,features_attributes.csv
CUS_0xfe5,Patrickt,38,138-97-1797,Doctor,1/6/2023,2025-11-09,2023-06,features_attributes.csv
