Customer_ID,Name,Age,SSN,Occupation,snapshot_date,ingest_dt,snap_ym,source_file
CUS_0x10dd,Praveen Menonq,25,907-60-4113,Teacher,1/6/2024,2025-11-09,2024-06,features_attributes.csv
CUS_0x1109,Karen Freifeldf,43,410-39-6091,Lawyer,1/6/2024,2025-11-09,2024-06,features_attributes.csv
CUS_0x1286,David Alexo,813,456-37-9366,Entrepreneur,1/6/2024,2025-11-09,2024-06,features_attributes.csv
CUS_0x12a8,Baertleine,44,036-08-3232,Doctor,1/6/2024,2025-11-09,2024-06,features_attributes.csv
CUS_0x1309,Mirnaw,51,691-12-6696,Writer,1/6/2024,2025-11-09,2024-06,features_attributes.csv
CUS_0x13f8,Pedrob,19,124-54-4852,Mechanic,1/6/2024,2025-11-09,2024-06,features_attributes.csv
CUS_0x1472,Chiangx,38,144-90-7708,Entrepreneur,1/6/2024,2025-11-09,2024-06,features_attributes.csv
CUS_0x15a3,McCrankd,31,174-73-2790,Mechanic,1/6/2024,2025-11-09,2024-06,features_attributes.csv
CUS_0x15f4,Barrh,17,858-25-8047,Developer,1/6/2024,2025-11-09,2024-06,features_attributes.csv
CUS_0x15f8,Sonali Paulv,37,979-81-8610,Developer,1/6/2024,2025-11-09,2024-06,features_attributes.csv
CUS_0x1640,Josephine Masonl,28,386-11-7632,Teacher,1/6/2024,2025-11-09,2024-06,features_attributes.csv
CUS_0x1699,Sabam,29,916-34-3895,Lawyer,1/6/2024,2025-11-09,2024-06,features_attributes.csv
CUS_0x16b1,illy Cheungd,36,#F%$D@*&8,_______,1/6/2024,2025-11-09,2024-06,features_attributes.csv
CUS_0x16c4,Marjag,17,365-26-7399,Mechanic,1/6/2024,2025-11-09,2024-06,features_attributes.csv
CUS_0x16d5,Wohlo,32,434-00-3122,Mechanic,1/6/2024,2025-11-09,2024-06,features_attributes.csv
CUS_0x172d,Carrelx,39,587-57-4370,Musician,1/6/2024,2025-11-09,2024-06,features_attributes.csv
CUS_0x1743,Terryh,23,005-76-5155,Mechanic,1/6/2024,2025-11-09,2024-06,features_attributes.csv
CUS_0x17e9,Shirouzuj,42,616-94-7076,Accountant,1/6/2024,2025-11-09,2024-06,features_attributes.csv
CUS_0x17f3,Ronald Groverk,39,033-08-6622,Manager,1/6/2024,2025-11-09,2024-06,features_attributes.csv
CUS_0x180f,Kareng,29,568-54-3190,_______,1/6/2024,2025-11-09,2024-06,features_attributes.csv
CUS_0x18ab,Huw Jonesb,20,023-12-4309,Musician,1/6/2024,2025-11-09,2024-06,features_attributes.csv
CUS_0x18e8,Sabrinaq,32,961-57-1916,Lawyer,1/6/2024,2025-11-09,2024-06,features_attributes.csv
CUS_0x1a4b,Denis Pinchuke,23,490-54-0863,Doctor,1/6/2024,2025-11-09,2024-06,features_attributes.csv
CUS_0x1a9f,Carolinen,16,391-61-3109,Writer,1/6/2024,2025-11-09,2024-06,features_attributes.csv
CUS_0x1b0a,Alexei Oreskovicl,35,777-41-6594,Writer,1/6/2024,2025-11-09,2024-06,features_attributes.csv
CUS_0x1b88,Oreskovicy,23,137-52-4360,Architect,1/6/2024,2025-11-09,2024-06,features_attributes.csv
CUS_0x1b8a,Ryanu,33,577-72-6050,_______,1/6/2024,2025-11-09,2024-06,features_attributes.csv
CUS_0x1d51,Bena,49,782-33-0423,Developer,1/6/2024,2025-11-09,2024-06,features_attributes.csv
CUS_0x1f00,Burtond,22,192-14-0956,Developer,1/6/2024,2025-11-09,2024-06,features_attributes.csv
CUS_0x1f33,Lesley Wroughtonp,15,183-30-3638,Architect,1/6/2024,2025-11-09,2024-06,features_attributes.csv
CUS_0x2010,Bosei,37,357-13-2811,Writer,1/6/2024,2025-11-09,2024-06,features_attributes.csv
CUS_0x2080,Daviesj,21,792-37-9189,Entrepreneur,1/6/2024,2025-11-09,2024-06,features_attributes.csv
CUS_0x20c8,Stevend,51,754-48-1213,Journalist,1/6/2024,2025-11-09,2024-06,features_attributes.csv
CUS_0x2141,Gabriella Bruschio,38,148-28-8279,Entrepreneur,1/6/2024,2025-11-09,2024-06,features_attributes.csv
CUS_0x21f2,Shihc,29,959-44-8630,Musician,1/6/2024,2025-11-09,2024-06,features_attributes.csv
CUS_0x2353,Sheahane,26,496-79-8901,Architect,1/6/2024,2025-11-09,2024-06,features_attributes.csv
CUS_0x238c,ewich Noelz,28,789-29-5186,Media_Manager,1/6/2024,2025-11-09,2024-06,features_attributes.csv
CUS_0x23a4,Ronald Groverj,42,381-82-1832,Lawyer,1/6/2024,2025-11-09,2024-06,features_attributes.csv
CUS_0x23ad,Alina Selyukhd,46,993-95-0461,_______,1/6/2024,2025-11-09,2024-06,features_attributes.csv
CUS_0x23ff,David Ljunggrenw,22,846-25-0402,Architect,1/6/2024,2025-11-09,2024-06,features_attributes.csv
CUS_0x240c,Suzanneh,37,481-23-2602,Manager,1/6/2024,2025-11-09,2024-06,features_attributes.csv
CUS_0x244e,Janm,26,684-71-0736,Mechanic,1/6/2024,2025-11-09,2024-06,features_attributes.csv
CUS_0x254e,Rodrigoj,21,926-83-6934,Engineer,1/6/2024,2025-11-09,2024-06,features_attributes.csv
CUS_0x259d,Jonasc,22,130-17-0626,Doctor,1/6/2024,2025-11-09,2024-06,features_attributes.csv
CUS_0x2647,Chadbourne,37,667-52-0666,Scientist,1/6/2024,2025-11-09,2024-06,features_attributes.csv
CUS_0x2719,Svea Herbst-Baylisst,44,994-82-7635,Engineer,1/6/2024,2025-11-09,2024-06,features_attributes.csv
CUS_0x271a,Gregv,51,464-54-3890,Musician,1/6/2024,2025-11-09,2024-06,features_attributes.csv
CUS_0x2798,"\"John ODonnell\"q",44,254-30-0873,Musician,1/6/2024,2025-11-09,2024-06,features_attributes.csv
CUS_0x2816,"\"Eileen OGrady\"v",19,799-35-8165,Musician,1/6/2024,2025-11-09,2024-06,features_attributes.csv
CUS_0x28b5,Stempeln,36,#F%$D@*&8,Architect,1/6/2024,2025-11-09,2024-06,features_attributes.csv
CUS_0x28cb,Lianav,35,365-00-4133,Entrepreneur,1/6/2024,2025-11-09,2024-06,features_attributes.csv
CUS_0x28e3,Kimd,25,118-08-4142,Lawyer,1/6/2024,2025-11-09,2024-06,features_attributes.csv
CUS_0x28f3,Singhv,35,995-69-9991,Lawyer,1/6/2024,2025-11-09,2024-06,features_attributes.csv
CUS_0x2934,Chang-Rani,34,929-54-9881,Lawyer,1/6/2024,2025-11-09,2024-06,features_attributes.csv
CUS_0x29b2,Martinnet,21,626-80-0791,_______,1/6/2024,2025-11-09,2024-06,features_attributes.csv
CUS_0x29d2,Timk,40,393-54-2423,Engineer,1/6/2024,2025-11-09,2024-06,features_attributes.csv
CUS_0x2ae9,Breidthardts,41,#F%$D@*&8,Engineer,1/6/2024,2025-11-09,2024-06,features_attributes.csv
CUS_0x2b7d,Krasnyy,16,324-44-7622,Accountant,1/6/2024,2025-11-09,2024-06,features_attributes.csv
CUS_0x2b84,Philip Blenkinsopu,39,867-04-9641,Musician,1/6/2024,2025-11-09,2024-06,features_attributes.csv
CUS_0x2b8c,Christiaan Hetznerx,26,401-72-9262,Doctor,1/6/2024,2025-11-09,2024-06,features_attributes.csv
CUS_0x2b8e,Annikai,29_,301-63-5817,Mechanic,1/6/2024,2025-11-09,2024-06,features_attributes.csv
CUS_0x2ca9,Gareth Jonesd,51,173-20-3664,Manager,1/6/2024,2025-11-09,2024-06,features_attributes.csv
CUS_0x2d02,David Henryh,50,313-31-7488,Writer,1/6/2024,2025-11-09,2024-06,features_attributes.csv
CUS_0x2d48,Alpern,21,508-50-7959,Engineer,1/6/2024,2025-11-09,2024-06,features_attributes.csv
CUS_0x2d52,Tetsushi Kajimotov,18,566-07-5369,Journalist,1/6/2024,2025-11-09,2024-06,features_attributes.csv
CUS_0x2d81,Alonso Soton,46,168-27-5955,Developer,1/6/2024,2025-11-09,2024-06,features_attributes.csv
CUS_0x2db4,Clercqh,28,893-15-4685,Doctor,1/6/2024,2025-11-09,2024-06,features_attributes.csv
CUS_0x2dd2,Rickn,35,816-48-2631,_______,1/6/2024,2025-11-09,2024-06,features_attributes.csv
CUS_0x2e10,Malonel,15,002-26-1417,Lawyer,1/6/2024,2025-11-09,2024-06,features_attributes.csv
CUS_0x2e19,Suvashree Deyy,16,849-48-9283,Architect,1/6/2024,2025-11-09,2024-06,features_attributes.csv
CUS_0x2e76,Dennyt,38,914-43-3700,Teacher,1/6/2024,2025-11-09,2024-06,features_attributes.csv
CUS_0x2ed4,Daniel Basest,39,766-84-9205,Architect,1/6/2024,2025-11-09,2024-06,features_attributes.csv
CUS_0x2f38,Tonya,19,520-31-3047,Teacher,1/6/2024,2025-11-09,2024-06,features_attributes.csv
CUS_0x2f49,Rochaf,26,524-50-8228,Journalist,1/6/2024,2025-11-09,2024-06,features_attributes.csv
CUS_0x2f91,Emmotty,19,#F%$D@*&8,Developer,1/6/2024,2025-11-09,2024-06,features_attributes.csv
CUS_0x301f,Jan Strupczewskiz,38,743-99-6874,Accountant,1/6/2024,2025-11-09,2024-06,features_attributes.csv
CUS_0x30fc,Zoran Radosavljevicl,28,209-55-1275,Manager,1/6/2024,2025-11-09,2024-06,features_attributes.csv
CUS_0x3134,Johnm,49,100-88-4168,Scientist,1/6/2024,2025-11-09,2024-06,features_attributes.csv
CUS_0x3159,Schnurrf,41,179-75-4453,Writer,1/6/2024,2025-11-09,2024-06,features_attributes.csv
CUS_0x333c,Matthewj,20,835-38-7010,_______,1/6/2024,2025-11-09,2024-06,features_attributes.csv
CUS_0x335a,Jonathan Spicers,45,807-68-7569,Musician,1/6/2024,2025-11-09,2024-06,features_attributes.csv
CUS_0x3374,Alessp,25,128-48-7511,Manager,1/6/2024,2025-11-09,2024-06,features_attributes.csv
CUS_0x33b8,Karen Freifeldp,30,659-40-4348,Engineer,1/6/2024,2025-11-09,2024-06,features_attributes.csv
CUS_0x3407,Beth Pinskern,22,986-47-7831,Writer,1/6/2024,2025-11-09,2024-06,features_attributes.csv
CUS_0x3439,Steve Slaterv,48,223-23-5210,Doctor,1/6/2024,2025-11-09,2024-06,features_attributes.csv
CUS_0x345e,Ferris-Rotmanl,37,006-81-5590,Manager,1/6/2024,2025-11-09,2024-06,features_attributes.csv
CUS_0x3463,Scott DiSavinoi,27,782-87-8295,Scientist,1/6/2024,2025-11-09,2024-06,features_attributes.csv
CUS_0x3482,Steve Slaterv,32,072-10-9669,Teacher,1/6/2024,2025-11-09,2024-06,features_attributes.csv
CUS_0x3556,Joeh,44,476-34-1130,Mechanic,1/6/2024,2025-11-09,2024-06,features_attributes.csv
CUS_0x3592,Dominique Vidalonc,37,711-41-8889,Manager,1/6/2024,2025-11-09,2024-06,features_attributes.csv
CUS_0x36c7,Sarah McBrided,46,136-53-7387,Scientist,1/6/2024,2025-11-09,2024-06,features_attributes.csv
CUS_0x36d4,Daniel Basesc,48,894-71-1096,Architect,1/6/2024,2025-11-09,2024-06,features_attributes.csv
CUS_0x370c,Salazarb,29,009-86-5924,Media_Manager,1/6/2024,2025-11-09,2024-06,features_attributes.csv
CUS_0x3722,ill Berkrots,30,766-48-2560,Journalist,1/6/2024,2025-11-09,2024-06,features_attributes.csv
CUS_0x3756,Terhil,33,207-29-0604,Teacher,1/6/2024,2025-11-09,2024-06,features_attributes.csv
CUS_0x375e,Michelle Conlinm,15,575-48-0526,Entrepreneur,1/6/2024,2025-11-09,2024-06,features_attributes.csv
CUS_0x376e,Palmerz,48,084-31-1205,Mechanic,1/6/2024,2025-11-09,2024-06,features_attributes.csv
CUS_0x385d,Malones,32,647-38-7901,Teacher,1/6/2024,2025-11-09,2024-06,features_attributes.csv
CUS_0x38e6,Chiangi,19,055-82-9638,Accountant,1/6/2024,2025-11-09,2024-06,features_attributes.csv
CUS_0x392a,Jan Strupczewskiq,19,001-51-4145,Lawyer,1/6/2024,2025-11-09,2024-06,features_attributes.csv
CUS_0x3941,Mirna Sleimane,17,782-05-3224,Accountant,1/6/2024,2025-11-09,2024-06,features_attributes.csv
CUS_0x39d6,Dorisn,31,297-98-4713,_______,1/6/2024,2025-11-09,2024-06,features_attributes.csv
CUS_0x3a02,Kiharag,35,243-14-8028,Engineer,1/6/2024,2025-11-09,2024-06,features_attributes.csv
CUS_0x3a30,Whitef,52,408-73-8461,Developer,1/6/2024,2025-11-09,2024-06,features_attributes.csv
CUS_0x3aa9,Simon Johnsonz,20,104-05-3078,Journalist,1/6/2024,2025-11-09,2024-06,features_attributes.csv
CUS_0x3ad2,Hyunjoo Jiny,34,331-26-9664,Engineer,1/6/2024,2025-11-09,2024-06,features_attributes.csv
CUS_0x3aeb,Katyah,28,158-59-5725,Mechanic,1/6/2024,2025-11-09,2024-06,features_attributes.csv
CUS_0x3b46,Paulu,37,031-66-3945,Doctor,1/6/2024,2025-11-09,2024-06,features_attributes.csv
CUS_0x3bd6,Mutikanid,19,820-00-0531,Media_Manager,1/6/2024,2025-11-09,2024-06,features_attributes.csv
CUS_0x3c41,Stonestreetw,3502,922-59-4417,Manager,1/6/2024,2025-11-09,2024-06,features_attributes.csv
CUS_0x3ce2,Suzannek,30,776-82-8001,Engineer,1/6/2024,2025-11-09,2024-06,features_attributes.csv
CUS_0x3d78,Olesya Dmitracovaz,43,290-53-1322,Doctor,1/6/2024,2025-11-09,2024-06,features_attributes.csv
CUS_0x3e4d,Sheppardz,30,265-51-7271,Mechanic,1/6/2024,2025-11-09,2024-06,features_attributes.csv
CUS_0x3e65,Richwineb,50,190-85-0373,Media_Manager,1/6/2024,2025-11-09,2024-06,features_attributes.csv
CUS_0x3e85,Julienz,25,863-16-6413,Musician,1/6/2024,2025-11-09,2024-06,features_attributes.csv
CUS_0x3ea4,Kaner,50,029-60-8658,Writer,1/6/2024,2025-11-09,2024-06,features_attributes.csv
CUS_0x3ec0,Shalal-Esal,44,813-38-8890,Scientist,1/6/2024,2025-11-09,2024-06,features_attributes.csv
CUS_0x3eed,Vlastelican,35,018-83-9065,Engineer,1/6/2024,2025-11-09,2024-06,features_attributes.csv
CUS_0x3f6a,LaCapra Rossq,33,722-97-6435,Accountant,1/6/2024,2025-11-09,2024-06,features_attributes.csv
CUS_0x3f75,Nigelr,55,841-56-7167,Media_Manager,1/6/2024,2025-11-09,2024-06,features_attributes.csv
CUS_0x402d,Scruttonh,34,474-98-6138,_______,1/6/2024,2025-11-09,2024-06,features_attributes.csv
CUS_0x4080,ra Alperx,16,995-37-8920,Mechanic,1/6/2024,2025-11-09,2024-06,features_attributes.csv
CUS_0x414d,Jonasb,20,587-81-5669,Architect,1/6/2024,2025-11-09,2024-06,features_attributes.csv
CUS_0x434a,Josephinec,40,169-51-0038,_______,1/6/2024,2025-11-09,2024-06,features_attributes.csv
CUS_0x434d,Sarah McBrideq,8229,169-79-3010,Musician,1/6/2024,2025-11-09,2024-06,features_attributes.csv
CUS_0x4387,Freifeldo,29,201-98-1734,_______,1/6/2024,2025-11-09,2024-06,features_attributes.csv
CUS_0x4390,Josephf,25,432-21-8763,Musician,1/6/2024,2025-11-09,2024-06,features_attributes.csv
CUS_0x4448,Viswanathat,35,857-20-3946,Journalist,1/6/2024,2025-11-09,2024-06,features_attributes.csv
CUS_0x4453,Sophie Sassarde,22,772-42-1653,Doctor,1/6/2024,2025-11-09,2024-06,features_attributes.csv
CUS_0x44c3,Poornimax,-500,497-02-1106,Developer,1/6/2024,2025-11-09,2024-06,features_attributes.csv
CUS_0x45af,Sierras,33,#F%$D@*&8,Media_Manager,1/6/2024,2025-11-09,2024-06,features_attributes.csv
CUS_0x45f4,Taylorx,53,522-60-2083,Writer,1/6/2024,2025-11-09,2024-06,features_attributes.csv
CUS_0x460d,Harriet McLeodv,24,#F%$D@*&8,Journalist,1/6/2024,2025-11-09,2024-06,features_attributes.csv
CUS_0x461,Mariusn,18,169-09-6595,Scientist,1/6/2024,2025-11-09,2024-06,features_attributes.csv
CUS_0x4669,Stollj,44,023-38-3760,Architect,1/6/2024,2025-11-09,2024-06,features_attributes.csv
CUS_0x46a2,Mikee,45,118-01-4299,Manager,1/6/2024,2025-11-09,2024-06,features_attributes.csv
CUS_0x470d,Amy,27,486-78-9044,Scientist,1/6/2024,2025-11-09,2024-06,features_attributes.csv
CUS_0x4781,Hof,44,001-70-8319,Teacher,1/6/2024,2025-11-09,2024-06,features_attributes.csv
CUS_0x47ef,Aileen Wangk,46,587-53-0913,Doctor,1/6/2024,2025-11-09,2024-06,features_attributes.csv
CUS_0x4866,Gergelye,16,167-26-7699,Journalist,1/6/2024,2025-11-09,2024-06,features_attributes.csv
CUS_0x4884,Angelay,38,436-81-3133,Lawyer,1/6/2024,2025-11-09,2024-06,features_attributes.csv
CUS_0x48d2,Halsv,34,251-84-6264,Media_Manager,1/6/2024,2025-11-09,2024-06,features_attributes.csv
CUS_0x4905,Daniel Flynnb,25,279-96-5726,Doctor,1/6/2024,2025-11-09,2024-06,features_attributes.csv
CUS_0x4922,Ceyda Caglayane,37,523-78-6733,Teacher,1/6/2024,2025-11-09,2024-06,features_attributes.csv
CUS_0x495e,Abrahamianb,17,792-95-8742,Teacher,1/6/2024,2025-11-09,2024-06,features_attributes.csv
CUS_0x4972,Dhanyax,22,148-03-8586,Accountant,1/6/2024,2025-11-09,2024-06,features_attributes.csv
CUS_0x49ff,Chuckh,21,363-74-1894,Engineer,1/6/2024,2025-11-09,2024-06,features_attributes.csv
CUS_0x4a8a,Jeannyg,51,#F%$D@*&8,Accountant,1/6/2024,2025-11-09,2024-06,features_attributes.csv
CUS_0x4aad,Davidh,37,664-16-3753,Entrepreneur,1/6/2024,2025-11-09,2024-06,features_attributes.csv
CUS_0x4aba,Nicolab,21_,624-19-0017,Doctor,1/6/2024,2025-11-09,2024-06,features_attributes.csv
CUS_0x4adb,Euank,21,546-26-9226,Developer,1/6/2024,2025-11-09,2024-06,features_attributes.csv
CUS_0x4af4,Stempele,28,860-10-5503,Entrepreneur,1/6/2024,2025-11-09,2024-06,features_attributes.csv
CUS_0x4b18,Dixono,44,162-64-7150,Architect,1/6/2024,2025-11-09,2024-06,features_attributes.csv
CUS_0x4b42,Oranm,38,030-87-0045,Musician,1/6/2024,2025-11-09,2024-06,features_attributes.csv
CUS_0x4b61,Leah Schnurra,21,959-50-8261,Teacher,1/6/2024,2025-11-09,2024-06,features_attributes.csv
CUS_0x4bb4,ill Rigbys,34,742-40-7361,Media_Manager,1/6/2024,2025-11-09,2024-06,features_attributes.csv
CUS_0x4bdc,Jessica Wohlw,22,399-73-2521,Teacher,1/6/2024,2025-11-09,2024-06,features_attributes.csv
CUS_0x4bdd,Briani,33,065-33-0030,Scientist,1/6/2024,2025-11-09,2024-06,features_attributes.csv
CUS_0x4d7a,Wardellj,34,370-25-4413,Media_Manager,1/6/2024,2025-11-09,2024-06,features_attributes.csv
CUS_0x4d90,Steved,31,977-54-9640,_______,1/6/2024,2025-11-09,2024-06,features_attributes.csv
CUS_0x4da9,Valentina Accardox,6516,857-57-9621,Media_Manager,1/6/2024,2025-11-09,2024-06,features_attributes.csv
CUS_0x4de6,Swetha Gopinathe,27,232-71-0852,Lawyer,1/6/2024,2025-11-09,2024-06,features_attributes.csv
CUS_0x4e05,Krudys,46,500-31-7991,Manager,1/6/2024,2025-11-09,2024-06,features_attributes.csv
CUS_0x4e07,Dhanya Skariachanw,32,083-83-6855,Teacher,1/6/2024,2025-11-09,2024-06,features_attributes.csv
CUS_0x4ef2,Hughesq,48,342-22-4742,Developer,1/6/2024,2025-11-09,2024-06,features_attributes.csv
CUS_0x4f3e,Beckfordz,47,341-94-5301,_______,1/6/2024,2025-11-09,2024-06,features_attributes.csv
CUS_0x4f73,James B.f,30,702-91-3353,Mechanic,1/6/2024,2025-11-09,2024-06,features_attributes.csv
CUS_0x4fc4,Hoc,28,142-05-3521,Musician,1/6/2024,2025-11-09,2024-06,features_attributes.csv
CUS_0x50e1,Rodrigoc,39,894-78-9681,Scientist,1/6/2024,2025-11-09,2024-06,features_attributes.csv
CUS_0x5146,allh,36,324-50-3753,Entrepreneur,1/6/2024,2025-11-09,2024-06,features_attributes.csv
CUS_0x5195,Bradenl,38,179-78-8980,Entrepreneur,1/6/2024,2025-11-09,2024-06,features_attributes.csv
CUS_0x5284,Tim Kellye,41,627-77-6984,Developer,1/6/2024,2025-11-09,2024-06,features_attributes.csv
CUS_0x5324,Huw Jonesi,39,882-90-4446,Entrepreneur,1/6/2024,2025-11-09,2024-06,features_attributes.csv
CUS_0x5337,Jason Langer,31,823-52-8448,Scientist,1/6/2024,2025-11-09,2024-06,features_attributes.csv
CUS_0x536e,Dinesh Naire,22,859-44-9371,Doctor,1/6/2024,2025-11-09,2024-06,features_attributes.csv
CUS_0x53f6,Smith A.k,26,740-76-9310,Writer,1/6/2024,2025-11-09,2024-06,features_attributes.csv
CUS_0x541c,Holtonw,44,635-19-9211,Lawyer,1/6/2024,2025-11-09,2024-06,features_attributes.csv
CUS_0x5436,Ernestk,32,212-82-3845,Teacher,1/6/2024,2025-11-09,2024-06,features_attributes.csv
CUS_0x5494,Griswoldr,54,238-73-8927,Accountant,1/6/2024,2025-11-09,2024-06,features_attributes.csv
CUS_0x54c3,Kwoka,29_,764-29-3740,Engineer,1/6/2024,2025-11-09,2024-06,features_attributes.csv
CUS_0x5501,Jessica Toonkelt,33,019-80-1571,Accountant,1/6/2024,2025-11-09,2024-06,features_attributes.csv
CUS_0x558e,Stevenn,54,351-09-5113,Scientist,1/6/2024,2025-11-09,2024-06,features_attributes.csv
CUS_0x559c,Brownn,44,342-05-1134,Architect,1/6/2024,2025-11-09,2024-06,features_attributes.csv
CUS_0x56a,Georgen,46,220-64-6883,Lawyer,1/6/2024,2025-11-09,2024-06,features_attributes.csv
CUS_0x56c3,Baltimorez,17,411-36-2777,Engineer,1/6/2024,2025-11-09,2024-06,features_attributes.csv
CUS_0x5749,Lesleyn,14,277-59-7271,Writer,1/6/2024,2025-11-09,2024-06,features_attributes.csv
CUS_0x5781,Ananthalakshmio,25,661-47-2868,Entrepreneur,1/6/2024,2025-11-09,2024-06,features_attributes.csv
CUS_0x5786,Silviab,39,166-30-9233,Teacher,1/6/2024,2025-11-09,2024-06,features_attributes.csv
CUS_0x58aa,William Schombergh,41,097-10-2324,Lawyer,1/6/2024,2025-11-09,2024-06,features_attributes.csv
CUS_0x59e9,Brownz,45,222-89-5735,Developer,1/6/2024,2025-11-09,2024-06,features_attributes.csv
CUS_0x5a2,Bakerl,17,#F%$D@*&8,Scientist,1/6/2024,2025-11-09,2024-06,features_attributes.csv
CUS_0x5a67,Arunam,34_,#F%$D@*&8,Developer,1/6/2024,2025-11-09,2024-06,features_attributes.csv
CUS_0x5a81,Leigh Thomast,45,023-47-5429,Entrepreneur,1/6/2024,2025-11-09,2024-06,features_attributes.csv
CUS_0x5a9f,Dennyv,22,654-57-4520,Media_Manager,1/6/2024,2025-11-09,2024-06,features_attributes.csv
CUS_0x5b22,Reijir,43,810-51-7808,Accountant,1/6/2024,2025-11-09,2024-06,features_attributes.csv
CUS_0x5b2f,arry Moodyq,41,676-86-4432,Engineer,1/6/2024,2025-11-09,2024-06,features_attributes.csv
CUS_0x5b48,McBrideq,32,706-95-0150,Lawyer,1/6/2024,2025-11-09,2024-06,features_attributes.csv
CUS_0x5bac,Palmerf,32,182-39-6597,Lawyer,1/6/2024,2025-11-09,2024-06,features_attributes.csv
CUS_0x5be5,Costa Markg,52,906-42-3281,Mechanic,1/6/2024,2025-11-09,2024-06,features_attributes.csv
CUS_0x5bec,Cyrili,25,473-70-9348,Writer,1/6/2024,2025-11-09,2024-06,features_attributes.csv
CUS_0x5bf0,John McCranko,25,329-26-6592,Scientist,1/6/2024,2025-11-09,2024-06,features_attributes.csv
CUS_0x5bf2,Bosel,22,#F%$D@*&8,_______,1/6/2024,2025-11-09,2024-06,features_attributes.csv
CUS_0x5c28,Leahe,29,770-33-0635,Doctor,1/6/2024,2025-11-09,2024-06,features_attributes.csv
CUS_0x5c44,Philipa,39,290-76-5626,Scientist,1/6/2024,2025-11-09,2024-06,features_attributes.csv
CUS_0x5c65,Silvia Aloisig,36,743-12-2665,_______,1/6/2024,2025-11-09,2024-06,features_attributes.csv
CUS_0x5c75,Lynchh,34,045-05-9944,Doctor,1/6/2024,2025-11-09,2024-06,features_attributes.csv
CUS_0x5c87,Lisaz,40,144-83-3183,Developer,1/6/2024,2025-11-09,2024-06,features_attributes.csv
CUS_0x5d34,Wachtelw,47,582-59-3484,Accountant,1/6/2024,2025-11-09,2024-06,features_attributes.csv
CUS_0x5d82,Achery,25,555-45-9905,Teacher,1/6/2024,2025-11-09,2024-06,features_attributes.csv
CUS_0x5dd3,Carolinek,19,715-18-8451,Architect,1/6/2024,2025-11-09,2024-06,features_attributes.csv
CUS_0x5deb,"SaPinto\" Tommyl",20,091-76-5591,Doctor,1/6/2024,2025-11-09,2024-06,features_attributes.csv
CUS_0x5e16,Ulmerj,30,913-71-9006,_______,1/6/2024,2025-11-09,2024-06,features_attributes.csv
CUS_0x5e9d,ewich Noelp,42,313-23-9282,Developer,1/6/2024,2025-11-09,2024-06,features_attributes.csv
CUS_0x5eaf,eni,29_,036-32-8848,Journalist,1/6/2024,2025-11-09,2024-06,features_attributes.csv
CUS_0x5f45,Alina Selyukhg,31,257-90-5790,Journalist,1/6/2024,2025-11-09,2024-06,features_attributes.csv
CUS_0x5f4f,Anirbanh,31,404-96-0470,Architect,1/6/2024,2025-11-09,2024-06,features_attributes.csv
CUS_0x5f67,Ben Hirschlero,15,302-54-1542,Scientist,1/6/2024,2025-11-09,2024-06,features_attributes.csv
CUS_0x5f6e,Marc Jonesk,24,074-69-5563,Lawyer,1/6/2024,2025-11-09,2024-06,features_attributes.csv
CUS_0x5f9a,Leahc,36,365-58-8646,Teacher,1/6/2024,2025-11-09,2024-06,features_attributes.csv
CUS_0x6144,Steven C.i,26,#F%$D@*&8,Manager,1/6/2024,2025-11-09,2024-06,features_attributes.csv
CUS_0x615a,Cummings Laurenm,33_,358-87-3917,Musician,1/6/2024,2025-11-09,2024-06,features_attributes.csv
CUS_0x618c,Lauren Taras,30,489-60-8692,Writer,1/6/2024,2025-11-09,2024-06,features_attributes.csv
CUS_0x619d,Paulf,44,#F%$D@*&8,Doctor,1/6/2024,2025-11-09,2024-06,features_attributes.csv
CUS_0x61fb,Paulz,23,739-69-5014,Entrepreneur,1/6/2024,2025-11-09,2024-06,features_attributes.csv
CUS_0x6247,Costap,30,589-90-4487,Teacher,1/6/2024,2025-11-09,2024-06,features_attributes.csv
CUS_0x627b,Wakako Satod,31,217-43-5920,Doctor,1/6/2024,2025-11-09,2024-06,features_attributes.csv
CUS_0x62a4,Wolde Katel,46,287-49-6561,Lawyer,1/6/2024,2025-11-09,2024-06,features_attributes.csv
CUS_0x62da,Lefterisw,46,835-37-3964,Architect,1/6/2024,2025-11-09,2024-06,features_attributes.csv
CUS_0x62f5,Alexein,54,272-40-2510,Musician,1/6/2024,2025-11-09,2024-06,features_attributes.csv
CUS_0x631d,Cableu,2090,591-97-3475,Mechanic,1/6/2024,2025-11-09,2024-06,features_attributes.csv
CUS_0x6334,Stempelg,1683,756-38-8343,Mechanic,1/6/2024,2025-11-09,2024-06,features_attributes.csv
CUS_0x6341,Azharg,35,919-05-0020,Engineer,1/6/2024,2025-11-09,2024-06,features_attributes.csv
CUS_0x6343,Raob,31,299-71-9633,_______,1/6/2024,2025-11-09,2024-06,features_attributes.csv
CUS_0x6346,Suzanneb,50,005-96-9331,Media_Manager,1/6/2024,2025-11-09,2024-06,features_attributes.csv
CUS_0x638,Sinead Cruisej,46,028-56-5290,_______,1/6/2024,2025-11-09,2024-06,features_attributes.csv
CUS_0x63df,Katharina Bartw,26,031-17-4326,Developer,1/6/2024,2025-11-09,2024-06,features_attributes.csv
CUS_0x63f3,Soyoungs,34,079-74-4911,Architect,1/6/2024,2025-11-09,2024-06,features_attributes.csv
CUS_0x6407,Miedemai,40,613-11-1190,Architect,1/6/2024,2025-11-09,2024-06,features_attributes.csv
CUS_0x641b,Ross Kerberx,-500,799-05-0413,Musician,1/6/2024,2025-11-09,2024-06,features_attributes.csv
CUS_0x641f,Bradenz,35,568-09-2850,Writer,1/6/2024,2025-11-09,2024-06,features_attributes.csv
CUS_0x6529,Frenchk,27,521-76-1377,Accountant,1/6/2024,2025-11-09,2024-06,features_attributes.csv
CUS_0x6556,Anurags,39,#F%$D@*&8,Developer,1/6/2024,2025-11-09,2024-06,features_attributes.csv
CUS_0x6575,Martin Santar,33,368-18-7048,Entrepreneur,1/6/2024,2025-11-09,2024-06,features_attributes.csv
CUS_0x6678,Sitaraman Shankarp,31_,798-42-4298,Manager,1/6/2024,2025-11-09,2024-06,features_attributes.csv
CUS_0x672e,Huffstutterb,28,244-12-1541,Lawyer,1/6/2024,2025-11-09,2024-06,features_attributes.csv
CUS_0x675,Nick Browny,47,921-15-8191,Media_Manager,1/6/2024,2025-11-09,2024-06,features_attributes.csv
CUS_0x676c,Lynchm,52,440-26-1344,Mechanic,1/6/2024,2025-11-09,2024-06,features_attributes.csv
CUS_0x67e1,Cablef,43,298-35-2655,Lawyer,1/6/2024,2025-11-09,2024-06,features_attributes.csv
CUS_0x67e7,Lynchm,41,201-32-8180,Scientist,1/6/2024,2025-11-09,2024-06,features_attributes.csv
CUS_0x67ff,Barlyni,31,017-88-1687,Manager,1/6/2024,2025-11-09,2024-06,features_attributes.csv
CUS_0x683,LaCaprad,37,680-24-2269,Media_Manager,1/6/2024,2025-11-09,2024-06,features_attributes.csv
CUS_0x6956,Katharinaq,31,807-24-3038,Doctor,1/6/2024,2025-11-09,2024-06,features_attributes.csv
CUS_0x69cd,Chikafumi Hodow,22,254-46-7586,Engineer,1/6/2024,2025-11-09,2024-06,features_attributes.csv
CUS_0x69d5,Stanley Whiteg,23,322-87-0892,Engineer,1/6/2024,2025-11-09,2024-06,features_attributes.csv
CUS_0x6a52,Shenz,55_,073-61-1093,Musician,1/6/2024,2025-11-09,2024-06,features_attributes.csv
CUS_0x6a56,Dougm,17,258-84-8230,_______,1/6/2024,2025-11-09,2024-06,features_attributes.csv
CUS_0x6a7e,"\"Johnd",32,715-62-4980,Scientist,1/6/2024,2025-11-09,2024-06,features_attributes.csv
CUS_0x6a81,Gardneri,31,097-10-6675,Journalist,1/6/2024,2025-11-09,2024-06,features_attributes.csv
CUS_0x6ae2,Kyleq,36,875-53-5736,Writer,1/6/2024,2025-11-09,2024-06,features_attributes.csv
CUS_0x6aea,Pete Sweeneyu,23,289-76-4615,Architect,1/6/2024,2025-11-09,2024-06,features_attributes.csv
CUS_0x6ba2,Karen Freifeldt,39,041-16-8306,Mechanic,1/6/2024,2025-11-09,2024-06,features_attributes.csv
CUS_0x6ba3,Jonathan Stempelg,22,531-12-1324,Developer,1/6/2024,2025-11-09,2024-06,features_attributes.csv
CUS_0x6bb2,Svea Herbst-Baylissd,19,462-73-7328,Lawyer,1/6/2024,2025-11-09,2024-06,features_attributes.csv
CUS_0x6c5c,appap,51,#F%$D@*&8,Doctor,1/6/2024,2025-11-09,2024-06,features_attributes.csv
CUS_0x6ccd,Saphirl,29,689-97-8754,Mechanic,1/6/2024,2025-11-09,2024-06,features_attributes.csv
CUS_0x6cec,Chris Gallagheri,20,208-12-1974,Writer,1/6/2024,2025-11-09,2024-06,features_attributes.csv
CUS_0x6d4e,Aman Shahq,45,#F%$D@*&8,Engineer,1/6/2024,2025-11-09,2024-06,features_attributes.csv
CUS_0x6dd3,Robinw,54_,111-44-1332,Scientist,1/6/2024,2025-11-09,2024-06,features_attributes.csv
CUS_0x6df7,Alwyn Scottl,39,993-37-4187,Entrepreneur,1/6/2024,2025-11-09,2024-06,features_attributes.csv
CUS_0x6e95,Louise Eganb,52,369-09-8718,Mechanic,1/6/2024,2025-11-09,2024-06,features_attributes.csv
CUS_0x6ea9,Alexu,19,017-93-1533,Musician,1/6/2024,2025-11-09,2024-06,features_attributes.csv
CUS_0x6f02,Ronald Groverf,44_,638-18-9662,Entrepreneur,1/6/2024,2025-11-09,2024-06,features_attributes.csv
CUS_0x6f55,Leongr,54,923-48-1651,Writer,1/6/2024,2025-11-09,2024-06,features_attributes.csv
CUS_0x7036,Rhys Jonesk,14,991-19-9986,Entrepreneur,1/6/2024,2025-11-09,2024-06,features_attributes.csv
CUS_0x7047,Alexeix,18,560-15-2864,Teacher,1/6/2024,2025-11-09,2024-06,features_attributes.csv
CUS_0x7069,Valentinaw,24,278-80-2094,Doctor,1/6/2024,2025-11-09,2024-06,features_attributes.csv
CUS_0x7181,Soyoungo,45,413-36-1087,Scientist,1/6/2024,2025-11-09,2024-06,features_attributes.csv
CUS_0x719,Alister Bullw,42,519-38-5557,Entrepreneur,1/6/2024,2025-11-09,2024-06,features_attributes.csv
CUS_0x71eb,Annd,33,174-53-3135,Scientist,1/6/2024,2025-11-09,2024-06,features_attributes.csv
CUS_0x7233,Vladimir Soldatkinp,15,511-46-2018,Teacher,1/6/2024,2025-11-09,2024-06,features_attributes.csv
CUS_0x7250,Doris Frankelj,37,651-67-7536,Teacher,1/6/2024,2025-11-09,2024-06,features_attributes.csv
CUS_0x72ce,Foo Yuna,16,062-16-4946,Teacher,1/6/2024,2025-11-09,2024-06,features_attributes.csv
CUS_0x73ec,Steve Guttermann,22,230-35-9362,_______,1/6/2024,2025-11-09,2024-06,features_attributes.csv
CUS_0x7450,Tetsushi Kajimotok,53,952-17-6304,Scientist,1/6/2024,2025-11-09,2024-06,features_attributes.csv
CUS_0x7468,Jonathank,33,316-42-2610,Musician,1/6/2024,2025-11-09,2024-06,features_attributes.csv
CUS_0x74e9,Chuckh,41,721-70-0465,Lawyer,1/6/2024,2025-11-09,2024-06,features_attributes.csv
CUS_0x757d,Caroliney,26,522-28-0477,Lawyer,1/6/2024,2025-11-09,2024-06,features_attributes.csv
CUS_0x759c,MacLagganj,30,609-56-4412,Writer,1/6/2024,2025-11-09,2024-06,features_attributes.csv
CUS_0x75f2,Deepap,31,214-89-1579,Teacher,1/6/2024,2025-11-09,2024-06,features_attributes.csv
CUS_0x76af,Freifeldb,31,332-27-4330,_______,1/6/2024,2025-11-09,2024-06,features_attributes.csv
CUS_0x76cf,Catherine Bosleyn,39,656-17-2477,_______,1/6/2024,2025-11-09,2024-06,features_attributes.csv
CUS_0x76f6,arani Krishnand,36_,070-14-2190,Mechanic,1/6/2024,2025-11-09,2024-06,features_attributes.csv
CUS_0x7716,Leikao,16,463-91-2032,Manager,1/6/2024,2025-11-09,2024-06,features_attributes.csv
CUS_0x7751,Katyau,30,241-73-1041,Mechanic,1/6/2024,2025-11-09,2024-06,features_attributes.csv
CUS_0x7767,Lesley Wroughtonu,15_,768-01-1143,Musician,1/6/2024,2025-11-09,2024-06,features_attributes.csv
CUS_0x776d,Michele Gershbergi,27,832-04-1514,Writer,1/6/2024,2025-11-09,2024-06,features_attributes.csv
CUS_0x7793,Sarah N.v,28,800-26-8308,Journalist,1/6/2024,2025-11-09,2024-06,features_attributes.csv
CUS_0x7916,Sarahr,25,614-99-4488,Teacher,1/6/2024,2025-11-09,2024-06,features_attributes.csv
CUS_0x793,Phil Wahbab,45,477-79-4286,Architect,1/6/2024,2025-11-09,2024-06,features_attributes.csv
CUS_0x795e,Lukey,19,623-42-5526,Engineer,1/6/2024,2025-11-09,2024-06,features_attributes.csv
CUS_0x7968,Suzanne Barlyne,-500,293-25-3124,Media_Manager,1/6/2024,2025-11-09,2024-06,features_attributes.csv
CUS_0x7976,Michelle Nicholsc,32,616-00-4975,Lawyer,1/6/2024,2025-11-09,2024-06,features_attributes.csv
CUS_0x7986,Nadiad,38,868-05-9841,Architect,1/6/2024,2025-11-09,2024-06,features_attributes.csv
CUS_0x79b,Chuckl,27,773-62-4134,Lawyer,1/6/2024,2025-11-09,2024-06,features_attributes.csv
CUS_0x79bc,Janeman Latulf,14,#F%$D@*&8,Doctor,1/6/2024,2025-11-09,2024-06,features_attributes.csv
CUS_0x79bf,Flakj,31,871-58-3781,Journalist,1/6/2024,2025-11-09,2024-06,features_attributes.csv
CUS_0x7a10,Kim Dixonx,24,718-83-1207,Mechanic,1/6/2024,2025-11-09,2024-06,features_attributes.csv
CUS_0x7aec,Paola Arosioy,27,550-76-4588,Writer,1/6/2024,2025-11-09,2024-06,features_attributes.csv
CUS_0x7b09,Soyoung Kims,25,#F%$D@*&8,Musician,1/6/2024,2025-11-09,2024-06,features_attributes.csv
CUS_0x7b15,Y.t,26,173-42-8880,Accountant,1/6/2024,2025-11-09,2024-06,features_attributes.csv
CUS_0x7b23,Melissa Akinu,51,534-07-1682,Accountant,1/6/2024,2025-11-09,2024-06,features_attributes.csv
CUS_0x7b6,Jamese,39,666-80-2835,Scientist,1/6/2024,2025-11-09,2024-06,features_attributes.csv
CUS_0x7b75,Vlastelicab,40,146-07-7868,Accountant,1/6/2024,2025-11-09,2024-06,features_attributes.csv
CUS_0x7be4,Luciaz,30,077-00-8897,Manager,1/6/2024,2025-11-09,2024-06,features_attributes.csv
CUS_0x7c2a,Alexeir,34,#F%$D@*&8,Writer,1/6/2024,2025-11-09,2024-06,features_attributes.csv
CUS_0x7c7a,Eveline Danubratae,29,556-99-5288,Developer,1/6/2024,2025-11-09,2024-06,features_attributes.csv
CUS_0x7d41,Stevea,26,085-13-4572,Doctor,1/6/2024,2025-11-09,2024-06,features_attributes.csv
CUS_0x7db2,Martinneu,27,331-77-3147,Writer,1/6/2024,2025-11-09,2024-06,features_attributes.csv
CUS_0x7eec,arbaraz,32,614-46-1339,_______,1/6/2024,2025-11-09,2024-06,features_attributes.csv
CUS_0x7f3,Poornimac,31,276-64-8276,Developer,1/6/2024,2025-11-09,2024-06,features_attributes.csv
CUS_0x7f56,Mutikaniu,41,309-09-9287,Architect,1/6/2024,2025-11-09,2024-06,features_attributes.csv
CUS_0x7f61,Saphirq,26_,707-44-1618,Doctor,1/6/2024,2025-11-09,2024-06,features_attributes.csv
CUS_0x7fd1,Jennifer Clarkk,29,151-65-0785,_______,1/6/2024,2025-11-09,2024-06,features_attributes.csv
CUS_0x800,Andjarsari Paramadithau,52,649-53-5022,_______,1/6/2024,2025-11-09,2024-06,features_attributes.csv
CUS_0x8006,Juliay,17,947-14-5076,Musician,1/6/2024,2025-11-09,2024-06,features_attributes.csv
CUS_0x808,Noelg,41,172-62-6839,Engineer,1/6/2024,2025-11-09,2024-06,features_attributes.csv
CUS_0x8141,Clarar,20,117-80-3557,Mechanic,1/6/2024,2025-11-09,2024-06,features_attributes.csv
CUS_0x81ee,Liana B.f,23,992-84-5158,Doctor,1/6/2024,2025-11-09,2024-06,features_attributes.csv
CUS_0x8266,John McCrankk,43,049-32-6597,Accountant,1/6/2024,2025-11-09,2024-06,features_attributes.csv
CUS_0x82e6,Ryanb,45,970-08-1927,Writer,1/6/2024,2025-11-09,2024-06,features_attributes.csv
CUS_0x82fa,Carrelg,17,146-30-8816,_______,1/6/2024,2025-11-09,2024-06,features_attributes.csv
CUS_0x831c,McCoolk,36,585-07-1420,Engineer,1/6/2024,2025-11-09,2024-06,features_attributes.csv
CUS_0x847e,Donna Smithm,52,506-37-2691,Teacher,1/6/2024,2025-11-09,2024-06,features_attributes.csv
CUS_0x8564,Doug Palmery,37,856-14-6029,Mechanic,1/6/2024,2025-11-09,2024-06,features_attributes.csv
CUS_0x859a,Malathi Nayakm,23,526-81-2313,Musician,1/6/2024,2025-11-09,2024-06,features_attributes.csv
CUS_0x85b9,Freilichn,45,754-52-5757,Journalist,1/6/2024,2025-11-09,2024-06,features_attributes.csv
CUS_0x868a,Cheex,36,005-96-9911,Scientist,1/6/2024,2025-11-09,2024-06,features_attributes.csv
CUS_0x86fb,Zeidlerk,27,467-36-0457,Scientist,1/6/2024,2025-11-09,2024-06,features_attributes.csv
CUS_0x873f,Riet,24_,575-00-1454,_______,1/6/2024,2025-11-09,2024-06,features_attributes.csv
CUS_0x87c9,Alister Bullb,26,484-33-0701,Manager,1/6/2024,2025-11-09,2024-06,features_attributes.csv
CUS_0x88f6,Tom Polansekt,29,370-16-9207,Teacher,1/6/2024,2025-11-09,2024-06,features_attributes.csv
CUS_0x8967,Jonathan Stempely,30,340-62-7778,Journalist,1/6/2024,2025-11-09,2024-06,features_attributes.csv
CUS_0x8a36,Kristeny,37,509-64-1439,Entrepreneur,1/6/2024,2025-11-09,2024-06,features_attributes.csv
CUS_0x8a89,Rodrigoy,50,524-13-7174,Musician,1/6/2024,2025-11-09,2024-06,features_attributes.csv
CUS_0x8a90,Adegokeq,32,717-70-6732,Entrepreneur,1/6/2024,2025-11-09,2024-06,features_attributes.csv
CUS_0x8aa2,Leila Abboudg,37,231-43-8484,Writer,1/6/2024,2025-11-09,2024-06,features_attributes.csv
CUS_0x8ac4,Sakarif,22,511-55-3689,Entrepreneur,1/6/2024,2025-11-09,2024-06,features_attributes.csv
CUS_0x8ad,Ana Nicolacik,41,107-44-6435,Scientist,1/6/2024,2025-11-09,2024-06,features_attributes.csv
CUS_0x8ad5,Deyi,27,393-14-3118,Engineer,1/6/2024,2025-11-09,2024-06,features_attributes.csv
CUS_0x8b12,Katharina Bartn,-500,645-02-5061,Journalist,1/6/2024,2025-11-09,2024-06,features_attributes.csv
CUS_0x8bba,Rx,7151,417-78-1654,Scientist,1/6/2024,2025-11-09,2024-06,features_attributes.csv
CUS_0x8c11,Vrinda Manochao,32,732-73-6522,Lawyer,1/6/2024,2025-11-09,2024-06,features_attributes.csv
CUS_0x8c27,Timf,15,422-31-2327,Accountant,1/6/2024,2025-11-09,2024-06,features_attributes.csv
CUS_0x8c68,Scheyderi,20_,203-97-2628,_______,1/6/2024,2025-11-09,2024-06,features_attributes.csv
CUS_0x8c6d,Vaughanl,52_,545-35-1874,Scientist,1/6/2024,2025-11-09,2024-06,features_attributes.csv
CUS_0x8d22,Arshad Mohammedr,53,785-29-2037,Accountant,1/6/2024,2025-11-09,2024-06,features_attributes.csv
CUS_0x8d43,Tangy,22,376-50-7527,_______,1/6/2024,2025-11-09,2024-06,features_attributes.csv
CUS_0x8d7e,Lucial,39,911-18-9186,Accountant,1/6/2024,2025-11-09,2024-06,features_attributes.csv
CUS_0x8f8c,Wanfeng Zhoup,1203,682-44-4822,Mechanic,1/6/2024,2025-11-09,2024-06,features_attributes.csv
CUS_0x8fd5,Svea Herbst-Baylissi,46,477-76-8519,Mechanic,1/6/2024,2025-11-09,2024-06,features_attributes.csv
CUS_0x9019,Jacobsw,35,748-07-9339,Architect,1/6/2024,2025-11-09,2024-06,features_attributes.csv
CUS_0x903a,Ruwitchg,37,702-75-9603,Doctor,1/6/2024,2025-11-09,2024-06,features_attributes.csv
CUS_0x90d6,Ryan Vlastelicas,22,333-00-1107,Engineer,1/6/2024,2025-11-09,2024-06,features_attributes.csv
CUS_0x90e0,Lianao,30,922-30-2893,Mechanic,1/6/2024,2025-11-09,2024-06,features_attributes.csv
CUS_0x920e,Natea,55,715-24-1767,Mechanic,1/6/2024,2025-11-09,2024-06,features_attributes.csv
CUS_0x92e9,Kimu,17,293-06-9184,Writer,1/6/2024,2025-11-09,2024-06,features_attributes.csv
CUS_0x939a,asil Katzv,169,517-26-6799,Lawyer,1/6/2024,2025-11-09,2024-06,features_attributes.csv
CUS_0x943c,Martinne Gellerp,25_,448-44-0110,Writer,1/6/2024,2025-11-09,2024-06,features_attributes.csv
CUS_0x946f,Alanp,50,056-03-2352,Lawyer,1/6/2024,2025-11-09,2024-06,features_attributes.csv
CUS_0x9633,Ramakrishnanr,37,693-09-9868,Entrepreneur,1/6/2024,2025-11-09,2024-06,features_attributes.csv
CUS_0x9684,Pa,38,169-39-0733,Developer,1/6/2024,2025-11-09,2024-06,features_attributes.csv
CUS_0x96c7,Sonyai,45,102-66-8421,Engineer,1/6/2024,2025-11-09,2024-06,features_attributes.csv
CUS_0x977,Gregx,17,351-31-3210,Lawyer,1/6/2024,2025-11-09,2024-06,features_attributes.csv
CUS_0x97b0,Jonathanz,32,361-41-1814,Mechanic,1/6/2024,2025-11-09,2024-06,features_attributes.csv
CUS_0x98cc,Toonkelo,21_,140-36-0945,_______,1/6/2024,2025-11-09,2024-06,features_attributes.csv
CUS_0x99c2,Nobuhiros,4566,257-17-1748,Manager,1/6/2024,2025-11-09,2024-06,features_attributes.csv
CUS_0x9b35,Palmern,39,121-05-2056,Developer,1/6/2024,2025-11-09,2024-06,features_attributes.csv
CUS_0x9b4f,Jimq,32,074-24-4830,Teacher,1/6/2024,2025-11-09,2024-06,features_attributes.csv
CUS_0x9b8c,Jacobsa,44,784-25-4120,Musician,1/6/2024,2025-11-09,2024-06,features_attributes.csv
CUS_0x9c17,Turnerd,35,224-39-6786,Entrepreneur,1/6/2024,2025-11-09,2024-06,features_attributes.csv
CUS_0x9c68,Wakil,37,181-33-2849,Lawyer,1/6/2024,2025-11-09,2024-06,features_attributes.csv
CUS_0x9cab,Katzq,3038,755-46-9784,Doctor,1/6/2024,2025-11-09,2024-06,features_attributes.csv
CUS_0x9cdc,Mostafavin,24,187-13-2907,Scientist,1/6/2024,2025-11-09,2024-06,features_attributes.csv
CUS_0x9de1,Laurenf,42,821-03-7493,Architect,1/6/2024,2025-11-09,2024-06,features_attributes.csv
CUS_0x9e42,Jan Strupczewskix,39,686-51-6231,Media_Manager,1/6/2024,2025-11-09,2024-06,features_attributes.csv
CUS_0x9e9e,Barrc,46,#F%$D@*&8,Entrepreneur,1/6/2024,2025-11-09,2024-06,features_attributes.csv
CUS_0x9ede,Poornimap,43_,544-06-8073,Scientist,1/6/2024,2025-11-09,2024-06,features_attributes.csv
CUS_0x9efd,Philm,28,886-97-0783,Manager,1/6/2024,2025-11-09,2024-06,features_attributes.csv
CUS_0x9f03,Finny,42,#F%$D@*&8,Lawyer,1/6/2024,2025-11-09,2024-06,features_attributes.csv
CUS_0x9f1c,Danu,19,117-10-2190,Writer,1/6/2024,2025-11-09,2024-06,features_attributes.csv
CUS_0x9fc5,Laurencef,30_,896-56-4601,Doctor,1/6/2024,2025-11-09,2024-06,features_attributes.csv
CUS_0xa10f,Gregm,35,670-86-3211,Writer,1/6/2024,2025-11-09,2024-06,features_attributes.csv
CUS_0xa12c,Saphirl,41,861-82-4463,Musician,1/6/2024,2025-11-09,2024-06,features_attributes.csv
CUS_0xa1aa,Dominicj,38,237-00-5799,Doctor,1/6/2024,2025-11-09,2024-06,features_attributes.csv
CUS_0xa1d6,Damounid,30,751-35-1347,Architect,1/6/2024,2025-11-09,2024-06,features_attributes.csv
CUS_0xa224,A. Ananthalakshmih,26,645-72-5423,Accountant,1/6/2024,2025-11-09,2024-06,features_attributes.csv
CUS_0xa267,Nicolae,47,242-22-1951,Doctor,1/6/2024,2025-11-09,2024-06,features_attributes.csv
CUS_0xa290,Richard Cowanb,51,498-02-5560,Media_Manager,1/6/2024,2025-11-09,2024-06,features_attributes.csv
CUS_0xa2a1,Felsenthalc,35,688-88-7277,Developer,1/6/2024,2025-11-09,2024-06,features_attributes.csv
CUS_0xa306,Rob Taylorh,31,554-14-8437,Journalist,1/6/2024,2025-11-09,2024-06,features_attributes.csv
CUS_0xa366,Ernest Scheyderg,54,232-50-6033,Doctor,1/6/2024,2025-11-09,2024-06,features_attributes.csv
CUS_0xa3e1,Poornimai,46,943-92-4350,Scientist,1/6/2024,2025-11-09,2024-06,features_attributes.csv
CUS_0xa421,Martin Pettyw,29,831-33-6843,Media_Manager,1/6/2024,2025-11-09,2024-06,features_attributes.csv
CUS_0xa501,Horowitzq,34,455-84-4696,Mechanic,1/6/2024,2025-11-09,2024-06,features_attributes.csv
CUS_0xa584,anq,43,852-39-0711,_______,1/6/2024,2025-11-09,2024-06,features_attributes.csv
CUS_0xa664,Moonf,56,792-91-5385,Architect,1/6/2024,2025-11-09,2024-06,features_attributes.csv
CUS_0xa6cb,Jed Horowitzh,38,052-49-2191,Manager,1/6/2024,2025-11-09,2024-06,features_attributes.csv
CUS_0xa7d7,Harryg,52_,095-14-3331,Mechanic,1/6/2024,2025-11-09,2024-06,features_attributes.csv
CUS_0xa833,Mikee,52_,529-70-9876,Manager,1/6/2024,2025-11-09,2024-06,features_attributes.csv
CUS_0xa85d,Adamg,18,647-63-8564,Media_Manager,1/6/2024,2025-11-09,2024-06,features_attributes.csv
CUS_0xa8c9,Antonella Ciancioc,25,655-69-8443,Teacher,1/6/2024,2025-11-09,2024-06,features_attributes.csv
CUS_0xa905,ernardow,45,964-12-7807,Scientist,1/6/2024,2025-11-09,2024-06,features_attributes.csv
CUS_0xa961,Langi Chiangw,29,480-36-1343,Entrepreneur,1/6/2024,2025-11-09,2024-06,features_attributes.csv
CUS_0xaa3a,Antoni Slodkowskij,51,107-75-7844,Developer,1/6/2024,2025-11-09,2024-06,features_attributes.csv
CUS_0xaaae,Andrea Shalal-Esab,46,913-85-7120,Accountant,1/6/2024,2025-11-09,2024-06,features_attributes.csv
CUS_0xab5e,Kyliex,29,475-53-8980,Lawyer,1/6/2024,2025-11-09,2024-06,features_attributes.csv
CUS_0xac28,Nataliec,19,881-32-0506,Developer,1/6/2024,2025-11-09,2024-06,features_attributes.csv
CUS_0xac5d,Jeff Coelhob,26,376-28-6303,Writer,1/6/2024,2025-11-09,2024-06,features_attributes.csv
CUS_0xac7d,Luke Jeffsw,22,111-11-3343,Teacher,1/6/2024,2025-11-09,2024-06,features_attributes.csv
CUS_0xacf7,Viswanathay,51,918-95-7408,Mechanic,1/6/2024,2025-11-09,2024-06,features_attributes.csv
CUS_0xad1b,Doug Palmerl,23,801-37-4228,Writer,1/6/2024,2025-11-09,2024-06,features_attributes.csv
CUS_0xad2c,Tarmo Virkia,44,416-04-4760,Lawyer,1/6/2024,2025-11-09,2024-06,features_attributes.csv
CUS_0xad75,Vermap,27,164-86-6702,Teacher,1/6/2024,2025-11-09,2024-06,features_attributes.csv
CUS_0xae92,Shankar Ramakrishnant,26,978-16-2793,Teacher,1/6/2024,2025-11-09,2024-06,features_attributes.csv
CUS_0xaf2e,Sabaw,14,294-75-3087,Media_Manager,1/6/2024,2025-11-09,2024-06,features_attributes.csv
CUS_0xb052,Claren,36,076-62-8134,Journalist,1/6/2024,2025-11-09,2024-06,features_attributes.csv
CUS_0xb0ce,Estellep,38,312-27-5194,Media_Manager,1/6/2024,2025-11-09,2024-06,features_attributes.csv
CUS_0xb14f,Luke Jeffsu,33,996-73-7266,Writer,1/6/2024,2025-11-09,2024-06,features_attributes.csv
CUS_0xb15d,Dhanya Skariachang,17,495-07-8544,Teacher,1/6/2024,2025-11-09,2024-06,features_attributes.csv
CUS_0xb1c4,Sinead Carewv,34,#F%$D@*&8,Accountant,1/6/2024,2025-11-09,2024-06,features_attributes.csv
CUS_0xb2e,Rascoer,21,972-99-8959,Scientist,1/6/2024,2025-11-09,2024-06,features_attributes.csv
CUS_0xb304,Hyunjoog,42,322-67-8555,Writer,1/6/2024,2025-11-09,2024-06,features_attributes.csv
CUS_0xb340,Jenniferh,18,059-35-4671,Mechanic,1/6/2024,2025-11-09,2024-06,features_attributes.csv
CUS_0xb39f,Aileen Wangp,43,262-96-1321,Developer,1/6/2024,2025-11-09,2024-06,features_attributes.csv
CUS_0xb46e,Michelle Marting,18,816-14-8532,Doctor,1/6/2024,2025-11-09,2024-06,features_attributes.csv
CUS_0xb4c2,Mutikanii,28,924-73-2576,Musician,1/6/2024,2025-11-09,2024-06,features_attributes.csv
CUS_0xb591,Prasadc,52,356-12-8113,Lawyer,1/6/2024,2025-11-09,2024-06,features_attributes.csv
CUS_0xb615,Emilyh,24,744-77-7523,Teacher,1/6/2024,2025-11-09,2024-06,features_attributes.csv
CUS_0xb6aa,Luciana Lopezm,42,751-09-8599,Doctor,1/6/2024,2025-11-09,2024-06,features_attributes.csv
CUS_0xb728,Philipp Halstrickr,23,042-89-6909,_______,1/6/2024,2025-11-09,2024-06,features_attributes.csv
CUS_0xb74d,Andreab,19,222-44-7036,Media_Manager,1/6/2024,2025-11-09,2024-06,features_attributes.csv
CUS_0xb75b,Christiaanp,25,948-39-0892,Media_Manager,1/6/2024,2025-11-09,2024-06,features_attributes.csv
CUS_0xb861,Sabav,41,151-40-2923,Mechanic,1/6/2024,2025-11-09,2024-06,features_attributes.csv
CUS_0xb887,Jonathanu,38,880-09-9170,Teacher,1/6/2024,2025-11-09,2024-06,features_attributes.csv
CUS_0xb959,Philc,53,228-70-9629,Journalist,1/6/2024,2025-11-09,2024-06,features_attributes.csv
CUS_0xb9ae,Costa Rachellef,26,121-97-1297,Doctor,1/6/2024,2025-11-09,2024-06,features_attributes.csv
CUS_0xb9da,Jonathan Stempelr,37,562-36-1556,Entrepreneur,1/6/2024,2025-11-09,2024-06,features_attributes.csv
CUS_0xba13,Vaughanr,18,206-40-8360,Architect,1/6/2024,2025-11-09,2024-06,features_attributes.csv
CUS_0xbab0,Lioneld,39,758-36-8574,Scientist,1/6/2024,2025-11-09,2024-06,features_attributes.csv
CUS_0xbaea,Nick Edwardsl,40,611-50-5098,Engineer,1/6/2024,2025-11-09,2024-06,features_attributes.csv
CUS_0xbb75,Phile,42_,389-17-4424,_______,1/6/2024,2025-11-09,2024-06,features_attributes.csv
CUS_0xbbb0,Suzanne Barlyno,25,180-22-8029,Journalist,1/6/2024,2025-11-09,2024-06,features_attributes.csv
CUS_0xbbf7,Nicolag,26,436-24-2178,Engineer,1/6/2024,2025-11-09,2024-06,features_attributes.csv
CUS_0xbc4,Gopinaths,14,736-62-5736,Developer,1/6/2024,2025-11-09,2024-06,features_attributes.csv
CUS_0xbc56,Rodrigo Camposz,55,234-31-6101,Scientist,1/6/2024,2025-11-09,2024-06,features_attributes.csv
CUS_0xbc58,Sierrai,33,115-00-1071,_______,1/6/2024,2025-11-09,2024-06,features_attributes.csv
CUS_0xbc71,Jonathan Str,44,792-12-2499,Musician,1/6/2024,2025-11-09,2024-06,features_attributes.csv
CUS_0xbc79,Bethz,32,180-19-1991,_______,1/6/2024,2025-11-09,2024-06,features_attributes.csv
CUS_0xbc9c,eng,46,965-74-1495,Doctor,1/6/2024,2025-11-09,2024-06,features_attributes.csv
CUS_0xbd32,Vaughans,33_,722-77-7445,Scientist,1/6/2024,2025-11-09,2024-06,features_attributes.csv
CUS_0xbda6,Jonesb,29,619-50-3543,_______,1/6/2024,2025-11-09,2024-06,features_attributes.csv
CUS_0xbdf7,Nhlapok,41,698-60-8051,Teacher,1/6/2024,2025-11-09,2024-06,features_attributes.csv
CUS_0xbe63,Thomassonp,30,046-41-7217,Teacher,1/6/2024,2025-11-09,2024-06,features_attributes.csv
CUS_0xbec6,Nicolaf,37,675-02-4667,Mechanic,1/6/2024,2025-11-09,2024-06,features_attributes.csv
CUS_0xbf11,Andrea Shalal-Esac,21,749-12-1540,Architect,1/6/2024,2025-11-09,2024-06,features_attributes.csv
CUS_0xbf2e,Guij,4679,555-91-9225,Mechanic,1/6/2024,2025-11-09,2024-06,features_attributes.csv
CUS_0xbf67,Sumeet Chatterjeen,43,904-27-9804,Architect,1/6/2024,2025-11-09,2024-06,features_attributes.csv
CUS_0xbf9a,enb,25,447-09-0118,_______,1/6/2024,2025-11-09,2024-06,features_attributes.csv
CUS_0xc016,Slaterq,34,850-47-2557,Entrepreneur,1/6/2024,2025-11-09,2024-06,features_attributes.csv
CUS_0xc02d,Pedrob,54,721-63-9568,Mechanic,1/6/2024,2025-11-09,2024-06,features_attributes.csv
CUS_0xc08b,Poornimax,50,464-69-1352,Journalist,1/6/2024,2025-11-09,2024-06,features_attributes.csv
CUS_0xc0ff,Emmanuel Olaoyeb,19,208-90-1240,Writer,1/6/2024,2025-11-09,2024-06,features_attributes.csv
CUS_0xc12e,Annika Breidthardte,41,734-01-9522,Engineer,1/6/2024,2025-11-09,2024-06,features_attributes.csv
CUS_0xc12f,Jim Christiem,37,090-99-2550,Entrepreneur,1/6/2024,2025-11-09,2024-06,features_attributes.csv
CUS_0xc165,Frostq,8623,200-20-5107,Musician,1/6/2024,2025-11-09,2024-06,features_attributes.csv
CUS_0xc180,Poornima Guptaq,38,430-27-3043,Writer,1/6/2024,2025-11-09,2024-06,features_attributes.csv
CUS_0xc1fa,Stephen Manganw,45,007-69-4984,Teacher,1/6/2024,2025-11-09,2024-06,features_attributes.csv
CUS_0xc218,Jonesq,16,856-65-2141,Media_Manager,1/6/2024,2025-11-09,2024-06,features_attributes.csv
CUS_0xc265,Grahams,47,066-65-8508,Musician,1/6/2024,2025-11-09,2024-06,features_attributes.csv
CUS_0xc38d,Reidc,50,693-25-9938,Doctor,1/6/2024,2025-11-09,2024-06,features_attributes.csv
CUS_0xc3c3,Deepa Seetharamann,34,066-13-8372,Musician,1/6/2024,2025-11-09,2024-06,features_attributes.csv
CUS_0xc42f,Harrod,16,648-38-4326,Architect,1/6/2024,2025-11-09,2024-06,features_attributes.csv
CUS_0xc4ac,Scott Malonex,39,267-31-8739,Engineer,1/6/2024,2025-11-09,2024-06,features_attributes.csv
CUS_0xc505,Jessica Toonkelj,30,487-84-3914,Media_Manager,1/6/2024,2025-11-09,2024-06,features_attributes.csv
CUS_0xc513,Jessica Wohlt,21,894-52-4160,Lawyer,1/6/2024,2025-11-09,2024-06,features_attributes.csv
CUS_0xc574,erp,41,571-68-8241,Teacher,1/6/2024,2025-11-09,2024-06,features_attributes.csv
CUS_0xc5e,James B.p,39_,820-77-7549,Writer,1/6/2024,2025-11-09,2024-06,features_attributes.csv
CUS_0xc6f9,Eric Onstadp,15,370-42-6142,Teacher,1/6/2024,2025-11-09,2024-06,features_attributes.csv
CUS_0xc71a,Marck,28,289-07-8960,Mechanic,1/6/2024,2025-11-09,2024-06,features_attributes.csv
CUS_0xc728,Victoriah,20,151-94-4427,Mechanic,1/6/2024,2025-11-09,2024-06,features_attributes.csv
CUS_0xced,Jonasx,41,112-22-9951,Architect,1/6/2024,2025-11-09,2024-06,features_attributes.csv
CUS_0xd71,Andrea Shalal-Esaw,44,367-64-3220,Entrepreneur,1/6/2024,2025-11-09,2024-06,features_attributes.csv
CUS_0xdcb,Lynchr,55,646-08-1772,Developer,1/6/2024,2025-11-09,2024-06,features_attributes.csv
CUS_0xe51,Clare Hutchisond,42_,192-48-3506,Architect,1/6/2024,2025-11-09,2024-06,features_attributes.csv
CUS_0xe72,Virkib,43,644-98-4745,Scientist,1/6/2024,2025-11-09,2024-06,features_attributes.csv
CUS_0xea5,erniee,28,196-98-4126,_______,1/6/2024,2025-11-09,2024-06,features_attributes.csv
CUS_0xf70,Liana B.a,33,738-73-8462,Engineer,1/6/2024,2025-11-09,2024-06,features_attributes.csv
CUS_0xff3,Somervilled,55,#F%$D@*&8,Scientist,1/6/2024,2025-11-09,2024-06,features_attributes.csv
