Customer_ID,Name,Age,SSN,Occupation,snapshot_date,ingest_dt,snap_ym,source_file
CUS_0x1009,Arunah,26,063-67-6938,Mechanic,1/1/2025,2025-11-09,2025-01,features_attributes.csv
CUS_0x1098,Krudyz,23,466-10-5742,_______,1/1/2025,2025-11-09,2025-01,features_attributes.csv
CUS_0x109f,Vellacottj,41,283-32-0255,Teacher,1/1/2025,2025-11-09,2025-01,features_attributes.csv
CUS_0x10b6,Gillesw,49,439-76-5364,Journalist,1/1/2025,2025-11-09,2025-01,features_attributes.csv
CUS_0x10e2,Sonalio,37,168-78-3262,Media_Manager,1/1/2025,2025-11-09,2025-01,features_attributes.csv
CUS_0x114b,Hephero,37,978-19-7269,Entrepreneur,1/1/2025,2025-11-09,2025-01,features_attributes.csv
CUS_0x11b7,Cremern,28,440-53-1294,Teacher,1/1/2025,2025-11-09,2025-01,features_attributes.csv
CUS_0x11c1,Mark Felsenthalk,34,688-99-5258,Engineer,1/1/2025,2025-11-09,2025-01,features_attributes.csv
CUS_0x11d9,Annika Breidthardtd,42,548-26-8600,Scientist,1/1/2025,2025-11-09,2025-01,features_attributes.csv
CUS_0x120d,Martinx,27,477-68-6707,Lawyer,1/1/2025,2025-11-09,2025-01,features_attributes.csv
CUS_0x1258,Flynng,50,673-09-0668,Entrepreneur,1/1/2025,2025-11-09,2025-01,features_attributes.csv
CUS_0x130c,Douwe Miedemaq,43,187-00-5211,Engineer,1/1/2025,2025-11-09,2025-01,features_attributes.csv
CUS_0x133d,Taigai,21,#F%$D@*&8,Musician,1/1/2025,2025-11-09,2025-01,features_attributes.csv
CUS_0x133f,ernie Woodallm,30,630-81-5640,Manager,1/1/2025,2025-11-09,2025-01,features_attributes.csv
CUS_0x13e4,Edward Krudyl,1248_,652-14-9122,Doctor,1/1/2025,2025-11-09,2025-01,features_attributes.csv
CUS_0x1463,Rachnae,50,239-41-8144,Media_Manager,1/1/2025,2025-11-09,2025-01,features_attributes.csv
CUS_0x1499,Guptaj,50,440-22-8350,Engineer,1/1/2025,2025-11-09,2025-01,features_attributes.csv
CUS_0x15c5,Jensent,39,680-70-8654,Doctor,1/1/2025,2025-11-09,2025-01,features_attributes.csv
CUS_0x165f,Robertw,37,962-16-3321,Writer,1/1/2025,2025-11-09,2025-01,features_attributes.csv
CUS_0x1697,Pauls,42,044-06-1094,Musician,1/1/2025,2025-11-09,2025-01,features_attributes.csv
CUS_0x16ae,Pascalz,40,567-87-6871,Musician,1/1/2025,2025-11-09,2025-01,features_attributes.csv
CUS_0x1705,Sruthiy,47,176-22-5639,Media_Manager,1/1/2025,2025-11-09,2025-01,features_attributes.csv
CUS_0x1806,Vorobyovai,56,167-18-8944,Manager,1/1/2025,2025-11-09,2025-01,features_attributes.csv
CUS_0x18b5,Caroline Valetkevitcht,45,732-18-5419,Developer,1/1/2025,2025-11-09,2025-01,features_attributes.csv
CUS_0x18be,Maloneb,37,484-89-8097,Engineer,1/1/2025,2025-11-09,2025-01,features_attributes.csv
CUS_0x19a3,Rigbyl,41,719-96-4265,Lawyer,1/1/2025,2025-11-09,2025-01,features_attributes.csv
CUS_0x1a23,Paige Gancec,51,092-81-2077,Lawyer,1/1/2025,2025-11-09,2025-01,features_attributes.csv
CUS_0x1a86,Matthewh,33,835-36-1985,Entrepreneur,1/1/2025,2025-11-09,2025-01,features_attributes.csv
CUS_0x1be1,Sineadl,15,273-37-7817,Manager,1/1/2025,2025-11-09,2025-01,features_attributes.csv
CUS_0x1c59,Dayz,42,277-13-7658,Doctor,1/1/2025,2025-11-09,2025-01,features_attributes.csv
CUS_0x1cbd,Yeem,25,982-51-6725,_______,1/1/2025,2025-11-09,2025-01,features_attributes.csv
CUS_0x1cbe,Daniloq,25,714-48-4921,Entrepreneur,1/1/2025,2025-11-09,2025-01,features_attributes.csv
CUS_0x1ccd,Andreat,32,808-03-9422,_______,1/1/2025,2025-11-09,2025-01,features_attributes.csv
CUS_0x1de9,Umesh Desaid,26,798-92-6478,Architect,1/1/2025,2025-11-09,2025-01,features_attributes.csv
CUS_0x1deb,Dougc,25,334-90-6536,Entrepreneur,1/1/2025,2025-11-09,2025-01,features_attributes.csv
CUS_0x1f15,Deepa Seetharamanh,19,296-58-9430,Engineer,1/1/2025,2025-11-09,2025-01,features_attributes.csv
CUS_0x1f2f,Wheatleyv,30,926-54-3940,Teacher,1/1/2025,2025-11-09,2025-01,features_attributes.csv
CUS_0x206c,Wroughtonu,36,983-60-4571,Engineer,1/1/2025,2025-11-09,2025-01,features_attributes.csv
CUS_0x20e5,Goldsteind,38,107-23-3924,Manager,1/1/2025,2025-11-09,2025-01,features_attributes.csv
CUS_0x21ac,Ermanz,27,333-78-2654,Developer,1/1/2025,2025-11-09,2025-01,features_attributes.csv
CUS_0x21be,Ransdellx,46,340-80-4117,Musician,1/1/2025,2025-11-09,2025-01,features_attributes.csv
CUS_0x22c1,Vladimir Soldatkinu,34,745-16-2326,Media_Manager,1/1/2025,2025-11-09,2025-01,features_attributes.csv
CUS_0x22c5,Nickelq,55,280-90-5162,Doctor,1/1/2025,2025-11-09,2025-01,features_attributes.csv
CUS_0x22f7,Nick Brownm,42,#F%$D@*&8,Mechanic,1/1/2025,2025-11-09,2025-01,features_attributes.csv
CUS_0x22fe,Jim Finklez,15,729-05-0487,Manager,1/1/2025,2025-11-09,2025-01,features_attributes.csv
CUS_0x23eb,Younglair,24,929-73-1862,Musician,1/1/2025,2025-11-09,2025-01,features_attributes.csv
CUS_0x243a,Herbert Lashj,43,#F%$D@*&8,Media_Manager,1/1/2025,2025-11-09,2025-01,features_attributes.csv
CUS_0x24e0,Jason Langew,39,068-83-7239,Entrepreneur,1/1/2025,2025-11-09,2025-01,features_attributes.csv
CUS_0x24ef,Lukeb,44,856-24-1723,Writer,1/1/2025,2025-11-09,2025-01,features_attributes.csv
CUS_0x255b,Masterh,30,006-88-2847,Musician,1/1/2025,2025-11-09,2025-01,features_attributes.csv
CUS_0x2596,Herbert Lasho,16,174-34-6415,Lawyer,1/1/2025,2025-11-09,2025-01,features_attributes.csv
CUS_0x25ad,Annar,37,543-36-7249,Teacher,1/1/2025,2025-11-09,2025-01,features_attributes.csv
CUS_0x25f2,Orani,23,956-42-0011,Manager,1/1/2025,2025-11-09,2025-01,features_attributes.csv
CUS_0x2697,Tetsushiu,55,711-21-3388,Scientist,1/1/2025,2025-11-09,2025-01,features_attributes.csv
CUS_0x26b0,Malonev,46,286-29-0244,_______,1/1/2025,2025-11-09,2025-01,features_attributes.csv
CUS_0x26bf,Rodrigo Camposh,37,339-34-1758,Lawyer,1/1/2025,2025-11-09,2025-01,features_attributes.csv
CUS_0x2728,Alwyni,27,475-71-7004,Teacher,1/1/2025,2025-11-09,2025-01,features_attributes.csv
CUS_0x27a6,Rodrigou,26,296-46-9959,Musician,1/1/2025,2025-11-09,2025-01,features_attributes.csv
CUS_0x27ad,Sarah Whites,37,577-43-0809,Engineer,1/1/2025,2025-11-09,2025-01,features_attributes.csv
CUS_0x27f4,Dahanf,45,235-09-7325,Journalist,1/1/2025,2025-11-09,2025-01,features_attributes.csv
CUS_0x2801,Krishnanx,26,438-53-8698,_______,1/1/2025,2025-11-09,2025-01,features_attributes.csv
CUS_0x281d,Cheeb,37,510-09-3043,Architect,1/1/2025,2025-11-09,2025-01,features_attributes.csv
CUS_0x28c4,Janq,31,798-58-3894,Media_Manager,1/1/2025,2025-11-09,2025-01,features_attributes.csv
CUS_0x28df,Ransdell Piersona,17,935-43-1402,Scientist,1/1/2025,2025-11-09,2025-01,features_attributes.csv
CUS_0x28ee,Gohj,42,875-31-2310,Manager,1/1/2025,2025-11-09,2025-01,features_attributes.csv
CUS_0x290d,Jan Harveyf,23_,#F%$D@*&8,Architect,1/1/2025,2025-11-09,2025-01,features_attributes.csv
CUS_0x292b,Dhanyaf,47,318-24-7537,Engineer,1/1/2025,2025-11-09,2025-01,features_attributes.csv
CUS_0x2991,", Asiaf",45,472-08-0007,Journalist,1/1/2025,2025-11-09,2025-01,features_attributes.csv
CUS_0x29a2,Daveyl,26,416-19-6284,Developer,1/1/2025,2025-11-09,2025-01,features_attributes.csv
CUS_0x2a11,Bullg,25,#F%$D@*&8,Lawyer,1/1/2025,2025-11-09,2025-01,features_attributes.csv
CUS_0x2a64,Johnsonc,22,684-77-9715,_______,1/1/2025,2025-11-09,2025-01,features_attributes.csv
CUS_0x2ad4,Matt Scuffhamf,35,798-47-7765,Teacher,1/1/2025,2025-11-09,2025-01,features_attributes.csv
CUS_0x2b2c,Perryy,52,#F%$D@*&8,Entrepreneur,1/1/2025,2025-11-09,2025-01,features_attributes.csv
CUS_0x2b6a,Milhenchh,38,125-81-1946,Journalist,1/1/2025,2025-11-09,2025-01,features_attributes.csv
CUS_0x2b98,Chikafumi Hodov,21,158-39-6168,Entrepreneur,1/1/2025,2025-11-09,2025-01,features_attributes.csv
CUS_0x2bdd,Mutikanio,33,162-35-9568,Scientist,1/1/2025,2025-11-09,2025-01,features_attributes.csv
CUS_0x2bf3,Suen,47,491-94-9987,Scientist,1/1/2025,2025-11-09,2025-01,features_attributes.csv
CUS_0x2c7d,Kobzevad,30,677-10-1495,Mechanic,1/1/2025,2025-11-09,2025-01,features_attributes.csv
CUS_0x2d64,Taylorb,32,904-55-9140,Accountant,1/1/2025,2025-11-09,2025-01,features_attributes.csv
CUS_0x2d7e,Davenportg,44,626-32-5386,Journalist,1/1/2025,2025-11-09,2025-01,features_attributes.csv
CUS_0x2db5,Carlynv,16,929-60-6423,Writer,1/1/2025,2025-11-09,2025-01,features_attributes.csv
CUS_0x2dc6,rian Rohani,46,262-10-1868,Writer,1/1/2025,2025-11-09,2025-01,features_attributes.csv
CUS_0x2e1d,Nanette Byrness,18,408-57-4420,Accountant,1/1/2025,2025-11-09,2025-01,features_attributes.csv
CUS_0x2e55,Popovap,25,288-26-5763,Lawyer,1/1/2025,2025-11-09,2025-01,features_attributes.csv
CUS_0x2e8b,Samm,46,840-54-3758,Doctor,1/1/2025,2025-11-09,2025-01,features_attributes.csv
CUS_0x2ec6,Sarahs,27,610-32-8187,Mechanic,1/1/2025,2025-11-09,2025-01,features_attributes.csv
CUS_0x2f04,Nickq,5316,093-02-0917,Doctor,1/1/2025,2025-11-09,2025-01,features_attributes.csv
CUS_0x2f24,Browningx,25,499-88-6136,Lawyer,1/1/2025,2025-11-09,2025-01,features_attributes.csv
CUS_0x2f69,Papadimasd,42,299-25-6374,Media_Manager,1/1/2025,2025-11-09,2025-01,features_attributes.csv
CUS_0x3026,Richardq,21,612-78-1569,Doctor,1/1/2025,2025-11-09,2025-01,features_attributes.csv
CUS_0x303d,Patrickr,44,592-26-4117,_______,1/1/2025,2025-11-09,2025-01,features_attributes.csv
CUS_0x3060,Danielt,23,657-71-7552,Developer,1/1/2025,2025-11-09,2025-01,features_attributes.csv
CUS_0x3097,Karenp,33,228-53-9703,Architect,1/1/2025,2025-11-09,2025-01,features_attributes.csv
CUS_0x320e,Paul Lienertu,21,011-23-7847,Media_Manager,1/1/2025,2025-11-09,2025-01,features_attributes.csv
CUS_0x32d3,Lisaa,35,204-78-6176,Manager,1/1/2025,2025-11-09,2025-01,features_attributes.csv
CUS_0x332b,Joshua Nhlapoe,14,221-79-4519,Manager,1/1/2025,2025-11-09,2025-01,features_attributes.csv
CUS_0x3415,Zieminskib,25,691-10-7068,Manager,1/1/2025,2025-11-09,2025-01,features_attributes.csv
CUS_0x3430,Janj,53,423-11-5984,Manager,1/1/2025,2025-11-09,2025-01,features_attributes.csv
CUS_0x34fb,Kim Dixonh,35,113-11-1345,Developer,1/1/2025,2025-11-09,2025-01,features_attributes.csv
CUS_0x3530,Edwardk,29,738-74-7100,Journalist,1/1/2025,2025-11-09,2025-01,features_attributes.csv
CUS_0x3631,Cezaryh,39,645-88-3253,Mechanic,1/1/2025,2025-11-09,2025-01,features_attributes.csv
CUS_0x3644,Alexz,16,623-91-4031,Accountant,1/1/2025,2025-11-09,2025-01,features_attributes.csv
CUS_0x367d,Jessicaa,38,#F%$D@*&8,Entrepreneur,1/1/2025,2025-11-09,2025-01,features_attributes.csv
CUS_0x369d,Cheep,32,483-28-8127,Manager,1/1/2025,2025-11-09,2025-01,features_attributes.csv
CUS_0x36ab,Svea Herbst-Baylisss,16,925-44-1671,Teacher,1/1/2025,2025-11-09,2025-01,features_attributes.csv
CUS_0x36d3,Ronald Groverz,-500,806-65-8621,Teacher,1/1/2025,2025-11-09,2025-01,features_attributes.csv
CUS_0x36eb,ernie Woodallo,14,#F%$D@*&8,Scientist,1/1/2025,2025-11-09,2025-01,features_attributes.csv
CUS_0x3709,Meenakshin,26,517-49-0617,Writer,1/1/2025,2025-11-09,2025-01,features_attributes.csv
CUS_0x3849,Louiset,29,599-59-8932,Engineer,1/1/2025,2025-11-09,2025-01,features_attributes.csv
CUS_0x38a4,Natel,41,276-77-9532,Manager,1/1/2025,2025-11-09,2025-01,features_attributes.csv
CUS_0x3915,Costax,43_,#F%$D@*&8,Architect,1/1/2025,2025-11-09,2025-01,features_attributes.csv
CUS_0x39c0,Oranc,31,325-55-9402,Accountant,1/1/2025,2025-11-09,2025-01,features_attributes.csv
CUS_0x3a70,Albertoq,31,727-71-6595,Teacher,1/1/2025,2025-11-09,2025-01,features_attributes.csv
CUS_0x3b01,Jessica Dyeu,27,930-26-2816,Doctor,1/1/2025,2025-11-09,2025-01,features_attributes.csv
CUS_0x3bbf,Johannesx,3125,753-82-5553,Developer,1/1/2025,2025-11-09,2025-01,features_attributes.csv
CUS_0x3c55,Danieli,15,#F%$D@*&8,Engineer,1/1/2025,2025-11-09,2025-01,features_attributes.csv
CUS_0x3c95,Tomv,53,655-62-7433,Developer,1/1/2025,2025-11-09,2025-01,features_attributes.csv
CUS_0x3d10,Barghinie,44,318-77-7985,Manager,1/1/2025,2025-11-09,2025-01,features_attributes.csv
CUS_0x3dfc,Fiona Shaikht,41,486-78-4954,Entrepreneur,1/1/2025,2025-11-09,2025-01,features_attributes.csv
CUS_0x3e52,Ortizm,15,788-42-1694,Writer,1/1/2025,2025-11-09,2025-01,features_attributes.csv
CUS_0x3e7e,Katya Golubkovay,25,132-80-5883,Accountant,1/1/2025,2025-11-09,2025-01,features_attributes.csv
CUS_0x3e91,Jim Finklev,42,973-32-5469,Developer,1/1/2025,2025-11-09,2025-01,features_attributes.csv
CUS_0x3f4a,Kanika Sikkan,30,613-12-9026,Engineer,1/1/2025,2025-11-09,2025-01,features_attributes.csv
CUS_0x3f83,Gouldj,26,485-35-2240,Media_Manager,1/1/2025,2025-11-09,2025-01,features_attributes.csv
CUS_0x3f9c,Andrewz,18,009-60-0982,Doctor,1/1/2025,2025-11-09,2025-01,features_attributes.csv
CUS_0x3fde,Cezary Podkulw,34,506-39-3987,Scientist,1/1/2025,2025-11-09,2025-01,features_attributes.csv
CUS_0x3feb,Turnerf,29,872-56-1047,Manager,1/1/2025,2025-11-09,2025-01,features_attributes.csv
CUS_0x4028,Papachristouy,37,407-45-5883,Manager,1/1/2025,2025-11-09,2025-01,features_attributes.csv
CUS_0x40bc,Ransdelle,28,#F%$D@*&8,Engineer,1/1/2025,2025-11-09,2025-01,features_attributes.csv
CUS_0x4187,Schnurrw,36,292-38-7700,Journalist,1/1/2025,2025-11-09,2025-01,features_attributes.csv
CUS_0x4190,Steven Scheerl,32,245-49-9172,_______,1/1/2025,2025-11-09,2025-01,features_attributes.csv
CUS_0x4198,Emily Kaiserm,35,268-15-0119,Entrepreneur,1/1/2025,2025-11-09,2025-01,features_attributes.csv
CUS_0x419f,Pedroo,52,794-10-4892,Musician,1/1/2025,2025-11-09,2025-01,features_attributes.csv
CUS_0x41d4,Adrian Croftf,41,577-41-6573,Developer,1/1/2025,2025-11-09,2025-01,features_attributes.csv
CUS_0x426a,Dawsonm,23,102-98-4046,Architect,1/1/2025,2025-11-09,2025-01,features_attributes.csv
CUS_0x427b,Miedemac,31,#F%$D@*&8,Engineer,1/1/2025,2025-11-09,2025-01,features_attributes.csv
CUS_0x4334,Kazunorip,15,403-45-6666,Scientist,1/1/2025,2025-11-09,2025-01,features_attributes.csv
CUS_0x4367,Christiaanw,22_,208-70-4954,Accountant,1/1/2025,2025-11-09,2025-01,features_attributes.csv
CUS_0x4403,Dominic Lauc,40,466-30-9517,Writer,1/1/2025,2025-11-09,2025-01,features_attributes.csv
CUS_0x440a,Krisztinao,54,854-64-6856,Musician,1/1/2025,2025-11-09,2025-01,features_attributes.csv
CUS_0x4487,Sabae,30,952-89-5647,Accountant,1/1/2025,2025-11-09,2025-01,features_attributes.csv
CUS_0x44c5,Joshuaw,43,444-02-4059,Doctor,1/1/2025,2025-11-09,2025-01,features_attributes.csv
CUS_0x44f0,Sinead Cruisev,16,672-92-1249,Scientist,1/1/2025,2025-11-09,2025-01,features_attributes.csv
CUS_0x44f4,Rie Ishigurow,48,773-02-8961,Media_Manager,1/1/2025,2025-11-09,2025-01,features_attributes.csv
CUS_0x4587,Herbste,54,734-40-0202,Accountant,1/1/2025,2025-11-09,2025-01,features_attributes.csv
CUS_0x45ab,Tomf,39,#F%$D@*&8,_______,1/1/2025,2025-11-09,2025-01,features_attributes.csv
CUS_0x45ca,itai,21_,178-46-8544,Lawyer,1/1/2025,2025-11-09,2025-01,features_attributes.csv
CUS_0x463,Nathalieh,18,442-69-4443,Teacher,1/1/2025,2025-11-09,2025-01,features_attributes.csv
CUS_0x46a,Coxf,27,453-82-6508,Architect,1/1/2025,2025-11-09,2025-01,features_attributes.csv
CUS_0x4779,Lukel,16,448-73-9626,Teacher,1/1/2025,2025-11-09,2025-01,features_attributes.csv
CUS_0x479c,David Millikenw,48,504-35-2463,Developer,1/1/2025,2025-11-09,2025-01,features_attributes.csv
CUS_0x47a6,Chuck Mikolajczaks,35,887-38-0825,Lawyer,1/1/2025,2025-11-09,2025-01,features_attributes.csv
CUS_0x47d3,Alexl,41,080-54-4228,Mechanic,1/1/2025,2025-11-09,2025-01,features_attributes.csv
CUS_0x481f,Hudsonl,20,322-85-4061,Scientist,1/1/2025,2025-11-09,2025-01,features_attributes.csv
CUS_0x48c5,Robinx,30,#F%$D@*&8,Mechanic,1/1/2025,2025-11-09,2025-01,features_attributes.csv
CUS_0x498a,Katharina Bartb,45,155-92-8974,Scientist,1/1/2025,2025-11-09,2025-01,features_attributes.csv
CUS_0x4a6a,Harryi,46,582-70-5609,Media_Manager,1/1/2025,2025-11-09,2025-01,features_attributes.csv
CUS_0x4afe,Saleemj,20,420-12-0466,Teacher,1/1/2025,2025-11-09,2025-01,features_attributes.csv
CUS_0x4bc1,Nick Brownv,45,043-71-9200,Developer,1/1/2025,2025-11-09,2025-01,features_attributes.csv
CUS_0x4bff,Walterj,35,697-66-3067,Scientist,1/1/2025,2025-11-09,2025-01,features_attributes.csv
CUS_0x4c34,Melaniez,45,019-49-4119,Entrepreneur,1/1/2025,2025-11-09,2025-01,features_attributes.csv
CUS_0x4c80,"\"Johnz",29,328-34-5200,Architect,1/1/2025,2025-11-09,2025-01,features_attributes.csv
CUS_0x4cae,Carey Gillamm,24_,223-47-1067,Writer,1/1/2025,2025-11-09,2025-01,features_attributes.csv
CUS_0x4d03,ernardo,27,531-69-9619,Teacher,1/1/2025,2025-11-09,2025-01,features_attributes.csv
CUS_0x4d4,Steveq,44,577-14-5786,_______,1/1/2025,2025-11-09,2025-01,features_attributes.csv
CUS_0x4d77,Mikolajczakq,46,298-87-8791,Engineer,1/1/2025,2025-11-09,2025-01,features_attributes.csv
CUS_0x4daf,Lewisz,55,387-41-1667,Lawyer,1/1/2025,2025-11-09,2025-01,features_attributes.csv
CUS_0x4db6,Matto,45_,321-45-2585,Lawyer,1/1/2025,2025-11-09,2025-01,features_attributes.csv
CUS_0x4df9,Paul Dayd,15,643-21-3304,Architect,1/1/2025,2025-11-09,2025-01,features_attributes.csv
CUS_0x4e26,"ODonnell\"e",20,207-53-4847,Manager,1/1/2025,2025-11-09,2025-01,features_attributes.csv
CUS_0x4e5e,Piersong,28,269-02-3845,_______,1/1/2025,2025-11-09,2025-01,features_attributes.csv
CUS_0x4e8b,Sarahy,44,961-90-2351,Journalist,1/1/2025,2025-11-09,2025-01,features_attributes.csv
CUS_0x4ea4,Sobczakw,36,826-95-8297,Lawyer,1/1/2025,2025-11-09,2025-01,features_attributes.csv
CUS_0x4eea,Ryan Vlastelicai,43,316-42-8917,Mechanic,1/1/2025,2025-11-09,2025-01,features_attributes.csv
CUS_0x4ef6,Danx,39,164-29-1651,Scientist,1/1/2025,2025-11-09,2025-01,features_attributes.csv
CUS_0x4ef9,Valentinaz,49,925-98-4955,Teacher,1/1/2025,2025-11-09,2025-01,features_attributes.csv
CUS_0x4efc,Greg Roumeliotisz,37,981-75-4926,Musician,1/1/2025,2025-11-09,2025-01,features_attributes.csv
CUS_0x4f04,Suvashree Deyw,39,546-04-1407,Mechanic,1/1/2025,2025-11-09,2025-01,features_attributes.csv
CUS_0x4f2e,Dinesh Naird,32,682-80-2933,Developer,1/1/2025,2025-11-09,2025-01,features_attributes.csv
CUS_0x4f51,Jonathan Cableq,24,977-36-4651,Writer,1/1/2025,2025-11-09,2025-01,features_attributes.csv
CUS_0x4f6c,Gerry Shiho,29,774-32-4152,Doctor,1/1/2025,2025-11-09,2025-01,features_attributes.csv
CUS_0x4f7c,Adegokem,19,695-95-0589,Engineer,1/1/2025,2025-11-09,2025-01,features_attributes.csv
CUS_0x4fc2,Olesya Dmitracovae,50,#F%$D@*&8,Scientist,1/1/2025,2025-11-09,2025-01,features_attributes.csv
CUS_0x503f,Tommyo,37,912-49-8079,Musician,1/1/2025,2025-11-09,2025-01,features_attributes.csv
CUS_0x50af,Nickl,49,325-47-4777,Developer,1/1/2025,2025-11-09,2025-01,features_attributes.csv
CUS_0x512d,Honanq,16,291-73-4587,Engineer,1/1/2025,2025-11-09,2025-01,features_attributes.csv
CUS_0x51de,Maloneq,26,724-50-8362,Writer,1/1/2025,2025-11-09,2025-01,features_attributes.csv
CUS_0x526a,Marcy Nicholsong,19,094-69-2245,Musician,1/1/2025,2025-11-09,2025-01,features_attributes.csv
CUS_0x52c3,Levinek,22,942-61-3792,Mechanic,1/1/2025,2025-11-09,2025-01,features_attributes.csv
CUS_0x5313,Gavin Jonesq,21,378-22-0903,Entrepreneur,1/1/2025,2025-11-09,2025-01,features_attributes.csv
CUS_0x532a,Stempely,35,213-65-3582,Writer,1/1/2025,2025-11-09,2025-01,features_attributes.csv
CUS_0x533e,Elvina Nawagunax,45_,637-69-5055,Teacher,1/1/2025,2025-11-09,2025-01,features_attributes.csv
CUS_0x5352,Ellen Freilichz,41,237-02-3551,Lawyer,1/1/2025,2025-11-09,2025-01,features_attributes.csv
CUS_0x537e,Kristav,43,001-50-2460,Musician,1/1/2025,2025-11-09,2025-01,features_attributes.csv
CUS_0x53f7,Wanfeng Zhoum,54,623-92-8926,Lawyer,1/1/2025,2025-11-09,2025-01,features_attributes.csv
CUS_0x54b,Evaa,31,468-64-0497,Architect,1/1/2025,2025-11-09,2025-01,features_attributes.csv
CUS_0x54d0,Qing Xiaoyiy,24,754-96-9860,Musician,1/1/2025,2025-11-09,2025-01,features_attributes.csv
CUS_0x54e8,Euan Rochaz,36,115-27-3103,Lawyer,1/1/2025,2025-11-09,2025-01,features_attributes.csv
CUS_0x5522,Katya Wachtelx,45,635-99-7406,Scientist,1/1/2025,2025-11-09,2025-01,features_attributes.csv
CUS_0x556,Marjas,25,095-52-8820,Doctor,1/1/2025,2025-11-09,2025-01,features_attributes.csv
CUS_0x5672,Chikakop,51,059-66-4363,Scientist,1/1/2025,2025-11-09,2025-01,features_attributes.csv
CUS_0x578b,"\"Johnk",32,995-68-3472,Journalist,1/1/2025,2025-11-09,2025-01,features_attributes.csv
CUS_0x586c,Naomi Tajitsui,45_,935-19-6848,Lawyer,1/1/2025,2025-11-09,2025-01,features_attributes.csv
CUS_0x58b2,David Sheppardp,28,673-29-9342,Writer,1/1/2025,2025-11-09,2025-01,features_attributes.csv
CUS_0x58d7,Wahbad,32,480-45-2864,Teacher,1/1/2025,2025-11-09,2025-01,features_attributes.csv
CUS_0x5905,Jonathand,14,862-28-4220,Writer,1/1/2025,2025-11-09,2025-01,features_attributes.csv
CUS_0x5946,Margaret Chadbournn,32,393-21-4479,Writer,1/1/2025,2025-11-09,2025-01,features_attributes.csv
CUS_0x59bd,Patricko,41,792-25-6275,Architect,1/1/2025,2025-11-09,2025-01,features_attributes.csv
CUS_0x5a0f,Caseyq,26,915-49-9833,Musician,1/1/2025,2025-11-09,2025-01,features_attributes.csv
CUS_0x5a83,Erico,49,862-76-9527,Engineer,1/1/2025,2025-11-09,2025-01,features_attributes.csv
CUS_0x5a88,Poornimaj,17,237-24-8008,Teacher,1/1/2025,2025-11-09,2025-01,features_attributes.csv
CUS_0x5b37,Karen Freifeldx,40,599-63-0212,Lawyer,1/1/2025,2025-11-09,2025-01,features_attributes.csv
CUS_0x5b61,Levines,49,095-93-4022,_______,1/1/2025,2025-11-09,2025-01,features_attributes.csv
CUS_0x5b8,Hepheru,44,353-63-3716,Architect,1/1/2025,2025-11-09,2025-01,features_attributes.csv
CUS_0x5b8c,Jessica Wohle,53,022-86-4566,Lawyer,1/1/2025,2025-11-09,2025-01,features_attributes.csv
CUS_0x5c2c,Pattonp,41,703-41-8863,Mechanic,1/1/2025,2025-11-09,2025-01,features_attributes.csv
CUS_0x5cb6,Lefteris Papadimasw,43,361-21-7377,Scientist,1/1/2025,2025-11-09,2025-01,features_attributes.csv
CUS_0x5d14,Luciana Lopezq,24,666-63-9523,Scientist,1/1/2025,2025-11-09,2025-01,features_attributes.csv
CUS_0x5d5,Yimout,31,708-68-9338,Doctor,1/1/2025,2025-11-09,2025-01,features_attributes.csv
CUS_0x5d67,Ermanc,39,162-17-7776,Engineer,1/1/2025,2025-11-09,2025-01,features_attributes.csv
CUS_0x5d6a,Swetha Gopinathw,37,#F%$D@*&8,Entrepreneur,1/1/2025,2025-11-09,2025-01,features_attributes.csv
CUS_0x5da7,Sibonneyk,21,947-73-8082,Architect,1/1/2025,2025-11-09,2025-01,features_attributes.csv
CUS_0x5df9,Reesej,51,633-59-3264,Lawyer,1/1/2025,2025-11-09,2025-01,features_attributes.csv
CUS_0x5e17,Clarkew,33_,970-52-2075,Scientist,1/1/2025,2025-11-09,2025-01,features_attributes.csv
CUS_0x5ec2,Kyle Petersono,53,885-49-8193,Mechanic,1/1/2025,2025-11-09,2025-01,features_attributes.csv
CUS_0x5ed2,N.v,22,558-96-0647,Engineer,1/1/2025,2025-11-09,2025-01,features_attributes.csv
CUS_0x5edc,Davidu,24,190-51-3193,Accountant,1/1/2025,2025-11-09,2025-01,features_attributes.csv
CUS_0x5f05,Rafaeln,34,848-91-6762,Developer,1/1/2025,2025-11-09,2025-01,features_attributes.csv
CUS_0x5f22,Katharina Bartb,36,578-21-3436,Media_Manager,1/1/2025,2025-11-09,2025-01,features_attributes.csv
CUS_0x5f49,Loved,43,390-47-2531,Media_Manager,1/1/2025,2025-11-09,2025-01,features_attributes.csv
CUS_0x5fab,B.w,38,578-05-9422,Engineer,1/1/2025,2025-11-09,2025-01,features_attributes.csv
CUS_0x5fde,Donovanb,39,848-51-1133,Journalist,1/1/2025,2025-11-09,2025-01,features_attributes.csv
CUS_0x600e,Drawbaughp,50,121-87-3090,Manager,1/1/2025,2025-11-09,2025-01,features_attributes.csv
CUS_0x60c3,Steve Slaterg,51,448-88-3614,Scientist,1/1/2025,2025-11-09,2025-01,features_attributes.csv
CUS_0x614f,Rhysj,46,622-65-0067,Manager,1/1/2025,2025-11-09,2025-01,features_attributes.csv
CUS_0x61a7,Alastair Sharpa,35,859-61-0650,Accountant,1/1/2025,2025-11-09,2025-01,features_attributes.csv
CUS_0x6211,Spicerh,21,650-38-1015,Scientist,1/1/2025,2025-11-09,2025-01,features_attributes.csv
CUS_0x6244,Taigad,41,223-31-8165,Mechanic,1/1/2025,2025-11-09,2025-01,features_attributes.csv
CUS_0x62cd,Robertav,36,240-82-8070,Lawyer,1/1/2025,2025-11-09,2025-01,features_attributes.csv
CUS_0x63b1,Karenb,50,181-37-1532,Writer,1/1/2025,2025-11-09,2025-01,features_attributes.csv
CUS_0x63c,Patrickx,16,950-48-6281,Manager,1/1/2025,2025-11-09,2025-01,features_attributes.csv
CUS_0x647e,Alessr,40,433-00-3832,Manager,1/1/2025,2025-11-09,2025-01,features_attributes.csv
CUS_0x648a,Alank,20,016-90-7822,Media_Manager,1/1/2025,2025-11-09,2025-01,features_attributes.csv
CUS_0x6492,Herberta,25,120-75-9977,Doctor,1/1/2025,2025-11-09,2025-01,features_attributes.csv
CUS_0x6504,Mariannav,56,488-11-2449,Developer,1/1/2025,2025-11-09,2025-01,features_attributes.csv
CUS_0x65c0,Martellg,53,343-78-2263,Lawyer,1/1/2025,2025-11-09,2025-01,features_attributes.csv
CUS_0x65fe,Nicko,20,#F%$D@*&8,Scientist,1/1/2025,2025-11-09,2025-01,features_attributes.csv
CUS_0x6603,ra Alperz,2170,#F%$D@*&8,_______,1/1/2025,2025-11-09,2025-01,features_attributes.csv
CUS_0x665a,Szakacsp,39,274-38-8035,Engineer,1/1/2025,2025-11-09,2025-01,features_attributes.csv
CUS_0x6689,Reynoldsu,39,538-47-6608,Entrepreneur,1/1/2025,2025-11-09,2025-01,features_attributes.csv
CUS_0x66c4,Andjarsari Paramadithaf,24,904-42-4633,Accountant,1/1/2025,2025-11-09,2025-01,features_attributes.csv
CUS_0x66eb,Cremerm,2932,652-88-2122,Lawyer,1/1/2025,2025-11-09,2025-01,features_attributes.csv
CUS_0x6821,Sudipq,26,159-13-1368,Architect,1/1/2025,2025-11-09,2025-01,features_attributes.csv
CUS_0x6827,Denny Thomass,28,267-65-1367,Writer,1/1/2025,2025-11-09,2025-01,features_attributes.csv
CUS_0x682f,en Klaymant,20,941-62-4990,Writer,1/1/2025,2025-11-09,2025-01,features_attributes.csv
CUS_0x6891,Grazinag,20,781-08-4133,Architect,1/1/2025,2025-11-09,2025-01,features_attributes.csv
CUS_0x6895,Stephen Brownn,42,989-88-6895,Entrepreneur,1/1/2025,2025-11-09,2025-01,features_attributes.csv
CUS_0x68af,Karen Freifeldb,20,326-39-1205,Lawyer,1/1/2025,2025-11-09,2025-01,features_attributes.csv
CUS_0x68f6,Mutikaniw,32,176-81-8343,Media_Manager,1/1/2025,2025-11-09,2025-01,features_attributes.csv
CUS_0x692c,Malonex,56,979-11-8821,Lawyer,1/1/2025,2025-11-09,2025-01,features_attributes.csv
CUS_0x6997,Taiga Uranakab,28_,483-75-2737,Media_Manager,1/1/2025,2025-11-09,2025-01,features_attributes.csv
CUS_0x6a0b,Edwardm,31,389-82-7177,Developer,1/1/2025,2025-11-09,2025-01,features_attributes.csv
CUS_0x6a27,Steve Jamesn,4133,607-78-8122,Architect,1/1/2025,2025-11-09,2025-01,features_attributes.csv
CUS_0x6ae4,Daniel Basesy,23,604-88-3417,_______,1/1/2025,2025-11-09,2025-01,features_attributes.csv
CUS_0x6b3a,Nicola Leskez,38,578-99-4058,Doctor,1/1/2025,2025-11-09,2025-01,features_attributes.csv
CUS_0x6b61,Chikako Mogii,41,073-93-9541,_______,1/1/2025,2025-11-09,2025-01,features_attributes.csv
CUS_0x6bbd,Giseldas,27,162-72-0685,Developer,1/1/2025,2025-11-09,2025-01,features_attributes.csv
CUS_0x6bcf,Jan Strupczewskil,41,090-00-2258,Architect,1/1/2025,2025-11-09,2025-01,features_attributes.csv
CUS_0x6bd,Kirstinm,925,679-22-8597,Engineer,1/1/2025,2025-11-09,2025-01,features_attributes.csv
CUS_0x6bda,Ryan Vlastelicat,33,928-87-1423,Scientist,1/1/2025,2025-11-09,2025-01,features_attributes.csv
CUS_0x6c9b,Arunag,39,590-27-4725,Lawyer,1/1/2025,2025-11-09,2025-01,features_attributes.csv
CUS_0x6e6a,Norihikoc,54,#F%$D@*&8,Architect,1/1/2025,2025-11-09,2025-01,features_attributes.csv
CUS_0x6e6f,Vlastelicaj,17,314-01-7336,Musician,1/1/2025,2025-11-09,2025-01,features_attributes.csv
CUS_0x6eb2,Wanfeng Zhouz,25,693-12-5054,Journalist,1/1/2025,2025-11-09,2025-01,features_attributes.csv
CUS_0x6f0,Henryl,26,614-75-6938,Doctor,1/1/2025,2025-11-09,2025-01,features_attributes.csv
CUS_0x6f2d,Zahariat,48,474-41-2078,Lawyer,1/1/2025,2025-11-09,2025-01,features_attributes.csv
CUS_0x6f3b,Ortizo,52,594-88-0270,Writer,1/1/2025,2025-11-09,2025-01,features_attributes.csv
CUS_0x6f81,Wahbap,17,075-05-3919,Doctor,1/1/2025,2025-11-09,2025-01,features_attributes.csv
CUS_0x7058,Philipg,32,176-82-9202,Architect,1/1/2025,2025-11-09,2025-01,features_attributes.csv
CUS_0x708f,Koh Guiw,27,084-46-9177,Journalist,1/1/2025,2025-11-09,2025-01,features_attributes.csv
CUS_0x709a,Malathiw,33,205-66-6851,Doctor,1/1/2025,2025-11-09,2025-01,features_attributes.csv
CUS_0x71f1,Seetharamanj,36,114-05-0805,Lawyer,1/1/2025,2025-11-09,2025-01,features_attributes.csv
CUS_0x72e3,Paul Lienertw,23,698-36-9588,Engineer,1/1/2025,2025-11-09,2025-01,features_attributes.csv
CUS_0x7327,Vizcainoe,19,156-82-3458,Manager,1/1/2025,2025-11-09,2025-01,features_attributes.csv
CUS_0x74c9,Toonkelm,25,778-06-7158,Developer,1/1/2025,2025-11-09,2025-01,features_attributes.csv
CUS_0x751b,Schnurrv,51,309-10-8472,Entrepreneur,1/1/2025,2025-11-09,2025-01,features_attributes.csv
CUS_0x7561,Krudyc,18,515-48-0926,Scientist,1/1/2025,2025-11-09,2025-01,features_attributes.csv
CUS_0x756a,Stempela,43,547-30-4387,Writer,1/1/2025,2025-11-09,2025-01,features_attributes.csv
CUS_0x757,Holtonr,32,658-55-0822,Accountant,1/1/2025,2025-11-09,2025-01,features_attributes.csv
CUS_0x7586,Stevee,32,790-90-6437,Engineer,1/1/2025,2025-11-09,2025-01,features_attributes.csv
CUS_0x765,Taylorl,28,282-28-8981,Media_Manager,1/1/2025,2025-11-09,2025-01,features_attributes.csv
CUS_0x770a,Hughesk,35,288-28-5813,Entrepreneur,1/1/2025,2025-11-09,2025-01,features_attributes.csv
CUS_0x7741,Bosleyd,35,351-97-8678,Musician,1/1/2025,2025-11-09,2025-01,features_attributes.csv
CUS_0x7789,Sarahr,26,013-57-4539,Scientist,1/1/2025,2025-11-09,2025-01,features_attributes.csv
CUS_0x77b6,Philo,38,#F%$D@*&8,Manager,1/1/2025,2025-11-09,2025-01,features_attributes.csv
CUS_0x7813,Karenm,26,095-39-4425,Lawyer,1/1/2025,2025-11-09,2025-01,features_attributes.csv
CUS_0x78a2,"OGrady\"k",25,145-47-0135,Manager,1/1/2025,2025-11-09,2025-01,features_attributes.csv
CUS_0x796a,Edward Krudyn,51,722-62-6463,Musician,1/1/2025,2025-11-09,2025-01,features_attributes.csv
CUS_0x799b,Stephen Aldredz,34,280-45-0102,Engineer,1/1/2025,2025-11-09,2025-01,features_attributes.csv
CUS_0x7a46,Bullj,29_,954-07-2712,Journalist,1/1/2025,2025-11-09,2025-01,features_attributes.csv
CUS_0x7a76,Clare Jimd,30,513-52-8804,Teacher,1/1/2025,2025-11-09,2025-01,features_attributes.csv
CUS_0x7aad,Jimr,-500,679-12-3204,Musician,1/1/2025,2025-11-09,2025-01,features_attributes.csv
CUS_0x7ae1,Schnurra,22,416-76-5161,Teacher,1/1/2025,2025-11-09,2025-01,features_attributes.csv
CUS_0x7af7,Soyoungd,31,802-67-7093,Entrepreneur,1/1/2025,2025-11-09,2025-01,features_attributes.csv
CUS_0x7b4b,Nick Brownm,25_,065-77-9473,Scientist,1/1/2025,2025-11-09,2025-01,features_attributes.csv
CUS_0x7bb,Saeed Azharj,23,292-41-5261,Musician,1/1/2025,2025-11-09,2025-01,features_attributes.csv
CUS_0x7c34,Norihiko Shirouzun,28,326-05-4047,Entrepreneur,1/1/2025,2025-11-09,2025-01,features_attributes.csv
CUS_0x7c8d,Rhys Jonesi,23,313-03-7956,Media_Manager,1/1/2025,2025-11-09,2025-01,features_attributes.csv
CUS_0x7cc4,ra Prenticel,29,081-91-6835,Doctor,1/1/2025,2025-11-09,2025-01,features_attributes.csv
CUS_0x7cd3,Nawagunan,25,627-28-9742,Scientist,1/1/2025,2025-11-09,2025-01,features_attributes.csv
CUS_0x7cdc,Thomas Escritth,50_,303-66-3456,Developer,1/1/2025,2025-11-09,2025-01,features_attributes.csv
CUS_0x7d83,Dasguptaj,31,227-93-6471,Lawyer,1/1/2025,2025-11-09,2025-01,features_attributes.csv
CUS_0x7e18,Cremert,23,682-78-8709,Manager,1/1/2025,2025-11-09,2025-01,features_attributes.csv
CUS_0x7e50,Bend,4301_,882-21-7332,Writer,1/1/2025,2025-11-09,2025-01,features_attributes.csv
CUS_0x7e76,Emmanuel Olaoyec,38,650-77-3931,Teacher,1/1/2025,2025-11-09,2025-01,features_attributes.csv
CUS_0x7e7f,Emotou,45,171-52-8384,Doctor,1/1/2025,2025-11-09,2025-01,features_attributes.csv
CUS_0x7f2a,Finkleu,-500,971-11-8511,_______,1/1/2025,2025-11-09,2025-01,features_attributes.csv
CUS_0x7f67,illf,56,167-84-0564,Engineer,1/1/2025,2025-11-09,2025-01,features_attributes.csv
CUS_0x7f86,Sophieu,15,776-30-5677,Mechanic,1/1/2025,2025-11-09,2025-01,features_attributes.csv
CUS_0x7fd8,Tom Polansekj,33,035-35-9608,Musician,1/1/2025,2025-11-09,2025-01,features_attributes.csv
CUS_0x7fd9,en Deightono,56,#F%$D@*&8,Accountant,1/1/2025,2025-11-09,2025-01,features_attributes.csv
CUS_0x801,Naomiv,29,478-45-7247,Accountant,1/1/2025,2025-11-09,2025-01,features_attributes.csv
CUS_0x802f,Emily Flitterg,28,647-94-9183,Engineer,1/1/2025,2025-11-09,2025-01,features_attributes.csv
CUS_0x804e,Laurence Fletcherz,45,424-56-2527,Teacher,1/1/2025,2025-11-09,2025-01,features_attributes.csv
CUS_0x8091,Alisterp,20,403-00-0161,Developer,1/1/2025,2025-11-09,2025-01,features_attributes.csv
CUS_0x80ae,Joseph A.p,39,#F%$D@*&8,Mechanic,1/1/2025,2025-11-09,2025-01,features_attributes.csv
CUS_0x8140,Nickq,29,388-66-4056,Manager,1/1/2025,2025-11-09,2025-01,features_attributes.csv
CUS_0x8162,ernardo Vizcainoq,50,159-20-9590,Scientist,1/1/2025,2025-11-09,2025-01,features_attributes.csv
CUS_0x8261,Francescak,49_,946-68-5714,Engineer,1/1/2025,2025-11-09,2025-01,features_attributes.csv
CUS_0x8343,Rickf,53,942-59-0676,Teacher,1/1/2025,2025-11-09,2025-01,features_attributes.csv
CUS_0x851c,Matt Dailyj,15,535-59-9704,Musician,1/1/2025,2025-11-09,2025-01,features_attributes.csv
CUS_0x85d3,Sue Zeidlerq,38,797-70-1368,Lawyer,1/1/2025,2025-11-09,2025-01,features_attributes.csv
CUS_0x871,Gellerk,20,956-78-8536,Engineer,1/1/2025,2025-11-09,2025-01,features_attributes.csv
CUS_0x871c,Danielz,24,243-66-3824,Developer,1/1/2025,2025-11-09,2025-01,features_attributes.csv
CUS_0x872f,Bully,19,442-30-8588,_______,1/1/2025,2025-11-09,2025-01,features_attributes.csv
CUS_0x8743,Accardoq,26,640-76-9557,Teacher,1/1/2025,2025-11-09,2025-01,features_attributes.csv
CUS_0x8750,Patrickt,55,775-62-8217,Accountant,1/1/2025,2025-11-09,2025-01,features_attributes.csv
CUS_0x87d4,David Millikenw,23,135-14-9967,Entrepreneur,1/1/2025,2025-11-09,2025-01,features_attributes.csv
CUS_0x880,Herbertw,19,874-41-1891,Entrepreneur,1/1/2025,2025-11-09,2025-01,features_attributes.csv
CUS_0x8831,Paulr,44,728-18-0682,Media_Manager,1/1/2025,2025-11-09,2025-01,features_attributes.csv
CUS_0x8837,Kalrok,19,820-70-6282,Doctor,1/1/2025,2025-11-09,2025-01,features_attributes.csv
CUS_0x8873,Ryan Vlastelicag,44,191-16-0751,_______,1/1/2025,2025-11-09,2025-01,features_attributes.csv
CUS_0x88cb,Osamup,15,800-06-7430,_______,1/1/2025,2025-11-09,2025-01,features_attributes.csv
CUS_0x894f,Guptak,33,647-50-0887,Scientist,1/1/2025,2025-11-09,2025-01,features_attributes.csv
CUS_0x8a3,rianz,19,641-10-7375,Accountant,1/1/2025,2025-11-09,2025-01,features_attributes.csv
CUS_0x8aee,Chen Aizhux,20,407-37-6479,Writer,1/1/2025,2025-11-09,2025-01,features_attributes.csv
CUS_0x8b18,Danielj,41,#F%$D@*&8,Writer,1/1/2025,2025-11-09,2025-01,features_attributes.csv
CUS_0x8b38,Rothackerq,29,872-37-5162,Entrepreneur,1/1/2025,2025-11-09,2025-01,features_attributes.csv
CUS_0x8b98,Jeffrey Hodgsonu,44,901-85-5314,Lawyer,1/1/2025,2025-11-09,2025-01,features_attributes.csv
CUS_0x8c39,env,35,947-41-5130,Entrepreneur,1/1/2025,2025-11-09,2025-01,features_attributes.csv
CUS_0x8d3,Saitok,14,561-11-9757,Writer,1/1/2025,2025-11-09,2025-01,features_attributes.csv
CUS_0x8d69,Rebekahv,39,727-11-2348,Manager,1/1/2025,2025-11-09,2025-01,features_attributes.csv
CUS_0x8d72,Hideyukih,32,#F%$D@*&8,Entrepreneur,1/1/2025,2025-11-09,2025-01,features_attributes.csv
CUS_0x8d9d,Lw,27,835-67-2782,Manager,1/1/2025,2025-11-09,2025-01,features_attributes.csv
CUS_0x8e01,Tom Billx,22,759-73-9798,Engineer,1/1/2025,2025-11-09,2025-01,features_attributes.csv
CUS_0x8e89,Kate Holtonw,32,059-84-1813,Accountant,1/1/2025,2025-11-09,2025-01,features_attributes.csv
CUS_0x8eac,Dhanyax,20,558-73-0393,Journalist,1/1/2025,2025-11-09,2025-01,features_attributes.csv
CUS_0x8ee2,Sonalit,36,391-59-4407,Teacher,1/1/2025,2025-11-09,2025-01,features_attributes.csv
CUS_0x8f3,Terry Baynesd,41,280-61-0137,Scientist,1/1/2025,2025-11-09,2025-01,features_attributes.csv
CUS_0x8f35,Michael Ermano,20,201-78-5838,Mechanic,1/1/2025,2025-11-09,2025-01,features_attributes.csv
CUS_0x8f58,William Mallardb,20,090-30-0699,_______,1/1/2025,2025-11-09,2025-01,features_attributes.csv
CUS_0x8f69,Andreasd,19,001-91-2742,Lawyer,1/1/2025,2025-11-09,2025-01,features_attributes.csv
CUS_0x906c,N.u,16_,916-74-7841,Writer,1/1/2025,2025-11-09,2025-01,features_attributes.csv
CUS_0x9070,Himank Sharmad,31,117-73-0212,Scientist,1/1/2025,2025-11-09,2025-01,features_attributes.csv
CUS_0x9103,Palmert,42,832-61-3573,Mechanic,1/1/2025,2025-11-09,2025-01,features_attributes.csv
CUS_0x911e,Granto,38,430-60-9262,Architect,1/1/2025,2025-11-09,2025-01,features_attributes.csv
CUS_0x9148,Denist,33,805-29-0745,Entrepreneur,1/1/2025,2025-11-09,2025-01,features_attributes.csv
CUS_0x91b2,Brett Wolfv,34,779-31-9352,Manager,1/1/2025,2025-11-09,2025-01,features_attributes.csv
CUS_0x925,Helenx,-500,106-34-4700,Accountant,1/1/2025,2025-11-09,2025-01,features_attributes.csv
CUS_0x92c8,Ernest Scheyderb,31,703-48-9983,_______,1/1/2025,2025-11-09,2025-01,features_attributes.csv
CUS_0x93a5,Patrick Temple-Westt,45,905-92-0207,Lawyer,1/1/2025,2025-11-09,2025-01,features_attributes.csv
CUS_0x93a7,Jonathan Cablen,39,836-72-8180,Lawyer,1/1/2025,2025-11-09,2025-01,features_attributes.csv
CUS_0x93f,P.J. Huffstuttere,19,001-68-2340,Writer,1/1/2025,2025-11-09,2025-01,features_attributes.csv
CUS_0x9416,Bullj,31,757-14-4155,Writer,1/1/2025,2025-11-09,2025-01,features_attributes.csv
CUS_0x949f,Erinp,32_,527-92-0764,Entrepreneur,1/1/2025,2025-11-09,2025-01,features_attributes.csv
CUS_0x94ea,Ben Klaymanu,55,415-55-2149,Mechanic,1/1/2025,2025-11-09,2025-01,features_attributes.csv
CUS_0x9513,Ryan Vlastelicad,37,952-99-9037,_______,1/1/2025,2025-11-09,2025-01,features_attributes.csv
CUS_0x95ca,Andreak,50,604-74-3261,Accountant,1/1/2025,2025-11-09,2025-01,features_attributes.csv
CUS_0x9616,Naomiw,33,324-37-0157,Journalist,1/1/2025,2025-11-09,2025-01,features_attributes.csv
CUS_0x961e,Andreasg,44,679-62-7861,Architect,1/1/2025,2025-11-09,2025-01,features_attributes.csv
CUS_0x966b,Anau,38,941-68-5443,Scientist,1/1/2025,2025-11-09,2025-01,features_attributes.csv
CUS_0x976a,Steve Jamesm,29,429-46-2010,Mechanic,1/1/2025,2025-11-09,2025-01,features_attributes.csv
CUS_0x99cc,Bille,44,424-82-3402,Scientist,1/1/2025,2025-11-09,2025-01,features_attributes.csv
CUS_0x9a14,Eric Onstadr,35,461-14-8465,Developer,1/1/2025,2025-11-09,2025-01,features_attributes.csv
CUS_0x9ab4,Chavez-Dreyfusse,35,969-17-4818,Scientist,1/1/2025,2025-11-09,2025-01,features_attributes.csv
CUS_0x9acb,Slaterk,20_,955-93-2132,Developer,1/1/2025,2025-11-09,2025-01,features_attributes.csv
CUS_0x9c24,Spicern,31,858-57-6580,Doctor,1/1/2025,2025-11-09,2025-01,features_attributes.csv
CUS_0x9d0d,Chrisq,18,550-29-3197,Engineer,1/1/2025,2025-11-09,2025-01,features_attributes.csv
CUS_0x9d64,Clarkh,28,706-23-5738,Accountant,1/1/2025,2025-11-09,2025-01,features_attributes.csv
CUS_0x9e45,Martono,19,879-58-0155,Doctor,1/1/2025,2025-11-09,2025-01,features_attributes.csv
CUS_0x9e4d,Johnson Herbertm,25,827-69-2109,Engineer,1/1/2025,2025-11-09,2025-01,features_attributes.csv
CUS_0x9ed5,Ayeshal,21,137-27-3761,Teacher,1/1/2025,2025-11-09,2025-01,features_attributes.csv
CUS_0x9f08,Suvashree Deyp,37,214-00-2112,Journalist,1/1/2025,2025-11-09,2025-01,features_attributes.csv
CUS_0x9f20,Moira Herbsta,53,347-03-5379,Engineer,1/1/2025,2025-11-09,2025-01,features_attributes.csv
CUS_0x9f67,Linda Siegl,31,177-77-8308,Accountant,1/1/2025,2025-11-09,2025-01,features_attributes.csv
CUS_0x9f6c,Alexeih,24,765-21-4223,Accountant,1/1/2025,2025-11-09,2025-01,features_attributes.csv
CUS_0xa01,Ferreira-Marquesf,27,980-65-8757,Media_Manager,1/1/2025,2025-11-09,2025-01,features_attributes.csv
CUS_0xa03e,Patrick Ruckerb,31,596-37-3692,Scientist,1/1/2025,2025-11-09,2025-01,features_attributes.csv
CUS_0xa05,Kimh,21,246-60-3653,Media_Manager,1/1/2025,2025-11-09,2025-01,features_attributes.csv
CUS_0xa110,Katya Golubkovah,31,572-11-6331,Scientist,1/1/2025,2025-11-09,2025-01,features_attributes.csv
CUS_0xa122,P.J. Huffstutters,27,573-55-1351,Doctor,1/1/2025,2025-11-09,2025-01,features_attributes.csv
CUS_0xa1f6,ra Alpero,54,411-88-5165,Developer,1/1/2025,2025-11-09,2025-01,features_attributes.csv
CUS_0xa20f,Neil Maidmentv,35,042-35-5864,Journalist,1/1/2025,2025-11-09,2025-01,features_attributes.csv
CUS_0xa234,Suzanne Barlynb,16,668-83-2972,Media_Manager,1/1/2025,2025-11-09,2025-01,features_attributes.csv
CUS_0xa26b,Ros Krasnyp,27,703-94-0835,Accountant,1/1/2025,2025-11-09,2025-01,features_attributes.csv
CUS_0xa283,Lopezk,39,458-67-1891,Entrepreneur,1/1/2025,2025-11-09,2025-01,features_attributes.csv
CUS_0xa295,Patrick Temple-Westf,39,605-63-9678,Engineer,1/1/2025,2025-11-09,2025-01,features_attributes.csv
CUS_0xa2b0,Marcu,26,785-25-4393,Accountant,1/1/2025,2025-11-09,2025-01,features_attributes.csv
CUS_0xa2c1,Plumbf,56,264-85-9135,_______,1/1/2025,2025-11-09,2025-01,features_attributes.csv
CUS_0xa2f7,Kevinq,43,858-89-0350,Architect,1/1/2025,2025-11-09,2025-01,features_attributes.csv
CUS_0xa2f9,Millikeny,20,549-28-7620,_______,1/1/2025,2025-11-09,2025-01,features_attributes.csv
CUS_0xa3fa,Angelao,46,239-91-8699,Engineer,1/1/2025,2025-11-09,2025-01,features_attributes.csv
CUS_0xa407,McBrideo,29,354-91-6159,Entrepreneur,1/1/2025,2025-11-09,2025-01,features_attributes.csv
CUS_0xa40e,Taylort,17,180-10-7504,Developer,1/1/2025,2025-11-09,2025-01,features_attributes.csv
CUS_0xa420,Regane,26,504-06-3335,Accountant,1/1/2025,2025-11-09,2025-01,features_attributes.csv
CUS_0xa46c,Ru,45,372-17-9242,Teacher,1/1/2025,2025-11-09,2025-01,features_attributes.csv
CUS_0xa46e,Jessica Wohli,20,105-63-6085,Accountant,1/1/2025,2025-11-09,2025-01,features_attributes.csv
CUS_0xa47e,Leforty,18,852-55-6398,Architect,1/1/2025,2025-11-09,2025-01,features_attributes.csv
CUS_0xa495,Alperx,38,846-74-5800,Media_Manager,1/1/2025,2025-11-09,2025-01,features_attributes.csv
CUS_0xa4ee,Andrewz,18,595-44-8320,Journalist,1/1/2025,2025-11-09,2025-01,features_attributes.csv
CUS_0xa57,Krudyh,16,276-37-2086,Manager,1/1/2025,2025-11-09,2025-01,features_attributes.csv
CUS_0xa5a4,Silkel,19,810-65-1317,Mechanic,1/1/2025,2025-11-09,2025-01,features_attributes.csv
CUS_0xa5f4,Nehaw,25,099-36-7622,Manager,1/1/2025,2025-11-09,2025-01,features_attributes.csv
CUS_0xa614,Pauli,28,174-10-7823,Scientist,1/1/2025,2025-11-09,2025-01,features_attributes.csv
CUS_0xa6bd,Robin Pomeroyz,29,871-70-7348,Manager,1/1/2025,2025-11-09,2025-01,features_attributes.csv
CUS_0xa774,Terry Baynesr,36,948-36-8177,Doctor,1/1/2025,2025-11-09,2025-01,features_attributes.csv
CUS_0xa78b,Timothyl,6814,286-47-4960,Lawyer,1/1/2025,2025-11-09,2025-01,features_attributes.csv
CUS_0xa791,Lucia Mutikanie,23,582-81-5952,Architect,1/1/2025,2025-11-09,2025-01,features_attributes.csv
CUS_0xa7cc,Margaretj,21,495-58-1191,_______,1/1/2025,2025-11-09,2025-01,features_attributes.csv
CUS_0xa8d7,Jeremyy,54,583-63-4832,Architect,1/1/2025,2025-11-09,2025-01,features_attributes.csv
CUS_0xa8e2,Pollardi,33,025-92-7349,Doctor,1/1/2025,2025-11-09,2025-01,features_attributes.csv
CUS_0xa955,Gabriel Wildauf,42,861-50-3592,Mechanic,1/1/2025,2025-11-09,2025-01,features_attributes.csv
CUS_0xa9a6,Henry Foyi,27,600-76-4920,Musician,1/1/2025,2025-11-09,2025-01,features_attributes.csv
CUS_0xa9fc,Jeffreyl,36,790-50-8208,Architect,1/1/2025,2025-11-09,2025-01,features_attributes.csv
CUS_0xaa29,Lindap,49,794-72-8882,Writer,1/1/2025,2025-11-09,2025-01,features_attributes.csv
CUS_0xaa35,Wohlm,39,857-42-2339,Mechanic,1/1/2025,2025-11-09,2025-01,features_attributes.csv
CUS_0xaa53,Theopolis Watersb,52,516-01-8545,Teacher,1/1/2025,2025-11-09,2025-01,features_attributes.csv
CUS_0xaad7,George Georgiopoulosm,35,555-72-2698,Writer,1/1/2025,2025-11-09,2025-01,features_attributes.csv
CUS_0xab18,Drazeny,29,272-52-5234,Developer,1/1/2025,2025-11-09,2025-01,features_attributes.csv
CUS_0xab7b,Bosellih,21,530-16-2887,Developer,1/1/2025,2025-11-09,2025-01,features_attributes.csv
CUS_0xabcf,Pc,44,257-31-1398,Musician,1/1/2025,2025-11-09,2025-01,features_attributes.csv
CUS_0xabe7,Weirn,26,277-94-8379,Media_Manager,1/1/2025,2025-11-09,2025-01,features_attributes.csv
CUS_0xac15,Fiona Ortizm,17,283-04-4048,Entrepreneur,1/1/2025,2025-11-09,2025-01,features_attributes.csv
CUS_0xac31,Toyeru,25,580-52-0449,Engineer,1/1/2025,2025-11-09,2025-01,features_attributes.csv
CUS_0xac83,Anshuman Dagaw,29,552-58-3128,Teacher,1/1/2025,2025-11-09,2025-01,features_attributes.csv
CUS_0xad44,Timy,21,750-13-7289,Teacher,1/1/2025,2025-11-09,2025-01,features_attributes.csv
CUS_0xad53,Janv,37,903-50-0305,Lawyer,1/1/2025,2025-11-09,2025-01,features_attributes.csv
CUS_0xade0,Nadiav,26,648-90-8130,Engineer,1/1/2025,2025-11-09,2025-01,features_attributes.csv
CUS_0xae8,Milesk,41,433-92-1005,Teacher,1/1/2025,2025-11-09,2025-01,features_attributes.csv
CUS_0xaf8f,Jan Strupczewskiv,25,715-96-0590,Scientist,1/1/2025,2025-11-09,2025-01,features_attributes.csv
CUS_0xafc4,Sayantanii,19,913-98-6365,Lawyer,1/1/2025,2025-11-09,2025-01,features_attributes.csv
CUS_0xafdf,Leigh Thomasm,53,584-22-6688,Manager,1/1/2025,2025-11-09,2025-01,features_attributes.csv
CUS_0xb00e,Silvia Ognibenea,38,773-55-5934,Musician,1/1/2025,2025-11-09,2025-01,features_attributes.csv
CUS_0xb0a5,Stephenq,26,242-18-3151,_______,1/1/2025,2025-11-09,2025-01,features_attributes.csv
CUS_0xb11e,Sineadi,22,376-26-9388,Writer,1/1/2025,2025-11-09,2025-01,features_attributes.csv
CUS_0xb13c,Jennifert,33,528-06-6283,Musician,1/1/2025,2025-11-09,2025-01,features_attributes.csv
CUS_0xb163,Zaida Espanar,42,085-73-7726,Architect,1/1/2025,2025-11-09,2025-01,features_attributes.csv
CUS_0xb1aa,Ablanx,33,276-61-0743,Writer,1/1/2025,2025-11-09,2025-01,features_attributes.csv
CUS_0xb2c,Viswanatham,52,784-78-7776,Media_Manager,1/1/2025,2025-11-09,2025-01,features_attributes.csv
CUS_0xb387,Kevinj,51,963-72-7646,Scientist,1/1/2025,2025-11-09,2025-01,features_attributes.csv
CUS_0xb3b4,Daveyl,46,155-17-5900,Developer,1/1/2025,2025-11-09,2025-01,features_attributes.csv
CUS_0xb3d7,Greg Roumeliotisw,19,#F%$D@*&8,Teacher,1/1/2025,2025-11-09,2025-01,features_attributes.csv
CUS_0xb413,Chuck Mikolajczakx,20,235-59-4475,Musician,1/1/2025,2025-11-09,2025-01,features_attributes.csv
CUS_0xb458,Alexz,38,087-39-6979,Scientist,1/1/2025,2025-11-09,2025-01,features_attributes.csv
CUS_0xb486,Schnurrq,43,567-72-5507,Mechanic,1/1/2025,2025-11-09,2025-01,features_attributes.csv
CUS_0xb4c3,LaCaprao,36,577-67-1646,Doctor,1/1/2025,2025-11-09,2025-01,features_attributes.csv
CUS_0xb54e,Kevin Yaod,30,#F%$D@*&8,_______,1/1/2025,2025-11-09,2025-01,features_attributes.csv
CUS_0xb602,Suzanne Barlynb,38,876-52-7514,Media_Manager,1/1/2025,2025-11-09,2025-01,features_attributes.csv
CUS_0xb61c,Susan Taylorr,37,092-95-9665,Scientist,1/1/2025,2025-11-09,2025-01,features_attributes.csv
CUS_0xb647,Greg Roumeliotisy,30,702-88-1853,Doctor,1/1/2025,2025-11-09,2025-01,features_attributes.csv
CUS_0xb660,Jessicad,31,304-98-6409,Architect,1/1/2025,2025-11-09,2025-01,features_attributes.csv
CUS_0xb68,Michele Kambasl,34,578-86-5410,Musician,1/1/2025,2025-11-09,2025-01,features_attributes.csv
CUS_0xb6bb,Cheet,44,415-94-8307,Mechanic,1/1/2025,2025-11-09,2025-01,features_attributes.csv
CUS_0xb820,Leikag,21,642-28-5878,_______,1/1/2025,2025-11-09,2025-01,features_attributes.csv
CUS_0xb88c,Marcus Sternm,53,309-02-3479,Accountant,1/1/2025,2025-11-09,2025-01,features_attributes.csv
CUS_0xb96b,raf,47,046-69-1325,Manager,1/1/2025,2025-11-09,2025-01,features_attributes.csv
CUS_0xb99e,Jan Strupczewskid,32,496-36-8312,Scientist,1/1/2025,2025-11-09,2025-01,features_attributes.csv
CUS_0xbac7,Noelf,17,523-63-2982,Mechanic,1/1/2025,2025-11-09,2025-01,features_attributes.csv
CUS_0xbb07,Aruna Viswanathaz,45,636-78-3287,Mechanic,1/1/2025,2025-11-09,2025-01,features_attributes.csv
CUS_0xbb5a,Slaterh,17,970-54-7926,Accountant,1/1/2025,2025-11-09,2025-01,features_attributes.csv
CUS_0xbb77,Stevea,16,469-37-9263,Manager,1/1/2025,2025-11-09,2025-01,features_attributes.csv
CUS_0xbbd5,Clarat,22,707-39-3944,Media_Manager,1/1/2025,2025-11-09,2025-01,features_attributes.csv
CUS_0xbc40,Watersu,26,507-87-3579,Musician,1/1/2025,2025-11-09,2025-01,features_attributes.csv
CUS_0xbcc8,Anna Drivere,30,420-90-0566,_______,1/1/2025,2025-11-09,2025-01,features_attributes.csv
CUS_0xbd64,Paritosh Bansalr,27,488-49-1260,Manager,1/1/2025,2025-11-09,2025-01,features_attributes.csv
CUS_0xbd95,Kelleher Jessicag,36,235-61-1975,Journalist,1/1/2025,2025-11-09,2025-01,features_attributes.csv
CUS_0xbe1b,Kazunorit,44,853-17-1579,Developer,1/1/2025,2025-11-09,2025-01,features_attributes.csv
CUS_0xbe59,Horowitzn,18,103-15-0584,Entrepreneur,1/1/2025,2025-11-09,2025-01,features_attributes.csv
CUS_0xbe72,Lisau,31_,734-25-2086,Writer,1/1/2025,2025-11-09,2025-01,features_attributes.csv
CUS_0xbe83,Luciay,40,398-65-6897,Journalist,1/1/2025,2025-11-09,2025-01,features_attributes.csv
CUS_0xbea3,Bill Cheungk,15,127-36-3685,_______,1/1/2025,2025-11-09,2025-01,features_attributes.csv
CUS_0xbf8b,ewichu,35,448-71-2454,Writer,1/1/2025,2025-11-09,2025-01,features_attributes.csv
CUS_0xbfba,Rosemarie Franciscou,35,020-80-3233,Lawyer,1/1/2025,2025-11-09,2025-01,features_attributes.csv
CUS_0xbfbf,Tim Hephers,43,167-92-5388,Mechanic,1/1/2025,2025-11-09,2025-01,features_attributes.csv
CUS_0xbfc1,Casey Sullivann,42,449-42-3493,Engineer,1/1/2025,2025-11-09,2025-01,features_attributes.csv
CUS_0xbfef,Carrieb,47,245-34-2752,Media_Manager,1/1/2025,2025-11-09,2025-01,features_attributes.csv
CUS_0xbff8,Dhanya Skariachanl,36,758-99-6990,Lawyer,1/1/2025,2025-11-09,2025-01,features_attributes.csv
CUS_0xc067,Jedd,25,095-77-0243,Lawyer,1/1/2025,2025-11-09,2025-01,features_attributes.csv
CUS_0xc07f,Jeremyi,19,416-52-9051,Architect,1/1/2025,2025-11-09,2025-01,features_attributes.csv
CUS_0xc081,Richardd,-500,736-71-7699,Writer,1/1/2025,2025-11-09,2025-01,features_attributes.csv
CUS_0xc12b,Doug Palmerp,25,142-51-9683,Mechanic,1/1/2025,2025-11-09,2025-01,features_attributes.csv
CUS_0xc22c,Neavlingt,19,076-84-5319,Developer,1/1/2025,2025-11-09,2025-01,features_attributes.csv
CUS_0xc23c,Chungl,39,034-97-5921,Media_Manager,1/1/2025,2025-11-09,2025-01,features_attributes.csv
CUS_0xc299,Oleg Vukmanovicg,27,347-28-4438,Musician,1/1/2025,2025-11-09,2025-01,features_attributes.csv
CUS_0xc2a7,Paul Arnolda,25,790-76-9764,Developer,1/1/2025,2025-11-09,2025-01,features_attributes.csv
CUS_0xc2ae,Alexei Oreskovici,45,#F%$D@*&8,Doctor,1/1/2025,2025-11-09,2025-01,features_attributes.csv
CUS_0xc34a,David Millikenh,17,633-88-2115,Developer,1/1/2025,2025-11-09,2025-01,features_attributes.csv
CUS_0xc3b8,Parkm,17,370-83-2145,_______,1/1/2025,2025-11-09,2025-01,features_attributes.csv
CUS_0xc3c1,Emmanuelx,8105,512-79-2502,Musician,1/1/2025,2025-11-09,2025-01,features_attributes.csv
CUS_0xc405,Aditi Shahj,41,600-10-3827,Scientist,1/1/2025,2025-11-09,2025-01,features_attributes.csv
CUS_0xc48d,Soyoungm,38,525-99-8031,Writer,1/1/2025,2025-11-09,2025-01,features_attributes.csv
CUS_0xc4f2,Lu Jianxinm,33,525-81-0658,Musician,1/1/2025,2025-11-09,2025-01,features_attributes.csv
CUS_0xc5fd,Tarap,50,302-88-2882,Engineer,1/1/2025,2025-11-09,2025-01,features_attributes.csv
CUS_0xc6ba,Ronaldf,41,219-23-5757,Developer,1/1/2025,2025-11-09,2025-01,features_attributes.csv
CUS_0xcb9,Jasonm,29,879-60-3713,_______,1/1/2025,2025-11-09,2025-01,features_attributes.csv
CUS_0xcfd,Cruisek,32,631-39-4024,Lawyer,1/1/2025,2025-11-09,2025-01,features_attributes.csv
CUS_0xdb9,Katya Wachtelw,29,802-68-9774,Mechanic,1/1/2025,2025-11-09,2025-01,features_attributes.csv
CUS_0xdef,Anna Driveri,55,857-73-1928,Media_Manager,1/1/2025,2025-11-09,2025-01,features_attributes.csv
CUS_0xe91,Tovad,34,377-80-4073,Doctor,1/1/2025,2025-11-09,2025-01,features_attributes.csv
CUS_0xecb,Junkou,21,899-79-3678,_______,1/1/2025,2025-11-09,2025-01,features_attributes.csv
CUS_0xef7,Muriel Bosellil,36,983-42-6958,Mechanic,1/1/2025,2025-11-09,2025-01,features_attributes.csv
CUS_0xf15,Frankeld,26,881-11-1453,Developer,1/1/2025,2025-11-09,2025-01,features_attributes.csv
CUS_0xf60,Ingrams,17,929-19-3979,Lawyer,1/1/2025,2025-11-09,2025-01,features_attributes.csv
CUS_0xf74,Andrew Callusd,19,355-58-6584,Doctor,1/1/2025,2025-11-09,2025-01,features_attributes.csv
CUS_0xf95,Alexei Anishchukz,17_,082-42-3634,Entrepreneur,1/1/2025,2025-11-09,2025-01,features_attributes.csv
CUS_0xfdf,Zhua,56,099-84-4997,_______,1/1/2025,2025-11-09,2025-01,features_attributes.csv
