Customer_ID,Name,Age,SSN,Occupation,snapshot_date,ingest_dt,snap_ym,source_file
CUS_0x1048,Janet McGurtyg,27,808-81-2470,Accountant,1/2/2024,2025-11-09,2024-02,features_attributes.csv
CUS_0x10c0,Scheyderx,39,658-53-1756,Architect,1/2/2024,2025-11-09,2024-02,features_attributes.csv
CUS_0x115c,Ryan Vlastelicar,20,956-28-3067,Engineer,1/2/2024,2025-11-09,2024-02,features_attributes.csv
CUS_0x12b6,Slatere,18,652-60-9119,Writer,1/2/2024,2025-11-09,2024-02,features_attributes.csv
CUS_0x12b8,Cheef,29,706-59-9144,Doctor,1/2/2024,2025-11-09,2024-02,features_attributes.csv
CUS_0x12ef,Christiaans,43,912-09-9755,Mechanic,1/2/2024,2025-11-09,2024-02,features_attributes.csv
CUS_0x134d,Woldep,43,640-44-8899,Media_Manager,1/2/2024,2025-11-09,2024-02,features_attributes.csv
CUS_0x13c2,Menonv,40_,090-98-4724,Teacher,1/2/2024,2025-11-09,2024-02,features_attributes.csv
CUS_0x1414,Chatterjeeo,46,960-30-9698,Journalist,1/2/2024,2025-11-09,2024-02,features_attributes.csv
CUS_0x1470,Jatindrax,24,541-60-3931,Accountant,1/2/2024,2025-11-09,2024-02,features_attributes.csv
CUS_0x15cc,Anna Yukhananova,25,009-20-6501,Manager,1/2/2024,2025-11-09,2024-02,features_attributes.csv
CUS_0x15da,Lynch Emilyy,24,283-09-7565,Doctor,1/2/2024,2025-11-09,2024-02,features_attributes.csv
CUS_0x15f7,Dhanyal,19,#F%$D@*&8,Engineer,1/2/2024,2025-11-09,2024-02,features_attributes.csv
CUS_0x1739,Miyoung Kima,42,569-88-9911,Scientist,1/2/2024,2025-11-09,2024-02,features_attributes.csv
CUS_0x178b,Days,45,543-67-7876,Developer,1/2/2024,2025-11-09,2024-02,features_attributes.csv
CUS_0x17ec,Billz,39,853-62-7450,Architect,1/2/2024,2025-11-09,2024-02,features_attributes.csv
CUS_0x18f4,Lee Chyena,23,123-85-8897,Teacher,1/2/2024,2025-11-09,2024-02,features_attributes.csv
CUS_0x1914,Noriyuki Hiratar,23,885-45-5921,Lawyer,1/2/2024,2025-11-09,2024-02,features_attributes.csv
CUS_0x1935,Andreac,44,306-45-4223,Media_Manager,1/2/2024,2025-11-09,2024-02,features_attributes.csv
CUS_0x194b,Liza Dobkinan,29,661-41-7229,Engineer,1/2/2024,2025-11-09,2024-02,features_attributes.csv
CUS_0x19fc,Spicerf,31,502-11-8830,Teacher,1/2/2024,2025-11-09,2024-02,features_attributes.csv
CUS_0x1b3a,Jonesg,45,286-54-9844,Architect,1/2/2024,2025-11-09,2024-02,features_attributes.csv
CUS_0x1bb0,Alpera,48,415-44-1369,Entrepreneur,1/2/2024,2025-11-09,2024-02,features_attributes.csv
CUS_0x1bbf,Alexei Oreskovicj,20,889-53-4520,Media_Manager,1/2/2024,2025-11-09,2024-02,features_attributes.csv
CUS_0x1bef,Hopkinse,51,160-43-6314,Doctor,1/2/2024,2025-11-09,2024-02,features_attributes.csv
CUS_0x1c24,Narayanan Somasundaramy,27,931-29-3452,Manager,1/2/2024,2025-11-09,2024-02,features_attributes.csv
CUS_0x1c31,Siebelti,25,737-71-8641,Musician,1/2/2024,2025-11-09,2024-02,features_attributes.csv
CUS_0x1d3d,Martins,52,#F%$D@*&8,Doctor,1/2/2024,2025-11-09,2024-02,features_attributes.csv
CUS_0x1e50,Stephenw,29,812-89-6100,Lawyer,1/2/2024,2025-11-09,2024-02,features_attributes.csv
CUS_0x1ef9,illu,45,008-77-4539,Musician,1/2/2024,2025-11-09,2024-02,features_attributes.csv
CUS_0x1f4f,Rr,20,343-35-6258,Lawyer,1/2/2024,2025-11-09,2024-02,features_attributes.csv
CUS_0x1f91,Lefterisa,45,376-15-3251,Entrepreneur,1/2/2024,2025-11-09,2024-02,features_attributes.csv
CUS_0x1fa5,Hornbyd,15,826-82-7232,_______,1/2/2024,2025-11-09,2024-02,features_attributes.csv
CUS_0x1fcc,Noah Barkinb,27,515-77-3276,Media_Manager,1/2/2024,2025-11-09,2024-02,features_attributes.csv
CUS_0x2032,Andrea Shalal-Esav,33,543-06-7157,_______,1/2/2024,2025-11-09,2024-02,features_attributes.csv
CUS_0x20c4,Ana Nicolacik,43,352-92-3069,Manager,1/2/2024,2025-11-09,2024-02,features_attributes.csv
CUS_0x2127,Johnsonq,56,604-70-4065,Engineer,1/2/2024,2025-11-09,2024-02,features_attributes.csv
CUS_0x2170,yi,25,#F%$D@*&8,Media_Manager,1/2/2024,2025-11-09,2024-02,features_attributes.csv
CUS_0x2226,Euann,31,428-65-5300,Engineer,1/2/2024,2025-11-09,2024-02,features_attributes.csv
CUS_0x230c,Dunmoreu,18,185-59-9590,Scientist,1/2/2024,2025-11-09,2024-02,features_attributes.csv
CUS_0x231f,Groverd,20,335-74-0821,Architect,1/2/2024,2025-11-09,2024-02,features_attributes.csv
CUS_0x2358,Nate Raymondw,40,914-64-8225,Musician,1/2/2024,2025-11-09,2024-02,features_attributes.csv
CUS_0x2365,Browningo,43_,552-90-7532,Writer,1/2/2024,2025-11-09,2024-02,features_attributes.csv
CUS_0x237d,Bartunekt,30,297-24-1456,Developer,1/2/2024,2025-11-09,2024-02,features_attributes.csv
CUS_0x23d8,Scotte,35,008-94-6001,Entrepreneur,1/2/2024,2025-11-09,2024-02,features_attributes.csv
CUS_0x2438,Tetsushi Kajimotoq,1814,726-17-1913,Mechanic,1/2/2024,2025-11-09,2024-02,features_attributes.csv
CUS_0x25be,Rochag,22,136-25-7844,Media_Manager,1/2/2024,2025-11-09,2024-02,features_attributes.csv
CUS_0x25cd,Adamw,28_,050-78-7339,Entrepreneur,1/2/2024,2025-11-09,2024-02,features_attributes.csv
CUS_0x264c,Wachtela,43,902-94-4726,_______,1/2/2024,2025-11-09,2024-02,features_attributes.csv
CUS_0x2654,enj,38,647-67-8889,Media_Manager,1/2/2024,2025-11-09,2024-02,features_attributes.csv
CUS_0x26ff,Lauren Taraq,16,539-95-4727,Musician,1/2/2024,2025-11-09,2024-02,features_attributes.csv
CUS_0x277a,Ilainay,20,697-92-4285,Engineer,1/2/2024,2025-11-09,2024-02,features_attributes.csv
CUS_0x2825,Anna Yukhananovr,22,521-56-0765,Journalist,1/2/2024,2025-11-09,2024-02,features_attributes.csv
CUS_0x2855,Berniez,54,406-13-8367,Musician,1/2/2024,2025-11-09,2024-02,features_attributes.csv
CUS_0x2881,Alex Lawlerc,26,917-87-8940,Accountant,1/2/2024,2025-11-09,2024-02,features_attributes.csv
CUS_0x28a4,Yuny,29,012-37-7206,Writer,1/2/2024,2025-11-09,2024-02,features_attributes.csv
CUS_0x28f1,Hetznern,28,436-68-6267,Accountant,1/2/2024,2025-11-09,2024-02,features_attributes.csv
CUS_0x2a27,Jim Finklek,29,745-09-2908,Lawyer,1/2/2024,2025-11-09,2024-02,features_attributes.csv
CUS_0x2a30,Danilo Masonit,30,738-19-2481,Lawyer,1/2/2024,2025-11-09,2024-02,features_attributes.csv
CUS_0x2a36,Steve Gelsiv,28,422-39-2689,Engineer,1/2/2024,2025-11-09,2024-02,features_attributes.csv
CUS_0x2a91,Jane Wardellu,35,751-83-3561,Journalist,1/2/2024,2025-11-09,2024-02,features_attributes.csv
CUS_0x2ba9,Elizabetht,31,147-93-7804,Journalist,1/2/2024,2025-11-09,2024-02,features_attributes.csv
CUS_0x2beb,Kiharaz,32,#F%$D@*&8,Media_Manager,1/2/2024,2025-11-09,2024-02,features_attributes.csv
CUS_0x2c3c,Laurene,37,476-19-3594,_______,1/2/2024,2025-11-09,2024-02,features_attributes.csv
CUS_0x2d6f,Robert-Jan Bartuneky,49,011-31-9656,Teacher,1/2/2024,2025-11-09,2024-02,features_attributes.csv
CUS_0x2d9f,Isabelb,46,306-93-8783,Journalist,1/2/2024,2025-11-09,2024-02,features_attributes.csv
CUS_0x2daf,ra Alpern,14,023-84-7652,Developer,1/2/2024,2025-11-09,2024-02,features_attributes.csv
CUS_0x2dca,Krishna Kumarm,27,267-45-7214,Developer,1/2/2024,2025-11-09,2024-02,features_attributes.csv
CUS_0x2e72,Meenakshi Iyerk,18,756-40-7758,Scientist,1/2/2024,2025-11-09,2024-02,features_attributes.csv
CUS_0x2f0b,Georgiopoulosf,50,146-00-0705,_______,1/2/2024,2025-11-09,2024-02,features_attributes.csv
CUS_0x2f52,Roumeliotisz,31,124-08-3108,Entrepreneur,1/2/2024,2025-11-09,2024-02,features_attributes.csv
CUS_0x2fd8,Pavelk,48,360-83-0076,Musician,1/2/2024,2025-11-09,2024-02,features_attributes.csv
CUS_0x2fe0,Anns,24,899-52-1176,Developer,1/2/2024,2025-11-09,2024-02,features_attributes.csv
CUS_0x2ffe,Conlinx,3834_,453-58-5804,Doctor,1/2/2024,2025-11-09,2024-02,features_attributes.csv
CUS_0x3007,Riekad,30,205-57-6869,Journalist,1/2/2024,2025-11-09,2024-02,features_attributes.csv
CUS_0x3066,Chrish,36,813-02-4659,Musician,1/2/2024,2025-11-09,2024-02,features_attributes.csv
CUS_0x30c6,Miedemas,31,044-69-2702,Musician,1/2/2024,2025-11-09,2024-02,features_attributes.csv
CUS_0x30ca,Andrea Shalal-Esap,48,626-06-2719,Mechanic,1/2/2024,2025-11-09,2024-02,features_attributes.csv
CUS_0x3257,Tsvetelia Tsolovam,40,970-71-1911,Developer,1/2/2024,2025-11-09,2024-02,features_attributes.csv
CUS_0x3276,Norihiko Shirouzuf,42,016-61-1825,Doctor,1/2/2024,2025-11-09,2024-02,features_attributes.csv
CUS_0x3279,Lawrencev,41,837-88-8352,Writer,1/2/2024,2025-11-09,2024-02,features_attributes.csv
CUS_0x32e2,Sebastian Moffettp,44,162-29-6785,_______,1/2/2024,2025-11-09,2024-02,features_attributes.csv
CUS_0x3313,Valdmanisl,38,876-93-8728,Scientist,1/2/2024,2025-11-09,2024-02,features_attributes.csv
CUS_0x333f,rac,21,777-65-0580,Media_Manager,1/2/2024,2025-11-09,2024-02,features_attributes.csv
CUS_0x3394,Nick Brownv,42,787-74-8249,Journalist,1/2/2024,2025-11-09,2024-02,features_attributes.csv
CUS_0x3401,Hilary Russo,19,603-48-6260,Engineer,1/2/2024,2025-11-09,2024-02,features_attributes.csv
CUS_0x350e,Grantr,43,186-74-1693,Mechanic,1/2/2024,2025-11-09,2024-02,features_attributes.csv
CUS_0x3554,Lynchy,37,109-59-0887,Manager,1/2/2024,2025-11-09,2024-02,features_attributes.csv
CUS_0x364f,Patrick Temple-Westu,23,688-35-2854,Accountant,1/2/2024,2025-11-09,2024-02,features_attributes.csv
CUS_0x36ac,Christiaan Hetznern,27,454-00-0337,Accountant,1/2/2024,2025-11-09,2024-02,features_attributes.csv
CUS_0x36e1,Gellero,35,132-77-4921,Journalist,1/2/2024,2025-11-09,2024-02,features_attributes.csv
CUS_0x3769,Rick Rothackerx,47,328-70-5076,Media_Manager,1/2/2024,2025-11-09,2024-02,features_attributes.csv
CUS_0x376f,Chris Buckleyp,40_,623-90-3707,Doctor,1/2/2024,2025-11-09,2024-02,features_attributes.csv
CUS_0x37e5,Michelle Martinp,22,619-98-6329,Manager,1/2/2024,2025-11-09,2024-02,features_attributes.csv
CUS_0x37ea,Wanfengw,54_,435-51-0275,Scientist,1/2/2024,2025-11-09,2024-02,features_attributes.csv
CUS_0x38ad,Sierrat,34,790-82-5635,Media_Manager,1/2/2024,2025-11-09,2024-02,features_attributes.csv
CUS_0x38c6,"ODonnell\"y",34,697-65-7859,Teacher,1/2/2024,2025-11-09,2024-02,features_attributes.csv
CUS_0x38ca,Alex Frewf,28,197-51-0710,Architect,1/2/2024,2025-11-09,2024-02,features_attributes.csv
CUS_0x3a39,Amera,39,105-23-4167,Journalist,1/2/2024,2025-11-09,2024-02,features_attributes.csv
CUS_0x3a85,Nate Raymondo,29,058-58-1144,Musician,1/2/2024,2025-11-09,2024-02,features_attributes.csv
CUS_0x3ade,Josepho,29,085-36-7495,Writer,1/2/2024,2025-11-09,2024-02,features_attributes.csv
CUS_0x3afa,Masterz,38,202-41-1777,Teacher,1/2/2024,2025-11-09,2024-02,features_attributes.csv
CUS_0x3b83,Jamesv,41,251-47-9153,Entrepreneur,1/2/2024,2025-11-09,2024-02,features_attributes.csv
CUS_0x3ba0,Chyenf,23,719-92-2858,Manager,1/2/2024,2025-11-09,2024-02,features_attributes.csv
CUS_0x3baa,Katya Wachtelg,41,751-36-7857,Media_Manager,1/2/2024,2025-11-09,2024-02,features_attributes.csv
CUS_0x3c5e,Deepa Seetharamanb,24,516-91-0042,Media_Manager,1/2/2024,2025-11-09,2024-02,features_attributes.csv
CUS_0x3c96,Annika Breidthardtp,28,944-78-8108,Scientist,1/2/2024,2025-11-09,2024-02,features_attributes.csv
CUS_0x3cf1,Bakrm,37,#F%$D@*&8,Lawyer,1/2/2024,2025-11-09,2024-02,features_attributes.csv
CUS_0x3d73,Andrewj,25,742-78-8539,Developer,1/2/2024,2025-11-09,2024-02,features_attributes.csv
CUS_0x3dd5,Kevin Krolickir,15,853-66-3280,Mechanic,1/2/2024,2025-11-09,2024-02,features_attributes.csv
CUS_0x3df0,Lopezt,38,095-52-8522,Accountant,1/2/2024,2025-11-09,2024-02,features_attributes.csv
CUS_0x3e57,Valetkevitchm,15,#F%$D@*&8,Scientist,1/2/2024,2025-11-09,2024-02,features_attributes.csv
CUS_0x3ed3,Stempelq,35,291-67-0222,Mechanic,1/2/2024,2025-11-09,2024-02,features_attributes.csv
CUS_0x3ee4,Kylie MacLellang,26,097-94-1781,Doctor,1/2/2024,2025-11-09,2024-02,features_attributes.csv
CUS_0x3ef5,Robinsonl,32,259-09-9023,Doctor,1/2/2024,2025-11-09,2024-02,features_attributes.csv
CUS_0x3f5f,Barreran,44,#F%$D@*&8,Entrepreneur,1/2/2024,2025-11-09,2024-02,features_attributes.csv
CUS_0x3fdf,Martin Santah,37,#F%$D@*&8,Developer,1/2/2024,2025-11-09,2024-02,features_attributes.csv
CUS_0x3ff8,Brettu,29,537-63-5135,Media_Manager,1/2/2024,2025-11-09,2024-02,features_attributes.csv
CUS_0x4038,Piersona,19_,983-48-0825,Architect,1/2/2024,2025-11-09,2024-02,features_attributes.csv
CUS_0x4046,Janq,19,610-47-5862,Mechanic,1/2/2024,2025-11-09,2024-02,features_attributes.csv
CUS_0x407e,Greg Roumeliotish,36,303-58-1131,Lawyer,1/2/2024,2025-11-09,2024-02,features_attributes.csv
CUS_0x4100,Reema,32,#F%$D@*&8,Entrepreneur,1/2/2024,2025-11-09,2024-02,features_attributes.csv
CUS_0x415f,Flitterl,22,563-25-4248,Manager,1/2/2024,2025-11-09,2024-02,features_attributes.csv
CUS_0x4185,Chuckt,30,784-40-4293,Journalist,1/2/2024,2025-11-09,2024-02,features_attributes.csv
CUS_0x4196,Dyex,43,622-70-4870,Engineer,1/2/2024,2025-11-09,2024-02,features_attributes.csv
CUS_0x4218,Leskew,31,242-43-4434,Journalist,1/2/2024,2025-11-09,2024-02,features_attributes.csv
CUS_0x4242,Paritosh Bansaln,52,820-53-8739,Writer,1/2/2024,2025-11-09,2024-02,features_attributes.csv
CUS_0x42e6,Angela Moons,30_,811-31-7920,Manager,1/2/2024,2025-11-09,2024-02,features_attributes.csv
CUS_0x4339,Christopherh,34,#F%$D@*&8,Developer,1/2/2024,2025-11-09,2024-02,features_attributes.csv
CUS_0x437,Ross Kerberz,48,069-62-7151,Developer,1/2/2024,2025-11-09,2024-02,features_attributes.csv
CUS_0x4379,Hirschlerm,48,760-50-8474,Entrepreneur,1/2/2024,2025-11-09,2024-02,features_attributes.csv
CUS_0x4380,Whiten,31,261-79-5644,Writer,1/2/2024,2025-11-09,2024-02,features_attributes.csv
CUS_0x438d,Kimf,19,781-87-1917,Media_Manager,1/2/2024,2025-11-09,2024-02,features_attributes.csv
CUS_0x43b8,"OBrien\"j",43,435-15-9519,Engineer,1/2/2024,2025-11-09,2024-02,features_attributes.csv
CUS_0x43bc,Patrick Werrl,36,307-06-8196,Lawyer,1/2/2024,2025-11-09,2024-02,features_attributes.csv
CUS_0x4434,McCoolo,31,949-12-7408,Scientist,1/2/2024,2025-11-09,2024-02,features_attributes.csv
CUS_0x444b,Saeed Azharz,53,416-66-6368,Entrepreneur,1/2/2024,2025-11-09,2024-02,features_attributes.csv
CUS_0x458f,Kirschbaumr,41,711-94-5541,Accountant,1/2/2024,2025-11-09,2024-02,features_attributes.csv
CUS_0x467e,McCrankz,23,142-99-7800,Developer,1/2/2024,2025-11-09,2024-02,features_attributes.csv
CUS_0x46b6,Sarahe,38,443-48-7118,Entrepreneur,1/2/2024,2025-11-09,2024-02,features_attributes.csv
CUS_0x46eb,Johnm,32_,348-20-7816,Engineer,1/2/2024,2025-11-09,2024-02,features_attributes.csv
CUS_0x478,Rachelle Younglaih,42,880-82-1203,Doctor,1/2/2024,2025-11-09,2024-02,features_attributes.csv
CUS_0x480f,Lesley Wroughtond,48,557-78-3651,Doctor,1/2/2024,2025-11-09,2024-02,features_attributes.csv
CUS_0x4812,Edwardst,31,#F%$D@*&8,Accountant,1/2/2024,2025-11-09,2024-02,features_attributes.csv
CUS_0x4822,Eveline Danubratae,19,133-67-4826,Scientist,1/2/2024,2025-11-09,2024-02,features_attributes.csv
CUS_0x4889,Leskei,46,352-25-2221,Accountant,1/2/2024,2025-11-09,2024-02,features_attributes.csv
CUS_0x48a3,Jensenv,36,695-91-4434,Entrepreneur,1/2/2024,2025-11-09,2024-02,features_attributes.csv
CUS_0x48a6,Paola Arosiod,35,437-08-1423,Architect,1/2/2024,2025-11-09,2024-02,features_attributes.csv
CUS_0x4946,Fionam,42,121-29-4094,Architect,1/2/2024,2025-11-09,2024-02,features_attributes.csv
CUS_0x4a05,Martinne Gellerw,24_,100-32-8737,Entrepreneur,1/2/2024,2025-11-09,2024-02,features_attributes.csv
CUS_0x4a70,Raymonde,38,953-01-9783,Media_Manager,1/2/2024,2025-11-09,2024-02,features_attributes.csv
CUS_0x4b3c,Praveen Menony,22,#F%$D@*&8,Teacher,1/2/2024,2025-11-09,2024-02,features_attributes.csv
CUS_0x4b9f,Noela,50,097-74-3478,Media_Manager,1/2/2024,2025-11-09,2024-02,features_attributes.csv
CUS_0x4bda,Fayen Wongk,54,826-37-6944,Doctor,1/2/2024,2025-11-09,2024-02,features_attributes.csv
CUS_0x4bf7,"\"Johnd",28,070-11-7346,Teacher,1/2/2024,2025-11-09,2024-02,features_attributes.csv
CUS_0x4c6c,Dolans,19,055-37-7477,Musician,1/2/2024,2025-11-09,2024-02,features_attributes.csv
CUS_0x4c89,Dhanyar,39,978-02-8757,Entrepreneur,1/2/2024,2025-11-09,2024-02,features_attributes.csv
CUS_0x4d19,Svea Herbst-Baylissf,15,809-23-0817,_______,1/2/2024,2025-11-09,2024-02,features_attributes.csv
CUS_0x4d98,Slatern,28,969-41-1662,Entrepreneur,1/2/2024,2025-11-09,2024-02,features_attributes.csv
CUS_0x4dfb,Ryan Vlastelicac,33,618-74-3788,Architect,1/2/2024,2025-11-09,2024-02,features_attributes.csv
CUS_0x4e7d,Oleg Vukmanovicb,34,452-35-7319,_______,1/2/2024,2025-11-09,2024-02,features_attributes.csv
CUS_0x4edc,Katya Wachtelj,24,237-56-3090,Architect,1/2/2024,2025-11-09,2024-02,features_attributes.csv
CUS_0x4ef0,Rigbyx,21,797-45-1666,_______,1/2/2024,2025-11-09,2024-02,features_attributes.csv
CUS_0x4f4d,Prodhani,47,200-59-6688,Journalist,1/2/2024,2025-11-09,2024-02,features_attributes.csv
CUS_0x4f52,Joyce Leen,30,383-56-7851,Scientist,1/2/2024,2025-11-09,2024-02,features_attributes.csv
CUS_0x4f88,ewich Sineady,23,527-49-4203,Lawyer,1/2/2024,2025-11-09,2024-02,features_attributes.csv
CUS_0x501d,McCrankn,41,381-39-3121,Accountant,1/2/2024,2025-11-09,2024-02,features_attributes.csv
CUS_0x510d,Chavez-Dreyfussc,28,056-29-1977,Architect,1/2/2024,2025-11-09,2024-02,features_attributes.csv
CUS_0x5220,Christianu,31,822-95-3680,Musician,1/2/2024,2025-11-09,2024-02,features_attributes.csv
CUS_0x522c,Jochelleh,50,989-63-4213,_______,1/2/2024,2025-11-09,2024-02,features_attributes.csv
CUS_0x5255,Woodallq,46,917-67-4033,Engineer,1/2/2024,2025-11-09,2024-02,features_attributes.csv
CUS_0x5287,Kranzg,21,050-08-6245,Architect,1/2/2024,2025-11-09,2024-02,features_attributes.csv
CUS_0x52ee,Herbertw,22,827-19-3784,Manager,1/2/2024,2025-11-09,2024-02,features_attributes.csv
CUS_0x52f3,enb,52,323-41-6755,Teacher,1/2/2024,2025-11-09,2024-02,features_attributes.csv
CUS_0x52f7,Lesley Wroughtonw,23,813-17-7302,Lawyer,1/2/2024,2025-11-09,2024-02,features_attributes.csv
CUS_0x530b,Gregp,51,993-95-2241,_______,1/2/2024,2025-11-09,2024-02,features_attributes.csv
CUS_0x5354,Rodrigo Camposy,33,910-46-8987,Mechanic,1/2/2024,2025-11-09,2024-02,features_attributes.csv
CUS_0x53cc,"\"Martin der",26,773-37-9475,Accountant,1/2/2024,2025-11-09,2024-02,features_attributes.csv
CUS_0x53e2,Gerryq,46,545-02-2729,Media_Manager,1/2/2024,2025-11-09,2024-02,features_attributes.csv
CUS_0x53f3,Caroline Humerx,36,#F%$D@*&8,Musician,1/2/2024,2025-11-09,2024-02,features_attributes.csv
CUS_0x5446,Spiceri,44,264-43-4655,Media_Manager,1/2/2024,2025-11-09,2024-02,features_attributes.csv
CUS_0x54bf,Nateo,28,542-71-6415,Doctor,1/2/2024,2025-11-09,2024-02,features_attributes.csv
CUS_0x5510,Costaw,46,996-65-7108,Developer,1/2/2024,2025-11-09,2024-02,features_attributes.csv
CUS_0x557f,Kimc,20,574-13-2899,Developer,1/2/2024,2025-11-09,2024-02,features_attributes.csv
CUS_0x55bd,Emily Flitterr,42,024-80-3561,Doctor,1/2/2024,2025-11-09,2024-02,features_attributes.csv
CUS_0x55cd,Yoko Kubotat,47,613-69-6896,_______,1/2/2024,2025-11-09,2024-02,features_attributes.csv
CUS_0x562f,Sumeet Chatterjeew,-500,624-52-7163,Entrepreneur,1/2/2024,2025-11-09,2024-02,features_attributes.csv
CUS_0x569a,Sayantanix,32,182-85-5872,Doctor,1/2/2024,2025-11-09,2024-02,features_attributes.csv
CUS_0x5719,Jeremy Pelofskyk,28,196-15-9535,Writer,1/2/2024,2025-11-09,2024-02,features_attributes.csv
CUS_0x574,Paul Lienertn,38,298-39-3391,Entrepreneur,1/2/2024,2025-11-09,2024-02,features_attributes.csv
CUS_0x576c,Ann Saphirz,32,981-59-1781,Engineer,1/2/2024,2025-11-09,2024-02,features_attributes.csv
CUS_0x57c7,Jonathany,23,076-99-9914,Writer,1/2/2024,2025-11-09,2024-02,features_attributes.csv
CUS_0x581b,Camposi,23,919-59-4971,_______,1/2/2024,2025-11-09,2024-02,features_attributes.csv
CUS_0x587,Prodhanv,32,291-15-8697,Doctor,1/2/2024,2025-11-09,2024-02,features_attributes.csv
CUS_0x5875,Scottr,41,789-70-0408,Engineer,1/2/2024,2025-11-09,2024-02,features_attributes.csv
CUS_0x589f,Daryae,40,086-01-8876,Architect,1/2/2024,2025-11-09,2024-02,features_attributes.csv
CUS_0x58ef,Mirna Sleimanv,31,259-60-9040,Doctor,1/2/2024,2025-11-09,2024-02,features_attributes.csv
CUS_0x590,Patricia Reaneya,43,084-84-5855,Journalist,1/2/2024,2025-11-09,2024-02,features_attributes.csv
CUS_0x5964,Tim Kellym,26,649-82-4625,Scientist,1/2/2024,2025-11-09,2024-02,features_attributes.csv
CUS_0x5a8b,en Berkowitzh,39,127-28-6453,Teacher,1/2/2024,2025-11-09,2024-02,features_attributes.csv
CUS_0x5aa7,Manuelak,46,443-67-6181,Journalist,1/2/2024,2025-11-09,2024-02,features_attributes.csv
CUS_0x5b64,Woodallu,39,941-63-3418,Lawyer,1/2/2024,2025-11-09,2024-02,features_attributes.csv
CUS_0x5b7,Roumeliotist,44,135-89-9498,Scientist,1/2/2024,2025-11-09,2024-02,features_attributes.csv
CUS_0x5b9b,Kentaro Sugiyamaj,42,822-49-6874,Mechanic,1/2/2024,2025-11-09,2024-02,features_attributes.csv
CUS_0x5ba4,Daniel Flynni,22,814-56-6314,Scientist,1/2/2024,2025-11-09,2024-02,features_attributes.csv
CUS_0x5bfc,Katharinaf,22,456-24-4809,Engineer,1/2/2024,2025-11-09,2024-02,features_attributes.csv
CUS_0x5c31,Aqrawiw,29,846-74-3288,Accountant,1/2/2024,2025-11-09,2024-02,features_attributes.csv
CUS_0x5c59,"ro \"Manuelaj",39,555-77-9205,Architect,1/2/2024,2025-11-09,2024-02,features_attributes.csv
CUS_0x5c67,Anishchukx,32,677-56-5879,Accountant,1/2/2024,2025-11-09,2024-02,features_attributes.csv
CUS_0x5cff,Edward Krudyc,18,173-86-1649,Mechanic,1/2/2024,2025-11-09,2024-02,features_attributes.csv
CUS_0x5d1,Terryr,21,403-10-3773,Writer,1/2/2024,2025-11-09,2024-02,features_attributes.csv
CUS_0x5db2,Paulr,22,929-83-1124,Musician,1/2/2024,2025-11-09,2024-02,features_attributes.csv
CUS_0x5db9,Sebastiank,26,517-11-7660,Entrepreneur,1/2/2024,2025-11-09,2024-02,features_attributes.csv
CUS_0x5dca,Luv,39,016-75-7834,Accountant,1/2/2024,2025-11-09,2024-02,features_attributes.csv
CUS_0x5e33,Lesleys,28,095-07-4805,Developer,1/2/2024,2025-11-09,2024-02,features_attributes.csv
CUS_0x5e46,Dhanyaf,49,472-71-4758,Scientist,1/2/2024,2025-11-09,2024-02,features_attributes.csv
CUS_0x5eec,Sophie Sassardr,48,481-18-2270,Mechanic,1/2/2024,2025-11-09,2024-02,features_attributes.csv
CUS_0x5f3b,Steve Slateri,20,445-12-2586,Teacher,1/2/2024,2025-11-09,2024-02,features_attributes.csv
CUS_0x5f7e,Sabag,18,272-09-8561,_______,1/2/2024,2025-11-09,2024-02,features_attributes.csv
CUS_0x5fd8,Nigel Daviesn,48,147-85-0281,Musician,1/2/2024,2025-11-09,2024-02,features_attributes.csv
CUS_0x5fe3,Tommy Wilkesn,15,591-58-3798,Teacher,1/2/2024,2025-11-09,2024-02,features_attributes.csv
CUS_0x6000,Palmerf,25,280-96-0502,Developer,1/2/2024,2025-11-09,2024-02,features_attributes.csv
CUS_0x60d5,Lucia Mutikanip,50,329-64-3575,Doctor,1/2/2024,2025-11-09,2024-02,features_attributes.csv
CUS_0x61ab,Scuffhamf,33,670-22-4819,Doctor,1/2/2024,2025-11-09,2024-02,features_attributes.csv
CUS_0x61d3,Alwynx,26,#F%$D@*&8,Engineer,1/2/2024,2025-11-09,2024-02,features_attributes.csv
CUS_0x61e1,Sanjeev Miglaniq,30,703-69-2088,Manager,1/2/2024,2025-11-09,2024-02,features_attributes.csv
CUS_0x62ad,Carolen,45,178-27-9290,Accountant,1/2/2024,2025-11-09,2024-02,features_attributes.csv
CUS_0x62c6,B.u,20,860-36-1556,Writer,1/2/2024,2025-11-09,2024-02,features_attributes.csv
CUS_0x63b0,Economics Correspondentc,41,951-45-7111,Architect,1/2/2024,2025-11-09,2024-02,features_attributes.csv
CUS_0x6487,Laurencel,24,585-55-8857,Developer,1/2/2024,2025-11-09,2024-02,features_attributes.csv
CUS_0x65b9,Herbst-Baylisso,23,532-72-1174,Engineer,1/2/2024,2025-11-09,2024-02,features_attributes.csv
CUS_0x6617,Luciaw,33,276-40-7171,Writer,1/2/2024,2025-11-09,2024-02,features_attributes.csv
CUS_0x6630,Katya Wachtela,32,501-84-0465,Musician,1/2/2024,2025-11-09,2024-02,features_attributes.csv
CUS_0x66dd,Chaudhrya,17,502-46-7904,Lawyer,1/2/2024,2025-11-09,2024-02,features_attributes.csv
CUS_0x67de,Olesyaw,21,451-00-6663,Journalist,1/2/2024,2025-11-09,2024-02,features_attributes.csv
CUS_0x6829,Nicolacip,30,659-94-9530,Architect,1/2/2024,2025-11-09,2024-02,features_attributes.csv
CUS_0x684c,Dawsonl,15,215-51-4680,Entrepreneur,1/2/2024,2025-11-09,2024-02,features_attributes.csv
CUS_0x688e,Andrew Longstrethg,16,860-92-2220,Media_Manager,1/2/2024,2025-11-09,2024-02,features_attributes.csv
CUS_0x68c8,Andrei Khalipz,36,094-43-4653,Doctor,1/2/2024,2025-11-09,2024-02,features_attributes.csv
CUS_0x6919,Marck,25,962-28-0931,Doctor,1/2/2024,2025-11-09,2024-02,features_attributes.csv
CUS_0x6939,Nicolaj,34,633-98-1570,Accountant,1/2/2024,2025-11-09,2024-02,features_attributes.csv
CUS_0x6969,Emily Stephensonh,56,183-53-8906,Writer,1/2/2024,2025-11-09,2024-02,features_attributes.csv
CUS_0x6a55,Giuseppeh,54,106-36-5469,Mechanic,1/2/2024,2025-11-09,2024-02,features_attributes.csv
CUS_0x6a6,Mutikanip,48,240-37-4122,Accountant,1/2/2024,2025-11-09,2024-02,features_attributes.csv
CUS_0x6ad0,Baczynskaq,16,405-70-6631,Writer,1/2/2024,2025-11-09,2024-02,features_attributes.csv
CUS_0x6aec,Matt Dailyf,36_,#F%$D@*&8,Journalist,1/2/2024,2025-11-09,2024-02,features_attributes.csv
CUS_0x6b4d,Kirstenx,36,901-60-2835,Media_Manager,1/2/2024,2025-11-09,2024-02,features_attributes.csv
CUS_0x6b9f,arani Krishnanl,41,446-85-6477,Journalist,1/2/2024,2025-11-09,2024-02,features_attributes.csv
CUS_0x6c65,Groverj,28,#F%$D@*&8,_______,1/2/2024,2025-11-09,2024-02,features_attributes.csv
CUS_0x6ca8,Kates,52,515-45-8703,Doctor,1/2/2024,2025-11-09,2024-02,features_attributes.csv
CUS_0x6cd2,Ritsukoq,20,863-39-0169,Media_Manager,1/2/2024,2025-11-09,2024-02,features_attributes.csv
CUS_0x6cda,Dasguptau,-500,780-03-4283,Writer,1/2/2024,2025-11-09,2024-02,features_attributes.csv
CUS_0x6d70,arani Krishnanx,24,059-15-8950,Accountant,1/2/2024,2025-11-09,2024-02,features_attributes.csv
CUS_0x6db3,Alan Wheatleyr,34,588-36-6834,Lawyer,1/2/2024,2025-11-09,2024-02,features_attributes.csv
CUS_0x6e61,Herbst-Baylissq,19,974-44-7143,Teacher,1/2/2024,2025-11-09,2024-02,features_attributes.csv
CUS_0x6ecf,Nicki,18,644-77-4350,Engineer,1/2/2024,2025-11-09,2024-02,features_attributes.csv
CUS_0x6ed0,Jonathan Stempelo,43,621-86-5012,Journalist,1/2/2024,2025-11-09,2024-02,features_attributes.csv
CUS_0x6edb,Barre,15,264-57-9830,Journalist,1/2/2024,2025-11-09,2024-02,features_attributes.csv
CUS_0x6f38,Ransdellj,31,593-29-9633,Entrepreneur,1/2/2024,2025-11-09,2024-02,features_attributes.csv
CUS_0x6fa4,Papadimasv,17,945-98-1078,Manager,1/2/2024,2025-11-09,2024-02,features_attributes.csv
CUS_0x6fec,Svea Herbst-Baylissm,46,265-87-8866,Media_Manager,1/2/2024,2025-11-09,2024-02,features_attributes.csv
CUS_0x6fef,Davidu,36,838-11-0011,Entrepreneur,1/2/2024,2025-11-09,2024-02,features_attributes.csv
CUS_0x7040,Zhou Xinh,43,317-93-9186,Entrepreneur,1/2/2024,2025-11-09,2024-02,features_attributes.csv
CUS_0x7072,Maria Golovninai,31,208-85-9616,Teacher,1/2/2024,2025-11-09,2024-02,features_attributes.csv
CUS_0x70a3,Islan,20,291-89-8959,Accountant,1/2/2024,2025-11-09,2024-02,features_attributes.csv
CUS_0x715e,Langeg,18_,474-39-3036,Musician,1/2/2024,2025-11-09,2024-02,features_attributes.csv
CUS_0x71e8,Rajesh Kumarf,27,537-86-0139,Entrepreneur,1/2/2024,2025-11-09,2024-02,features_attributes.csv
CUS_0x7202,Georginax,42,437-84-3976,Lawyer,1/2/2024,2025-11-09,2024-02,features_attributes.csv
CUS_0x7227,Protardf,50_,338-77-4181,Writer,1/2/2024,2025-11-09,2024-02,features_attributes.csv
CUS_0x7231,Sarax,19,897-52-0754,Mechanic,1/2/2024,2025-11-09,2024-02,features_attributes.csv
CUS_0x7380,Dmitry Zhdannikovg,22,665-54-1424,Mechanic,1/2/2024,2025-11-09,2024-02,features_attributes.csv
CUS_0x73b1,Parisar,24,929-57-3185,Musician,1/2/2024,2025-11-09,2024-02,features_attributes.csv
CUS_0x73f1,Wanfeng Zhoux,26,406-87-6497,Mechanic,1/2/2024,2025-11-09,2024-02,features_attributes.csv
CUS_0x746,Guptax,25,351-34-4180,Journalist,1/2/2024,2025-11-09,2024-02,features_attributes.csv
CUS_0x753c,Vizcainoa,46,614-35-3519,Mechanic,1/2/2024,2025-11-09,2024-02,features_attributes.csv
CUS_0x756e,Renee Maltezoun,41,200-01-5537,_______,1/2/2024,2025-11-09,2024-02,features_attributes.csv
CUS_0x7620,Fionag,24,956-71-9457,Developer,1/2/2024,2025-11-09,2024-02,features_attributes.csv
CUS_0x7701,Klaymanv,52,369-38-9871,Entrepreneur,1/2/2024,2025-11-09,2024-02,features_attributes.csv
CUS_0x77b5,Kimq,39,008-70-2637,Media_Manager,1/2/2024,2025-11-09,2024-02,features_attributes.csv
CUS_0x77bf,Clarkb,46,454-70-8973,Entrepreneur,1/2/2024,2025-11-09,2024-02,features_attributes.csv
CUS_0x780c,John Stonestreetu,26,879-19-2481,Lawyer,1/2/2024,2025-11-09,2024-02,features_attributes.csv
CUS_0x7833,Alwynb,22,796-39-9783,Manager,1/2/2024,2025-11-09,2024-02,features_attributes.csv
CUS_0x784,George Georgiopoulosb,25,981-82-3993,_______,1/2/2024,2025-11-09,2024-02,features_attributes.csv
CUS_0x78d3,Jonase,35,790-07-2648,Journalist,1/2/2024,2025-11-09,2024-02,features_attributes.csv
CUS_0x795,Haysi,22,514-27-6028,Media_Manager,1/2/2024,2025-11-09,2024-02,features_attributes.csv
CUS_0x795b,Patricke,26,884-45-3366,Journalist,1/2/2024,2025-11-09,2024-02,features_attributes.csv
CUS_0x79a8,Reddallx,21,211-96-9068,Lawyer,1/2/2024,2025-11-09,2024-02,features_attributes.csv
CUS_0x79cb,Phil Wahbag,41,639-72-7206,Developer,1/2/2024,2025-11-09,2024-02,features_attributes.csv
CUS_0x7a0f,Soyoungc,32,838-98-6353,Architect,1/2/2024,2025-11-09,2024-02,features_attributes.csv
CUS_0x7ae7,Jasonx,15,#F%$D@*&8,Entrepreneur,1/2/2024,2025-11-09,2024-02,features_attributes.csv
CUS_0x7ae9,Natalia Zinetsb,31,786-60-9786,Scientist,1/2/2024,2025-11-09,2024-02,features_attributes.csv
CUS_0x7b1c,ey Swatiy,26,022-18-2145,Architect,1/2/2024,2025-11-09,2024-02,features_attributes.csv
CUS_0x7b3a,Clement Tank,27,084-00-6667,Scientist,1/2/2024,2025-11-09,2024-02,features_attributes.csv
CUS_0x7b65,Sineadv,28,751-96-2010,Mechanic,1/2/2024,2025-11-09,2024-02,features_attributes.csv
CUS_0x7d4d,Ronald Grovert,22,695-70-3700,Engineer,1/2/2024,2025-11-09,2024-02,features_attributes.csv
CUS_0x7d93,Arunax,40,695-08-9117,Engineer,1/2/2024,2025-11-09,2024-02,features_attributes.csv
CUS_0x7dd8,Phila,49,294-22-7448,_______,1/2/2024,2025-11-09,2024-02,features_attributes.csv
CUS_0x7e6d,Dhanya Skariachanw,42,507-12-2981,Writer,1/2/2024,2025-11-09,2024-02,features_attributes.csv
CUS_0x7ea0,Timothyr,28,944-28-2927,Musician,1/2/2024,2025-11-09,2024-02,features_attributes.csv
CUS_0x7ed9,Oreskovica,52_,687-32-4056,Engineer,1/2/2024,2025-11-09,2024-02,features_attributes.csv
CUS_0x7eda,Tanyau,36,692-50-2240,Doctor,1/2/2024,2025-11-09,2024-02,features_attributes.csv
CUS_0x7f5d,Valentina Zal,29,#F%$D@*&8,Teacher,1/2/2024,2025-11-09,2024-02,features_attributes.csv
CUS_0x7f70,Stephenx,54,878-29-0780,Journalist,1/2/2024,2025-11-09,2024-02,features_attributes.csv
CUS_0x7ff3,Oliviau,45,300-00-5065,Developer,1/2/2024,2025-11-09,2024-02,features_attributes.csv
CUS_0x804b,Douwe Miedemaq,48,799-49-2272,Accountant,1/2/2024,2025-11-09,2024-02,features_attributes.csv
CUS_0x8095,Hepherm,38,415-90-3271,Musician,1/2/2024,2025-11-09,2024-02,features_attributes.csv
CUS_0x8149,Tanya Agrawalm,30,846-26-8047,Writer,1/2/2024,2025-11-09,2024-02,features_attributes.csv
CUS_0x8175,ita Bosew,48,718-00-1352,Musician,1/2/2024,2025-11-09,2024-02,features_attributes.csv
CUS_0x817c,Emelia Sithole-Matarisek,22,256-84-4307,Entrepreneur,1/2/2024,2025-11-09,2024-02,features_attributes.csv
CUS_0x81ae,Deepa Seetharamany,18,437-30-2794,Accountant,1/2/2024,2025-11-09,2024-02,features_attributes.csv
CUS_0x81e2,James Regang,45,662-55-6547,Teacher,1/2/2024,2025-11-09,2024-02,features_attributes.csv
CUS_0x81ff,Alistairu,54,376-19-8597,Journalist,1/2/2024,2025-11-09,2024-02,features_attributes.csv
CUS_0x82a5,Zahariay,21,462-17-4966,Engineer,1/2/2024,2025-11-09,2024-02,features_attributes.csv
CUS_0x8359,Ruckerw,43,448-22-5128,Writer,1/2/2024,2025-11-09,2024-02,features_attributes.csv
CUS_0x83dc,Joseph Lichtermani,38,404-59-4055,_______,1/2/2024,2025-11-09,2024-02,features_attributes.csv
CUS_0x8466,Gabriel Wildauk,27,745-34-3416,Entrepreneur,1/2/2024,2025-11-09,2024-02,features_attributes.csv
CUS_0x847b,Martinneu,43,115-16-8280,Manager,1/2/2024,2025-11-09,2024-02,features_attributes.csv
CUS_0x84c9,Nicolaciv,55,779-66-2573,Lawyer,1/2/2024,2025-11-09,2024-02,features_attributes.csv
CUS_0x84df,Conor Humphriesf,37,362-28-3210,Media_Manager,1/2/2024,2025-11-09,2024-02,features_attributes.csv
CUS_0x857a,Matthiasq,19,763-45-1480,Engineer,1/2/2024,2025-11-09,2024-02,features_attributes.csv
CUS_0x858b,Peter Lauriag,24,270-22-4400,Media_Manager,1/2/2024,2025-11-09,2024-02,features_attributes.csv
CUS_0x85c0,Giannonef,41_,475-80-5537,Manager,1/2/2024,2025-11-09,2024-02,features_attributes.csv
CUS_0x85d5,Philz,54,174-26-1457,Scientist,1/2/2024,2025-11-09,2024-02,features_attributes.csv
CUS_0x8653,Yokoq,38,489-06-6512,Accountant,1/2/2024,2025-11-09,2024-02,features_attributes.csv
CUS_0x8661,Jan Strupczewskie,37_,887-22-9485,Accountant,1/2/2024,2025-11-09,2024-02,features_attributes.csv
CUS_0x86b5,Noah Barkinu,16,049-77-0285,Manager,1/2/2024,2025-11-09,2024-02,features_attributes.csv
CUS_0x86ea,Tom Milesy,51,026-34-4688,Accountant,1/2/2024,2025-11-09,2024-02,features_attributes.csv
CUS_0x8711,Yaod,30,855-80-6839,Writer,1/2/2024,2025-11-09,2024-02,features_attributes.csv
CUS_0x8725,Jessicai,50,992-37-2937,Engineer,1/2/2024,2025-11-09,2024-02,features_attributes.csv
CUS_0x872b,Shalal-Esat,26,199-14-9559,Mechanic,1/2/2024,2025-11-09,2024-02,features_attributes.csv
CUS_0x872d,Davea,19,104-21-7383,Architect,1/2/2024,2025-11-09,2024-02,features_attributes.csv
CUS_0x8853,Mollenkampi,34,926-84-8152,Journalist,1/2/2024,2025-11-09,2024-02,features_attributes.csv
CUS_0x887c,Copleyz,29,872-72-0456,Engineer,1/2/2024,2025-11-09,2024-02,features_attributes.csv
CUS_0x88a6,Christopher Doeringa,38,119-65-1556,Mechanic,1/2/2024,2025-11-09,2024-02,features_attributes.csv
CUS_0x8980,Hephery,53,729-65-2462,Engineer,1/2/2024,2025-11-09,2024-02,features_attributes.csv
CUS_0x8a47,Lisar,45,533-77-7750,Journalist,1/2/2024,2025-11-09,2024-02,features_attributes.csv
CUS_0x8a5c,Lynnley Browninge,34_,778-25-3886,_______,1/2/2024,2025-11-09,2024-02,features_attributes.csv
CUS_0x8a84,Felsenthald,28,880-61-7472,Accountant,1/2/2024,2025-11-09,2024-02,features_attributes.csv
CUS_0x8ac5,Valetkevitchx,21,590-17-9851,Scientist,1/2/2024,2025-11-09,2024-02,features_attributes.csv
CUS_0x8b8,Mackeye,39,111-65-7825,Teacher,1/2/2024,2025-11-09,2024-02,features_attributes.csv
CUS_0x8c03,Drivera,4670,739-21-8242,Scientist,1/2/2024,2025-11-09,2024-02,features_attributes.csv
CUS_0x8c2d,Stephen Aldreda,26,333-11-9700,Media_Manager,1/2/2024,2025-11-09,2024-02,features_attributes.csv
CUS_0x8c76,Jonathane,26,762-29-4014,Engineer,1/2/2024,2025-11-09,2024-02,features_attributes.csv
CUS_0x8cd4,Armstrongm,51,776-50-5932,Lawyer,1/2/2024,2025-11-09,2024-02,features_attributes.csv
CUS_0x8da1,Sujata Raog,46,360-75-0836,_______,1/2/2024,2025-11-09,2024-02,features_attributes.csv
CUS_0x8e3,Taro Fusea,41,463-96-1251,Accountant,1/2/2024,2025-11-09,2024-02,features_attributes.csv
CUS_0x8e4e,Henryh,16,214-10-3146,Writer,1/2/2024,2025-11-09,2024-02,features_attributes.csv
CUS_0x8e70,Tom Halsv,25,991-60-0129,Media_Manager,1/2/2024,2025-11-09,2024-02,features_attributes.csv
CUS_0x8e8b,Miker,30_,990-02-5969,Scientist,1/2/2024,2025-11-09,2024-02,features_attributes.csv
CUS_0x8ea5,Rodrigos,19,907-63-1866,Teacher,1/2/2024,2025-11-09,2024-02,features_attributes.csv
CUS_0x8eb2,Henrym,18,035-74-4421,_______,1/2/2024,2025-11-09,2024-02,features_attributes.csv
CUS_0x8ec5,Nick Edwardsf,2778,118-72-1060,Developer,1/2/2024,2025-11-09,2024-02,features_attributes.csv
CUS_0x8f3a,Estelle Shirbond,45,474-03-7921,Accountant,1/2/2024,2025-11-09,2024-02,features_attributes.csv
CUS_0x9002,Nickp,43,540-68-4591,Media_Manager,1/2/2024,2025-11-09,2024-02,features_attributes.csv
CUS_0x9053,Tom Polanseka,16_,421-12-3886,Manager,1/2/2024,2025-11-09,2024-02,features_attributes.csv
CUS_0x9081,Ricks,22,008-89-2880,Scientist,1/2/2024,2025-11-09,2024-02,features_attributes.csv
CUS_0x909a,Ingrid Mele,36,676-42-2158,_______,1/2/2024,2025-11-09,2024-02,features_attributes.csv
CUS_0x90e7,Beckerv,25,#F%$D@*&8,_______,1/2/2024,2025-11-09,2024-02,features_attributes.csv
CUS_0x917b,Pault,43,448-74-9798,Engineer,1/2/2024,2025-11-09,2024-02,features_attributes.csv
CUS_0x918d,Careyu,32_,214-34-0125,Developer,1/2/2024,2025-11-09,2024-02,features_attributes.csv
CUS_0x9263,Foo Yunm,30,939-68-0807,Manager,1/2/2024,2025-11-09,2024-02,features_attributes.csv
CUS_0x938,Fiona Ortizn,25_,#F%$D@*&8,Architect,1/2/2024,2025-11-09,2024-02,features_attributes.csv
CUS_0x93ad,Doug Palmera,30,146-84-6522,Architect,1/2/2024,2025-11-09,2024-02,features_attributes.csv
CUS_0x944c,Singhk,26,768-90-2112,Scientist,1/2/2024,2025-11-09,2024-02,features_attributes.csv
CUS_0x94d2,Langet,54,348-69-3594,Scientist,1/2/2024,2025-11-09,2024-02,features_attributes.csv
CUS_0x9535,Dineshp,17,178-60-8209,_______,1/2/2024,2025-11-09,2024-02,features_attributes.csv
CUS_0x953d,Ny,24,884-63-2579,Engineer,1/2/2024,2025-11-09,2024-02,features_attributes.csv
CUS_0x95a9,Laurence Frostd,55,080-54-9503,Teacher,1/2/2024,2025-11-09,2024-02,features_attributes.csv
CUS_0x9636,Joe Rauchh,506,025-09-5519,Teacher,1/2/2024,2025-11-09,2024-02,features_attributes.csv
CUS_0x965a,Elzio Barretol,29,955-52-5577,Scientist,1/2/2024,2025-11-09,2024-02,features_attributes.csv
CUS_0x968a,Emmad,42,553-92-5790,Lawyer,1/2/2024,2025-11-09,2024-02,features_attributes.csv
CUS_0x96e8,Escritte,24,928-09-7220,Musician,1/2/2024,2025-11-09,2024-02,features_attributes.csv
CUS_0x9772,Alexeih,30,073-04-0918,Doctor,1/2/2024,2025-11-09,2024-02,features_attributes.csv
CUS_0x97ec,Oreskovicc,39,#F%$D@*&8,Engineer,1/2/2024,2025-11-09,2024-02,features_attributes.csv
CUS_0x981c,Stevei,32_,248-83-8033,Mechanic,1/2/2024,2025-11-09,2024-02,features_attributes.csv
CUS_0x983b,Dan Levineg,24,618-79-9712,Accountant,1/2/2024,2025-11-09,2024-02,features_attributes.csv
CUS_0x987b,Jochelle Mendoncab,29,208-69-9004,Scientist,1/2/2024,2025-11-09,2024-02,features_attributes.csv
CUS_0x9893,Vlastelicaq,16,569-29-1543,_______,1/2/2024,2025-11-09,2024-02,features_attributes.csv
CUS_0x9894,Alan Wheatleyu,54,#F%$D@*&8,Writer,1/2/2024,2025-11-09,2024-02,features_attributes.csv
CUS_0x98c3,Adlerr,30,008-79-8963,_______,1/2/2024,2025-11-09,2024-02,features_attributes.csv
CUS_0x990e,Groverp,22,438-34-4439,Accountant,1/2/2024,2025-11-09,2024-02,features_attributes.csv
CUS_0x9974,Poornima Guptai,35,112-88-4961,Manager,1/2/2024,2025-11-09,2024-02,features_attributes.csv
CUS_0x99b,Karen Freifeldo,20,373-66-6828,Media_Manager,1/2/2024,2025-11-09,2024-02,features_attributes.csv
CUS_0x99b4,Leem,38,676-64-6048,Musician,1/2/2024,2025-11-09,2024-02,features_attributes.csv
CUS_0x99b9,Burkef,24,645-19-3305,Media_Manager,1/2/2024,2025-11-09,2024-02,features_attributes.csv
CUS_0x99e9,Gerryx,44,912-98-1836,Doctor,1/2/2024,2025-11-09,2024-02,features_attributes.csv
CUS_0x99ec,Amanw,22,809-25-3671,Scientist,1/2/2024,2025-11-09,2024-02,features_attributes.csv
CUS_0x9a1,Lee Chyeno,22,729-01-2024,Writer,1/2/2024,2025-11-09,2024-02,features_attributes.csv
CUS_0x9a43,La,45,066-97-7115,Mechanic,1/2/2024,2025-11-09,2024-02,features_attributes.csv
CUS_0x9ae6,Mari Saitoi,39,570-80-1811,Doctor,1/2/2024,2025-11-09,2024-02,features_attributes.csv
CUS_0x9b4c,ill Rigbys,37,129-84-0948,Doctor,1/2/2024,2025-11-09,2024-02,features_attributes.csv
CUS_0x9b81,Kambase,43,226-30-7230,Musician,1/2/2024,2025-11-09,2024-02,features_attributes.csv
CUS_0x9c1f,Kaori Kanekoc,28,818-95-8183,Teacher,1/2/2024,2025-11-09,2024-02,features_attributes.csv
CUS_0x9c55,Sinead Carews,38,877-77-1295,Musician,1/2/2024,2025-11-09,2024-02,features_attributes.csv
CUS_0x9ca,Vellacottf,39,401-46-8317,Mechanic,1/2/2024,2025-11-09,2024-02,features_attributes.csv
CUS_0x9cb8,Greg Roumeliotisx,21,551-17-7639,Media_Manager,1/2/2024,2025-11-09,2024-02,features_attributes.csv
CUS_0x9e41,Wanfengh,23,039-89-0333,Mechanic,1/2/2024,2025-11-09,2024-02,features_attributes.csv
CUS_0x9e7e,Yinka Adegokea,52_,126-99-9312,Entrepreneur,1/2/2024,2025-11-09,2024-02,features_attributes.csv
CUS_0x9ed9,Luca Trognih,46,867-19-4475,Entrepreneur,1/2/2024,2025-11-09,2024-02,features_attributes.csv
CUS_0xa090,Camposn,36,301-85-8354,Engineer,1/2/2024,2025-11-09,2024-02,features_attributes.csv
CUS_0xa130,Steven Scheery,23,834-71-0072,Journalist,1/2/2024,2025-11-09,2024-02,features_attributes.csv
CUS_0xa13f,Jessicaa,56,332-09-6552,Engineer,1/2/2024,2025-11-09,2024-02,features_attributes.csv
CUS_0xa156,Silvia Aloisiq,4431,#F%$D@*&8,Entrepreneur,1/2/2024,2025-11-09,2024-02,features_attributes.csv
CUS_0xa1b1,Jonathan Stempelm,41,081-44-2748,Architect,1/2/2024,2025-11-09,2024-02,features_attributes.csv
CUS_0xa1bc,Dan Wilchinsb,23,718-92-6793,Developer,1/2/2024,2025-11-09,2024-02,features_attributes.csv
CUS_0xa26,James Daveyn,42,604-83-5084,Lawyer,1/2/2024,2025-11-09,2024-02,features_attributes.csv
CUS_0xa2d5,Sophie Sassarde,36,#F%$D@*&8,Mechanic,1/2/2024,2025-11-09,2024-02,features_attributes.csv
CUS_0xa36d,Michelex,38,397-71-3346,Scientist,1/2/2024,2025-11-09,2024-02,features_attributes.csv
CUS_0xa39e,Nick Brownb,36,822-96-9212,Lawyer,1/2/2024,2025-11-09,2024-02,features_attributes.csv
CUS_0xa4dc,David Millikenp,26,501-07-9854,Journalist,1/2/2024,2025-11-09,2024-02,features_attributes.csv
CUS_0xa560,Mark Felsenthalr,395,316-70-8777,_______,1/2/2024,2025-11-09,2024-02,features_attributes.csv
CUS_0xa570,David Stanwaym,34,772-62-5695,Writer,1/2/2024,2025-11-09,2024-02,features_attributes.csv
CUS_0xa660,Kumarh,22,752-72-1728,Doctor,1/2/2024,2025-11-09,2024-02,features_attributes.csv
CUS_0xa68e,Euan Rochaz,15,089-19-7596,_______,1/2/2024,2025-11-09,2024-02,features_attributes.csv
CUS_0xa692,Jed Horowitzy,18,732-31-3576,Architect,1/2/2024,2025-11-09,2024-02,features_attributes.csv
CUS_0xa69f,Pedro day,38,685-51-3320,Teacher,1/2/2024,2025-11-09,2024-02,features_attributes.csv
CUS_0xa6d4,Nicola Lesken,41,231-06-2460,Journalist,1/2/2024,2025-11-09,2024-02,features_attributes.csv
CUS_0xa73b,Niveditak,41,341-87-3689,Scientist,1/2/2024,2025-11-09,2024-02,features_attributes.csv
CUS_0xa77f,Jeanine Preziosor,28,074-21-6507,Writer,1/2/2024,2025-11-09,2024-02,features_attributes.csv
CUS_0xa7c3,Vidalonw,15,327-52-9304,Doctor,1/2/2024,2025-11-09,2024-02,features_attributes.csv
CUS_0xa7f8,Nanetten,41,741-64-6836,Manager,1/2/2024,2025-11-09,2024-02,features_attributes.csv
CUS_0xa80c,Browningh,52,995-60-8424,Journalist,1/2/2024,2025-11-09,2024-02,features_attributes.csv
CUS_0xa87f,Scott Haggettw,34,446-92-6533,Musician,1/2/2024,2025-11-09,2024-02,features_attributes.csv
CUS_0xa8d6,Christiaan Hetznerh,27,176-81-8639,Journalist,1/2/2024,2025-11-09,2024-02,features_attributes.csv
CUS_0xa90c,Comlayq,41,071-17-4816,Media_Manager,1/2/2024,2025-11-09,2024-02,features_attributes.csv
CUS_0xa922,Rajeshx,43,375-11-4912,Writer,1/2/2024,2025-11-09,2024-02,features_attributes.csv
CUS_0xa93f,Andreas Cremerm,45,#F%$D@*&8,Teacher,1/2/2024,2025-11-09,2024-02,features_attributes.csv
CUS_0xa9c2,Fuchsq,16,331-82-4019,Lawyer,1/2/2024,2025-11-09,2024-02,features_attributes.csv
CUS_0xaa5,Sakarit,35_,593-90-9236,Media_Manager,1/2/2024,2025-11-09,2024-02,features_attributes.csv
CUS_0xaa68,Bhattacharjeeq,50,984-93-1916,Musician,1/2/2024,2025-11-09,2024-02,features_attributes.csv
CUS_0xab07,Jan Strupczewskil,14,551-02-6087,Accountant,1/2/2024,2025-11-09,2024-02,features_attributes.csv
CUS_0xab44,Flitterh,43,860-36-6944,Accountant,1/2/2024,2025-11-09,2024-02,features_attributes.csv
CUS_0xab83,John McCrankr,35,876-95-6250,Media_Manager,1/2/2024,2025-11-09,2024-02,features_attributes.csv
CUS_0xaba4,Patrick Temple-Westj,49,526-99-9750,Engineer,1/2/2024,2025-11-09,2024-02,features_attributes.csv
CUS_0xabc9,Ann Saphirp,35,691-56-6885,Accountant,1/2/2024,2025-11-09,2024-02,features_attributes.csv
CUS_0xac04,Beth Pinskery,34,250-68-8351,Mechanic,1/2/2024,2025-11-09,2024-02,features_attributes.csv
CUS_0xac2b,illg,41,080-40-4889,Teacher,1/2/2024,2025-11-09,2024-02,features_attributes.csv
CUS_0xacb0,Christian Plumbt,23,538-30-7231,Media_Manager,1/2/2024,2025-11-09,2024-02,features_attributes.csv
CUS_0xad55,Pauld,30,985-38-7873,Engineer,1/2/2024,2025-11-09,2024-02,features_attributes.csv
CUS_0xad5e,Fooy,32,467-83-2406,Lawyer,1/2/2024,2025-11-09,2024-02,features_attributes.csv
CUS_0xad7d,Leika Kiharam,28,561-15-5381,Architect,1/2/2024,2025-11-09,2024-02,features_attributes.csv
CUS_0xae52,Timw,26,200-26-8708,Architect,1/2/2024,2025-11-09,2024-02,features_attributes.csv
CUS_0xaeb2,Asia Chiefv,25,#F%$D@*&8,_______,1/2/2024,2025-11-09,2024-02,features_attributes.csv
CUS_0xaf0d,Thomas Ferrarou,16,370-40-4991,Manager,1/2/2024,2025-11-09,2024-02,features_attributes.csv
CUS_0xaf63,Edwardst,33,#F%$D@*&8,Media_Manager,1/2/2024,2025-11-09,2024-02,features_attributes.csv
CUS_0xaf88,Alison Griswoldn,54,291-33-2707,_______,1/2/2024,2025-11-09,2024-02,features_attributes.csv
CUS_0xb01f,Eva Kuehnenb,22,766-73-2626,Lawyer,1/2/2024,2025-11-09,2024-02,features_attributes.csv
CUS_0xb05b,Praveen Menonr,24,232-48-0599,Developer,1/2/2024,2025-11-09,2024-02,features_attributes.csv
CUS_0xb0ca,Lopezo,33,320-74-7615,_______,1/2/2024,2025-11-09,2024-02,features_attributes.csv
CUS_0xb0fd,Andreat,31,#F%$D@*&8,Architect,1/2/2024,2025-11-09,2024-02,features_attributes.csv
CUS_0xb107,Lukek,28,191-99-1702,Accountant,1/2/2024,2025-11-09,2024-02,features_attributes.csv
CUS_0xb14,Edwardk,3052,331-60-5414,Manager,1/2/2024,2025-11-09,2024-02,features_attributes.csv
CUS_0xb1f8,Kuehnene,47,410-81-2659,Writer,1/2/2024,2025-11-09,2024-02,features_attributes.csv
CUS_0xb25a,Nate Raymondf,41,027-13-2378,Architect,1/2/2024,2025-11-09,2024-02,features_attributes.csv
CUS_0xb2d5,Sullivane,15,#F%$D@*&8,Musician,1/2/2024,2025-11-09,2024-02,features_attributes.csv
CUS_0xb303,Pedror,27,286-26-8637,_______,1/2/2024,2025-11-09,2024-02,features_attributes.csv
CUS_0xb436,Simonn,26,941-83-2392,Entrepreneur,1/2/2024,2025-11-09,2024-02,features_attributes.csv
CUS_0xb4b7,Reddallv,31,252-13-8738,Journalist,1/2/2024,2025-11-09,2024-02,features_attributes.csv
CUS_0xb4ee,Soyoung Kimf,22,703-46-2158,Manager,1/2/2024,2025-11-09,2024-02,features_attributes.csv
CUS_0xb4f,Maltezouf,51,910-76-8436,Journalist,1/2/2024,2025-11-09,2024-02,features_attributes.csv
CUS_0xb53d,Annikac,35,729-06-8587,Media_Manager,1/2/2024,2025-11-09,2024-02,features_attributes.csv
CUS_0xb53e,Tim Kellyo,30,175-81-0535,Media_Manager,1/2/2024,2025-11-09,2024-02,features_attributes.csv
CUS_0xb56b,Leee,33,188-19-3911,Scientist,1/2/2024,2025-11-09,2024-02,features_attributes.csv
CUS_0xb5c6,Mayank Bhardwajr,40,174-39-8329,_______,1/2/2024,2025-11-09,2024-02,features_attributes.csv
CUS_0xb5e4,Arno Schuetzex,28,576-97-6011,Mechanic,1/2/2024,2025-11-09,2024-02,features_attributes.csv
CUS_0xb614,Reganh,29,#F%$D@*&8,Musician,1/2/2024,2025-11-09,2024-02,features_attributes.csv
CUS_0xb6e0,Aditi Shahb,24,318-50-9417,Manager,1/2/2024,2025-11-09,2024-02,features_attributes.csv
CUS_0xb805,Susan Kellyn,16,681-00-8612,Engineer,1/2/2024,2025-11-09,2024-02,features_attributes.csv
CUS_0xb808,Francesca Le,29,743-14-3427,_______,1/2/2024,2025-11-09,2024-02,features_attributes.csv
CUS_0xb87a,Farah Mastere,5784,271-91-2987,Mechanic,1/2/2024,2025-11-09,2024-02,features_attributes.csv
CUS_0xb918,Sabaj,22,088-43-6390,Lawyer,1/2/2024,2025-11-09,2024-02,features_attributes.csv
CUS_0xb92e,Nickq,16,#F%$D@*&8,Entrepreneur,1/2/2024,2025-11-09,2024-02,features_attributes.csv
CUS_0xb967,Jonathanm,31,914-80-2762,Doctor,1/2/2024,2025-11-09,2024-02,features_attributes.csv
CUS_0xb982,Richard Leongk,52,688-83-9384,Accountant,1/2/2024,2025-11-09,2024-02,features_attributes.csv
CUS_0xb9c8,Sheppardr,32,786-47-6474,Lawyer,1/2/2024,2025-11-09,2024-02,features_attributes.csv
CUS_0xb9cd,rar,20,521-86-5620,Mechanic,1/2/2024,2025-11-09,2024-02,features_attributes.csv
CUS_0xba9f,Bartzy,38,547-25-7904,_______,1/2/2024,2025-11-09,2024-02,features_attributes.csv
CUS_0xbabc,Marcz,20,953-01-4502,Media_Manager,1/2/2024,2025-11-09,2024-02,features_attributes.csv
CUS_0xbb1b,Siddharthn,14,883-52-1446,Doctor,1/2/2024,2025-11-09,2024-02,features_attributes.csv
CUS_0xbb26,David Henryn,33,384-21-7085,Architect,1/2/2024,2025-11-09,2024-02,features_attributes.csv
CUS_0xbb33,Christiaane,48,#F%$D@*&8,Media_Manager,1/2/2024,2025-11-09,2024-02,features_attributes.csv
CUS_0xbb69,Andrewl,22,278-17-1333,_______,1/2/2024,2025-11-09,2024-02,features_attributes.csv
CUS_0xbd06,Stanwayx,18,191-16-7901,Accountant,1/2/2024,2025-11-09,2024-02,features_attributes.csv
CUS_0xbd37,Guptaa,50,225-80-8282,Architect,1/2/2024,2025-11-09,2024-02,features_attributes.csv
CUS_0xbd3d,John Irisha,27,933-00-0712,Architect,1/2/2024,2025-11-09,2024-02,features_attributes.csv
CUS_0xbd4,Devitty,46,583-65-5183,Architect,1/2/2024,2025-11-09,2024-02,features_attributes.csv
CUS_0xbde6,Mark Felsenthalv,35,323-64-4752,Writer,1/2/2024,2025-11-09,2024-02,features_attributes.csv
CUS_0xbed,Tanr,47_,712-52-3134,Media_Manager,1/2/2024,2025-11-09,2024-02,features_attributes.csv
CUS_0xbede,Jamesg,21,626-12-6345,Media_Manager,1/2/2024,2025-11-09,2024-02,features_attributes.csv
CUS_0xbfa7,Emily Flitterb,18,918-55-8627,Accountant,1/2/2024,2025-11-09,2024-02,features_attributes.csv
CUS_0xbfcb,Michellex,26,054-86-7625,Developer,1/2/2024,2025-11-09,2024-02,features_attributes.csv
CUS_0xc04f,Nateg,31,037-08-1260,Manager,1/2/2024,2025-11-09,2024-02,features_attributes.csv
CUS_0xc0a4,Ryan Vlastelicao,50,696-32-3871,Developer,1/2/2024,2025-11-09,2024-02,features_attributes.csv
CUS_0xc0f3,Olzhas Auyezovu,42,734-44-8987,Musician,1/2/2024,2025-11-09,2024-02,features_attributes.csv
CUS_0xc140,Poornima Guptaj,21,982-14-9347,Entrepreneur,1/2/2024,2025-11-09,2024-02,features_attributes.csv
CUS_0xc143,Karens,25_,#F%$D@*&8,Lawyer,1/2/2024,2025-11-09,2024-02,features_attributes.csv
CUS_0xc156,Mohammedr,40,417-45-3942,Writer,1/2/2024,2025-11-09,2024-02,features_attributes.csv
CUS_0xc1a7,Walterk,44,730-89-2289,Musician,1/2/2024,2025-11-09,2024-02,features_attributes.csv
CUS_0xc247,rian Loveq,45,800-03-6665,Developer,1/2/2024,2025-11-09,2024-02,features_attributes.csv
CUS_0xc27,Nadia Damounih,42,#F%$D@*&8,Media_Manager,1/2/2024,2025-11-09,2024-02,features_attributes.csv
CUS_0xc317,Julien Toyerj,30,809-29-7678,Journalist,1/2/2024,2025-11-09,2024-02,features_attributes.csv
CUS_0xc3df,Kate Holtonj,22,468-78-1035,Accountant,1/2/2024,2025-11-09,2024-02,features_attributes.csv
CUS_0xc4e,Gianluca Semeraror,39,109-27-0987,Writer,1/2/2024,2025-11-09,2024-02,features_attributes.csv
CUS_0xc507,Catherine Hornbys,22,474-65-8064,Writer,1/2/2024,2025-11-09,2024-02,features_attributes.csv
CUS_0xc555,Smithh,32,680-58-3774,Entrepreneur,1/2/2024,2025-11-09,2024-02,features_attributes.csv
CUS_0xc5a5,Patrane,34,493-76-9159,Manager,1/2/2024,2025-11-09,2024-02,features_attributes.csv
CUS_0xc632,Brockp,25,645-54-6745,Journalist,1/2/2024,2025-11-09,2024-02,features_attributes.csv
CUS_0xc63a,Levinea,21_,801-06-2006,Accountant,1/2/2024,2025-11-09,2024-02,features_attributes.csv
CUS_0xc67b,Laurend,42,817-66-1241,Doctor,1/2/2024,2025-11-09,2024-02,features_attributes.csv
CUS_0xc76,Anna Ringstromm,43,916-79-7706,Mechanic,1/2/2024,2025-11-09,2024-02,features_attributes.csv
CUS_0xc78,Swatiq,39,906-90-3717,Teacher,1/2/2024,2025-11-09,2024-02,features_attributes.csv
CUS_0xc88,Greg Roumeliotish,45,354-83-1291,Doctor,1/2/2024,2025-11-09,2024-02,features_attributes.csv
CUS_0xce1,Oranb,40,035-74-7118,Scientist,1/2/2024,2025-11-09,2024-02,features_attributes.csv
CUS_0xe3f,Koh Guid,15,803-04-3619,Engineer,1/2/2024,2025-11-09,2024-02,features_attributes.csv
CUS_0xe47,Georgiopoulosj,48,722-81-1174,_______,1/2/2024,2025-11-09,2024-02,features_attributes.csv
CUS_0xec4,Jonathanb,53_,910-16-3301,Mechanic,1/2/2024,2025-11-09,2024-02,features_attributes.csv
CUS_0xf6c,Huffstutterl,55,128-03-0204,Writer,1/2/2024,2025-11-09,2024-02,features_attributes.csv
CUS_0xfa4,Ferrarot,40,380-95-6875,Manager,1/2/2024,2025-11-09,2024-02,features_attributes.csv
