Customer_ID,Name,Age,SSN,Occupation,snapshot_date,ingest_dt,snap_ym,source_file
CUS_0x1087,Alistairy,51,620-14-7570,Doctor,1/9/2024,2025-11-09,2024-09,features_attributes.csv
CUS_0x1138,Prodhanx,44,832-92-6672,Lawyer,1/9/2024,2025-11-09,2024-09,features_attributes.csv
CUS_0x121b,Cheeu,42,162-52-8159,Architect,1/9/2024,2025-11-09,2024-09,features_attributes.csv
CUS_0x1232,Lawderr,17,441-26-1297,Developer,1/9/2024,2025-11-09,2024-09,features_attributes.csv
CUS_0x140e,Myles Neliganp,41,622-11-3102,Engineer,1/9/2024,2025-11-09,2024-09,features_attributes.csv
CUS_0x1425,Eric Onstadq,34,502-31-6140,Teacher,1/9/2024,2025-11-09,2024-09,features_attributes.csv
CUS_0x146a,Ryanu,35,473-27-3479,Architect,1/9/2024,2025-11-09,2024-09,features_attributes.csv
CUS_0x14c2,Diane Bartzx,31,840-29-3626,Architect,1/9/2024,2025-11-09,2024-09,features_attributes.csv
CUS_0x14f1,Viswanathag,30,#F%$D@*&8,Engineer,1/9/2024,2025-11-09,2024-09,features_attributes.csv
CUS_0x14f6,Jarryj,655,095-65-3687,Doctor,1/9/2024,2025-11-09,2024-09,features_attributes.csv
CUS_0x161b,Pavel Polityukq,38,451-95-0188,Manager,1/9/2024,2025-11-09,2024-09,features_attributes.csv
CUS_0x165a,Margaret Chadbournw,36,863-16-0608,Architect,1/9/2024,2025-11-09,2024-09,features_attributes.csv
CUS_0x1691,Ermanr,44,003-83-8192,Media_Manager,1/9/2024,2025-11-09,2024-09,features_attributes.csv
CUS_0x16b6,Wongy,40,687-03-0707,Accountant,1/9/2024,2025-11-09,2024-09,features_attributes.csv
CUS_0x16ee,Tom Berginw,48,538-37-5854,_______,1/9/2024,2025-11-09,2024-09,features_attributes.csv
CUS_0x1750,Evar,37,270-38-6663,Teacher,1/9/2024,2025-11-09,2024-09,features_attributes.csv
CUS_0x1768,ra Alpert,37,738-21-7582,Writer,1/9/2024,2025-11-09,2024-09,features_attributes.csv
CUS_0x17fc,Andrea Shalal-Esac,26,833-42-2182,Entrepreneur,1/9/2024,2025-11-09,2024-09,features_attributes.csv
CUS_0x1821,Piersonm,18_,045-81-4729,Teacher,1/9/2024,2025-11-09,2024-09,features_attributes.csv
CUS_0x1883,David Millikenw,41,#F%$D@*&8,Lawyer,1/9/2024,2025-11-09,2024-09,features_attributes.csv
CUS_0x1884,Jens Hackg,15,829-82-5789,Accountant,1/9/2024,2025-11-09,2024-09,features_attributes.csv
CUS_0x18a2,Lindan,23,060-44-9617,Developer,1/9/2024,2025-11-09,2024-09,features_attributes.csv
CUS_0x19a9,Dhanya Skariachanh,28,923-50-7465,Engineer,1/9/2024,2025-11-09,2024-09,features_attributes.csv
CUS_0x1a71,Billv,19,708-94-5712,Engineer,1/9/2024,2025-11-09,2024-09,features_attributes.csv
CUS_0x1ad9,Robin Emmotto,22,625-37-5496,Journalist,1/9/2024,2025-11-09,2024-09,features_attributes.csv
CUS_0x1b2a,Noel Rx,21,315-88-0518,Teacher,1/9/2024,2025-11-09,2024-09,features_attributes.csv
CUS_0x1b3b,Greg Roumeliotisq,49,473-62-8692,Lawyer,1/9/2024,2025-11-09,2024-09,features_attributes.csv
CUS_0x1bb6,Ablans,20,#F%$D@*&8,Entrepreneur,1/9/2024,2025-11-09,2024-09,features_attributes.csv
CUS_0x1c7a,Clara Ferreira-Marquesx,32,324-22-8733,Mechanic,1/9/2024,2025-11-09,2024-09,features_attributes.csv
CUS_0x1cd7,Suvashree Deyi,19,112-26-4626,_______,1/9/2024,2025-11-09,2024-09,features_attributes.csv
CUS_0x1d13,Jany,23,132-53-5164,Musician,1/9/2024,2025-11-09,2024-09,features_attributes.csv
CUS_0x1d2b,Clarke,32,115-92-9660,Accountant,1/9/2024,2025-11-09,2024-09,features_attributes.csv
CUS_0x1d70,Slatere,21,655-19-8273,Media_Manager,1/9/2024,2025-11-09,2024-09,features_attributes.csv
CUS_0x1d8d,Leahp,21,306-63-6042,_______,1/9/2024,2025-11-09,2024-09,features_attributes.csv
CUS_0x1e98,Rodrigop,49,933-85-2688,Accountant,1/9/2024,2025-11-09,2024-09,features_attributes.csv
CUS_0x1ebf,Sarah McBridep,50,803-57-9764,_______,1/9/2024,2025-11-09,2024-09,features_attributes.csv
CUS_0x1eea,Madelinew,29,957-07-5513,_______,1/9/2024,2025-11-09,2024-09,features_attributes.csv
CUS_0x1f4a,Langi Chiangy,25,741-62-1913,Mechanic,1/9/2024,2025-11-09,2024-09,features_attributes.csv
CUS_0x211c,Viswanathap,22,859-11-2732,Writer,1/9/2024,2025-11-09,2024-09,features_attributes.csv
CUS_0x21b1,Rick Rothackerj,28,004-07-5839,Teacher,1/9/2024,2025-11-09,2024-09,features_attributes.csv
CUS_0x21c0,Krisztina Thans,54,385-18-5335,Media_Manager,1/9/2024,2025-11-09,2024-09,features_attributes.csv
CUS_0x21df,Bartn,34,106-67-3007,_______,1/9/2024,2025-11-09,2024-09,features_attributes.csv
CUS_0x2219,Lucas Shawq,40,453-62-6215,Architect,1/9/2024,2025-11-09,2024-09,features_attributes.csv
CUS_0x22cf,Emily Flittero,35,693-76-8377,Journalist,1/9/2024,2025-11-09,2024-09,features_attributes.csv
CUS_0x23b4,Baldwinu,35,255-74-3717,Developer,1/9/2024,2025-11-09,2024-09,features_attributes.csv
CUS_0x2418,David Lawders,23,458-08-6224,Writer,1/9/2024,2025-11-09,2024-09,features_attributes.csv
CUS_0x243e,Willsv,41,807-09-3439,Accountant,1/9/2024,2025-11-09,2024-09,features_attributes.csv
CUS_0x2467,Koh Guij,20,772-51-2153,Media_Manager,1/9/2024,2025-11-09,2024-09,features_attributes.csv
CUS_0x246d,Chris Wickhamw,23,680-78-0701,Media_Manager,1/9/2024,2025-11-09,2024-09,features_attributes.csv
CUS_0x253a,Jasone,17,580-53-4920,Accountant,1/9/2024,2025-11-09,2024-09,features_attributes.csv
CUS_0x2561,Farahj,32,433-00-9327,Doctor,1/9/2024,2025-11-09,2024-09,features_attributes.csv
CUS_0x2568,Seetharamanc,27,550-12-0825,Musician,1/9/2024,2025-11-09,2024-09,features_attributes.csv
CUS_0x25aa,Ilainaj,14,177-44-9176,Mechanic,1/9/2024,2025-11-09,2024-09,features_attributes.csv
CUS_0x25e3,Hirschlerz,30,177-35-0873,Journalist,1/9/2024,2025-11-09,2024-09,features_attributes.csv
CUS_0x25f7,Singha,28,627-53-3917,Teacher,1/9/2024,2025-11-09,2024-09,features_attributes.csv
CUS_0x2625,Schnurrx,35,623-33-7162,_______,1/9/2024,2025-11-09,2024-09,features_attributes.csv
CUS_0x268b,Andrea Shalal-Esag,28,647-38-6615,Scientist,1/9/2024,2025-11-09,2024-09,features_attributes.csv
CUS_0x26d2,Ridleyp,47,321-93-4142,Architect,1/9/2024,2025-11-09,2024-09,features_attributes.csv
CUS_0x270c,Yuej,34,218-40-1399,Architect,1/9/2024,2025-11-09,2024-09,features_attributes.csv
CUS_0x278b,Lucia Mutikaniz,37,190-83-1891,Musician,1/9/2024,2025-11-09,2024-09,features_attributes.csv
CUS_0x27fa,Tomt,47,544-49-9604,Manager,1/9/2024,2025-11-09,2024-09,features_attributes.csv
CUS_0x2829,Alistair Barre,32,172-85-1573,Journalist,1/9/2024,2025-11-09,2024-09,features_attributes.csv
CUS_0x28ef,Davidy,25,694-69-4113,Doctor,1/9/2024,2025-11-09,2024-09,features_attributes.csv
CUS_0x298f,Jackie Rangem,53,069-50-9238,Accountant,1/9/2024,2025-11-09,2024-09,features_attributes.csv
CUS_0x2996,Alister Bulld,53,575-10-2764,Mechanic,1/9/2024,2025-11-09,2024-09,features_attributes.csv
CUS_0x29ac,Daniel Basesf,27,708-00-9497,Musician,1/9/2024,2025-11-09,2024-09,features_attributes.csv
CUS_0x29b5,Ellenu,22,466-74-1374,Architect,1/9/2024,2025-11-09,2024-09,features_attributes.csv
CUS_0x2a8e,Annc,23,137-38-5121,Mechanic,1/9/2024,2025-11-09,2024-09,features_attributes.csv
CUS_0x2b00,Maushagenn,51,863-89-6228,Teacher,1/9/2024,2025-11-09,2024-09,features_attributes.csv
CUS_0x2b1c,Abbottg,47,843-09-7358,Teacher,1/9/2024,2025-11-09,2024-09,features_attributes.csv
CUS_0x2b57,Herbst-Baylissi,37,475-16-8677,Manager,1/9/2024,2025-11-09,2024-09,features_attributes.csv
CUS_0x2b62,Rothackere,39,788-00-6739,Developer,1/9/2024,2025-11-09,2024-09,features_attributes.csv
CUS_0x2c8d,Susanr,50,657-32-0636,Mechanic,1/9/2024,2025-11-09,2024-09,features_attributes.csv
CUS_0x2ded,Lisa Baertleina,53,985-21-8683,Engineer,1/9/2024,2025-11-09,2024-09,features_attributes.csv
CUS_0x2ee0,Oranz,26,372-70-7552,Media_Manager,1/9/2024,2025-11-09,2024-09,features_attributes.csv
CUS_0x2eed,Richard Cowank,38,578-81-4278,Manager,1/9/2024,2025-11-09,2024-09,features_attributes.csv
CUS_0x2efd,Stevel,20,637-80-3236,Writer,1/9/2024,2025-11-09,2024-09,features_attributes.csv
CUS_0x2f21,Christiaane,43,491-19-0912,_______,1/9/2024,2025-11-09,2024-09,features_attributes.csv
CUS_0x2f3d,Matthews,53_,591-99-1793,Teacher,1/9/2024,2025-11-09,2024-09,features_attributes.csv
CUS_0x2f7d,Lawderu,51,806-04-3537,Scientist,1/9/2024,2025-11-09,2024-09,features_attributes.csv
CUS_0x2fb1,Anahi Ramaq,24,620-09-6549,Journalist,1/9/2024,2025-11-09,2024-09,features_attributes.csv
CUS_0x30fd,Chuck Mikolajczakw,-500,198-74-1257,Developer,1/9/2024,2025-11-09,2024-09,features_attributes.csv
CUS_0x316a,Vidalonb,27,425-42-7056,Musician,1/9/2024,2025-11-09,2024-09,features_attributes.csv
CUS_0x32d1,Ianq,39,173-69-9224,Journalist,1/9/2024,2025-11-09,2024-09,features_attributes.csv
CUS_0x330a,Hirschlerw,41,936-92-2913,Entrepreneur,1/9/2024,2025-11-09,2024-09,features_attributes.csv
CUS_0x339e,Kimp,22,224-42-3295,Entrepreneur,1/9/2024,2025-11-09,2024-09,features_attributes.csv
CUS_0x33b0,Daniel Trottas,42,406-00-8686,Doctor,1/9/2024,2025-11-09,2024-09,features_attributes.csv
CUS_0x3518,Lynn Adlerv,32,744-42-7253,Writer,1/9/2024,2025-11-09,2024-09,features_attributes.csv
CUS_0x3553,Laurence Frosty,26,084-25-3745,Musician,1/9/2024,2025-11-09,2024-09,features_attributes.csv
CUS_0x3562,Marce,34,821-34-2286,Media_Manager,1/9/2024,2025-11-09,2024-09,features_attributes.csv
CUS_0x3586,Juliet,38,201-39-3947,Lawyer,1/9/2024,2025-11-09,2024-09,features_attributes.csv
CUS_0x35b4,Emic,14_,998-18-5319,Accountant,1/9/2024,2025-11-09,2024-09,features_attributes.csv
CUS_0x35dd,imartex,18,149-70-0176,Architect,1/9/2024,2025-11-09,2024-09,features_attributes.csv
CUS_0x3610,Steve Slaters,6588,908-07-4890,Mechanic,1/9/2024,2025-11-09,2024-09,features_attributes.csv
CUS_0x3660,Fergus Jensens,39_,396-24-2492,_______,1/9/2024,2025-11-09,2024-09,features_attributes.csv
CUS_0x3798,Rhysx,55,698-19-2277,Lawyer,1/9/2024,2025-11-09,2024-09,features_attributes.csv
CUS_0x37af,Berkowitzs,28,954-68-0668,Architect,1/9/2024,2025-11-09,2024-09,features_attributes.csv
CUS_0x37f8,Sarah N.b,25,733-93-6011,Accountant,1/9/2024,2025-11-09,2024-09,features_attributes.csv
CUS_0x3854,Kimt,21,774-91-6471,Manager,1/9/2024,2025-11-09,2024-09,features_attributes.csv
CUS_0x387e,Rick Rothackerv,37,926-26-5893,Mechanic,1/9/2024,2025-11-09,2024-09,features_attributes.csv
CUS_0x38b2,Malonel,30,379-55-6476,Media_Manager,1/9/2024,2025-11-09,2024-09,features_attributes.csv
CUS_0x3a26,Joseph Axb,29,421-39-6944,Architect,1/9/2024,2025-11-09,2024-09,features_attributes.csv
CUS_0x3a43,Silvio Casciones,45,414-10-3877,Engineer,1/9/2024,2025-11-09,2024-09,features_attributes.csv
CUS_0x3b52,Khettiya Jittapongv,41,139-21-1407,Manager,1/9/2024,2025-11-09,2024-09,features_attributes.csv
CUS_0x3c3a,Alexh,38,014-29-7065,_______,1/9/2024,2025-11-09,2024-09,features_attributes.csv
CUS_0x3cc8,Klaymang,44,047-34-0898,Architect,1/9/2024,2025-11-09,2024-09,features_attributes.csv
CUS_0x3e0b,Martella,23,949-90-0278,Writer,1/9/2024,2025-11-09,2024-09,features_attributes.csv
CUS_0x3e81,Chuck Mikolajczaky,20,443-33-4707,Manager,1/9/2024,2025-11-09,2024-09,features_attributes.csv
CUS_0x3efb,Douwe Miedemas,38,564-68-2942,Mechanic,1/9/2024,2025-11-09,2024-09,features_attributes.csv
CUS_0x3fbc,Dang,26,572-35-7205,Media_Manager,1/9/2024,2025-11-09,2024-09,features_attributes.csv
CUS_0x3fe1,Sineada,14,834-26-5561,Teacher,1/9/2024,2025-11-09,2024-09,features_attributes.csv
CUS_0x40e5,Chang-Ran Kimi,39,444-67-4226,Media_Manager,1/9/2024,2025-11-09,2024-09,features_attributes.csv
CUS_0x40f8,Michaelk,21,423-29-2528,Developer,1/9/2024,2025-11-09,2024-09,features_attributes.csv
CUS_0x41bf,Doeringq,44,693-64-7611,Journalist,1/9/2024,2025-11-09,2024-09,features_attributes.csv
CUS_0x41cc,Economics Correspondento,40_,823-14-2329,Accountant,1/9/2024,2025-11-09,2024-09,features_attributes.csv
CUS_0x41cd,Ronald Groverz,34,342-11-7845,Scientist,1/9/2024,2025-11-09,2024-09,features_attributes.csv
CUS_0x42ef,Marc Jonesb,28,661-18-0432,Lawyer,1/9/2024,2025-11-09,2024-09,features_attributes.csv
CUS_0x435f,Donnyr,50,229-91-0496,Teacher,1/9/2024,2025-11-09,2024-09,features_attributes.csv
CUS_0x43d,Carewh,42,240-16-7049,Entrepreneur,1/9/2024,2025-11-09,2024-09,features_attributes.csv
CUS_0x43ee,B.p,26,721-71-9089,Accountant,1/9/2024,2025-11-09,2024-09,features_attributes.csv
CUS_0x440e,Dougo,48,144-48-5573,Journalist,1/9/2024,2025-11-09,2024-09,features_attributes.csv
CUS_0x44e,Baertleiny,22_,915-39-1230,Doctor,1/9/2024,2025-11-09,2024-09,features_attributes.csv
CUS_0x4503,Zorans,53,667-99-2952,Developer,1/9/2024,2025-11-09,2024-09,features_attributes.csv
CUS_0x4657,Strupczewskim,23,840-29-9898,Journalist,1/9/2024,2025-11-09,2024-09,features_attributes.csv
CUS_0x46c4,Sudipl,25,570-10-0256,Manager,1/9/2024,2025-11-09,2024-09,features_attributes.csv
CUS_0x46de,Michel Rosew,25,046-57-2177,Accountant,1/9/2024,2025-11-09,2024-09,features_attributes.csv
CUS_0x4734,Luke Jeffss,21,839-25-8518,Manager,1/9/2024,2025-11-09,2024-09,features_attributes.csv
CUS_0x476c,Jessicae,28,643-75-6294,Manager,1/9/2024,2025-11-09,2024-09,features_attributes.csv
CUS_0x4775,Doris Frankelq,51,389-91-1194,Teacher,1/9/2024,2025-11-09,2024-09,features_attributes.csv
CUS_0x47bb,Gaffend,22,#F%$D@*&8,Writer,1/9/2024,2025-11-09,2024-09,features_attributes.csv
CUS_0x47c3,Rodrigot,53,589-34-3858,Journalist,1/9/2024,2025-11-09,2024-09,features_attributes.csv
CUS_0x47f1,Deepa Babingtonn,41,269-58-1027,Architect,1/9/2024,2025-11-09,2024-09,features_attributes.csv
CUS_0x4849,Kim Dixona,23,021-95-9989,Architect,1/9/2024,2025-11-09,2024-09,features_attributes.csv
CUS_0x48a0,Caroline Valetkevitcha,25,283-50-9361,Scientist,1/9/2024,2025-11-09,2024-09,features_attributes.csv
CUS_0x48aa,Klaymanf,21,884-77-6242,Architect,1/9/2024,2025-11-09,2024-09,features_attributes.csv
CUS_0x48be,Balad,45,835-01-3862,Mechanic,1/9/2024,2025-11-09,2024-09,features_attributes.csv
CUS_0x494c,Halpine,39,849-28-7686,Accountant,1/9/2024,2025-11-09,2024-09,features_attributes.csv
CUS_0x4a78,Francesco Guarasciom,34_,383-45-6241,Architect,1/9/2024,2025-11-09,2024-09,features_attributes.csv
CUS_0x4aa5,Andreah,43,090-87-8841,Mechanic,1/9/2024,2025-11-09,2024-09,features_attributes.csv
CUS_0x4ab7,Finklem,39,707-77-3263,Mechanic,1/9/2024,2025-11-09,2024-09,features_attributes.csv
CUS_0x4b6a,Kristenx,30,560-37-5114,_______,1/9/2024,2025-11-09,2024-09,features_attributes.csv
CUS_0x4b9,Kevin Yaou,16,200-47-7297,Musician,1/9/2024,2025-11-09,2024-09,features_attributes.csv
CUS_0x4c43,Yinkao,38,265-13-5943,Architect,1/9/2024,2025-11-09,2024-09,features_attributes.csv
CUS_0x4c4b,Alexv,51,866-43-5193,Media_Manager,1/9/2024,2025-11-09,2024-09,features_attributes.csv
CUS_0x4c83,Hutchisonp,47,326-69-1811,Scientist,1/9/2024,2025-11-09,2024-09,features_attributes.csv
CUS_0x4d2a,Stanleyp,15,770-44-2270,Writer,1/9/2024,2025-11-09,2024-09,features_attributes.csv
CUS_0x4d48,Ferreira-Marquesz,31,306-78-6269,Scientist,1/9/2024,2025-11-09,2024-09,features_attributes.csv
CUS_0x4d94,Seetharamanb,37,106-40-8801,Engineer,1/9/2024,2025-11-09,2024-09,features_attributes.csv
CUS_0x4e6e,Vlastelicad,54,758-72-3397,Scientist,1/9/2024,2025-11-09,2024-09,features_attributes.csv
CUS_0x4ea5,Schnurrk,46,407-67-3737,Mechanic,1/9/2024,2025-11-09,2024-09,features_attributes.csv
CUS_0x4eb3,Millikenu,1087,988-54-9029,Entrepreneur,1/9/2024,2025-11-09,2024-09,features_attributes.csv
CUS_0x4eca,Wroughtonu,21,572-29-0912,Scientist,1/9/2024,2025-11-09,2024-09,features_attributes.csv
CUS_0x4f3b,Karen Freifeldi,51,360-58-3081,Accountant,1/9/2024,2025-11-09,2024-09,features_attributes.csv
CUS_0x5000,Alison Leungg,33,149-70-0580,Entrepreneur,1/9/2024,2025-11-09,2024-09,features_attributes.csv
CUS_0x5073,riant,27,279-29-4520,Manager,1/9/2024,2025-11-09,2024-09,features_attributes.csv
CUS_0x50d5,Samuel Shenb,19,783-40-0022,Engineer,1/9/2024,2025-11-09,2024-09,features_attributes.csv
CUS_0x5128,Moonz,14,273-66-6843,Entrepreneur,1/9/2024,2025-11-09,2024-09,features_attributes.csv
CUS_0x5155,Terry Baynesh,28,082-20-7384,Teacher,1/9/2024,2025-11-09,2024-09,features_attributes.csv
CUS_0x5184,Seetharamana,22,998-89-8313,Architect,1/9/2024,2025-11-09,2024-09,features_attributes.csv
CUS_0x51b2,ernardt,18,403-71-9451,Journalist,1/9/2024,2025-11-09,2024-09,features_attributes.csv
CUS_0x5240,Caseyx,39,218-26-5179,Musician,1/9/2024,2025-11-09,2024-09,features_attributes.csv
CUS_0x52d5,Ryan Vlastelicaj,30,315-76-5024,Entrepreneur,1/9/2024,2025-11-09,2024-09,features_attributes.csv
CUS_0x52e5,Bakerg,27,485-23-9890,Doctor,1/9/2024,2025-11-09,2024-09,features_attributes.csv
CUS_0x53d1,Adlerc,44,226-19-2220,Mechanic,1/9/2024,2025-11-09,2024-09,features_attributes.csv
CUS_0x5523,Christiaan Hetznery,25,871-01-3296,Lawyer,1/9/2024,2025-11-09,2024-09,features_attributes.csv
CUS_0x553d,Danl,36,957-32-9386,_______,1/9/2024,2025-11-09,2024-09,features_attributes.csv
CUS_0x5543,Daviesa,34,819-22-3330,Writer,1/9/2024,2025-11-09,2024-09,features_attributes.csv
CUS_0x55e4,Wohld,28,053-71-8237,Lawyer,1/9/2024,2025-11-09,2024-09,features_attributes.csv
CUS_0x569d,Bijoy Anw,16,163-54-9984,Accountant,1/9/2024,2025-11-09,2024-09,features_attributes.csv
CUS_0x5721,Katharina Bartk,29,633-49-9564,Journalist,1/9/2024,2025-11-09,2024-09,features_attributes.csv
CUS_0x575c,Margaret Chadbourny,20,942-36-6717,Scientist,1/9/2024,2025-11-09,2024-09,features_attributes.csv
CUS_0x57b1,Alexeim,36,181-51-6545,Media_Manager,1/9/2024,2025-11-09,2024-09,features_attributes.csv
CUS_0x57c5,Nairp,28,929-59-4297,Engineer,1/9/2024,2025-11-09,2024-09,features_attributes.csv
CUS_0x57ca,George Georgiopoulosg,32,089-30-5268,Journalist,1/9/2024,2025-11-09,2024-09,features_attributes.csv
CUS_0x57f7,Johnsony,24,#F%$D@*&8,Mechanic,1/9/2024,2025-11-09,2024-09,features_attributes.csv
CUS_0x5883,Annay,35,757-65-2556,Accountant,1/9/2024,2025-11-09,2024-09,features_attributes.csv
CUS_0x58c5,Rier,27,780-95-9123,Lawyer,1/9/2024,2025-11-09,2024-09,features_attributes.csv
CUS_0x5911,Jed Horowitzo,40_,529-55-1041,_______,1/9/2024,2025-11-09,2024-09,features_attributes.csv
CUS_0x59b6,Scuffhamk,53,315-03-3600,_______,1/9/2024,2025-11-09,2024-09,features_attributes.csv
CUS_0x5a1a,Daniel Satarupau,-500,#F%$D@*&8,Journalist,1/9/2024,2025-11-09,2024-09,features_attributes.csv
CUS_0x5b9d,Saqib Iqbalp,45,192-16-9048,Mechanic,1/9/2024,2025-11-09,2024-09,features_attributes.csv
CUS_0x5c09,Huangr,15,758-97-8399,Architect,1/9/2024,2025-11-09,2024-09,features_attributes.csv
CUS_0x5c72,Edwing,30,039-93-2137,Entrepreneur,1/9/2024,2025-11-09,2024-09,features_attributes.csv
CUS_0x5d44,Louiseb,25,272-17-8252,Architect,1/9/2024,2025-11-09,2024-09,features_attributes.csv
CUS_0x5d91,Karenu,18,018-41-6428,Engineer,1/9/2024,2025-11-09,2024-09,features_attributes.csv
CUS_0x5ea7,Carrelt,31,930-79-9858,Entrepreneur,1/9/2024,2025-11-09,2024-09,features_attributes.csv
CUS_0x5ee,Laurence Frostj,35,620-05-1729,_______,1/9/2024,2025-11-09,2024-09,features_attributes.csv
CUS_0x5f0e,Sarahl,40,695-28-7940,Engineer,1/9/2024,2025-11-09,2024-09,features_attributes.csv
CUS_0x5f37,Tomn,37,472-20-2423,Accountant,1/9/2024,2025-11-09,2024-09,features_attributes.csv
CUS_0x5fbb,Flitterc,39,564-43-1424,Lawyer,1/9/2024,2025-11-09,2024-09,features_attributes.csv
CUS_0x5fe0,Erwin Sebae,31,#F%$D@*&8,Mechanic,1/9/2024,2025-11-09,2024-09,features_attributes.csv
CUS_0x6013,Dominicf,20,244-85-0461,Writer,1/9/2024,2025-11-09,2024-09,features_attributes.csv
CUS_0x604,Emily Stephensonm,17,962-03-7975,Lawyer,1/9/2024,2025-11-09,2024-09,features_attributes.csv
CUS_0x609f,Jonesa,16,167-60-0326,Entrepreneur,1/9/2024,2025-11-09,2024-09,features_attributes.csv
CUS_0x60c5,Gernot Hellerv,39,078-88-7853,Manager,1/9/2024,2025-11-09,2024-09,features_attributes.csv
CUS_0x61fd,Leongn,33_,172-34-6874,Entrepreneur,1/9/2024,2025-11-09,2024-09,features_attributes.csv
CUS_0x626a,Shirouzux,19,865-52-1613,Architect,1/9/2024,2025-11-09,2024-09,features_attributes.csv
CUS_0x638d,Phil Wahbab,42,#F%$D@*&8,Engineer,1/9/2024,2025-11-09,2024-09,features_attributes.csv
CUS_0x63c2,Xiaoyi Shaoy,49,602-93-9483,Accountant,1/9/2024,2025-11-09,2024-09,features_attributes.csv
CUS_0x63ea,en Berkowitzq,33,378-61-1989,Engineer,1/9/2024,2025-11-09,2024-09,features_attributes.csv
CUS_0x6406,Geigerq,31,640-91-5326,Scientist,1/9/2024,2025-11-09,2024-09,features_attributes.csv
CUS_0x643a,", Globalf",46,452-06-9195,Entrepreneur,1/9/2024,2025-11-09,2024-09,features_attributes.csv
CUS_0x6479,Oranw,33,219-01-0237,Accountant,1/9/2024,2025-11-09,2024-09,features_attributes.csv
CUS_0x6484,Jonathan Stempelr,45,242-85-1671,Accountant,1/9/2024,2025-11-09,2024-09,features_attributes.csv
CUS_0x6493,chief Asiah,32,430-26-7042,Doctor,1/9/2024,2025-11-09,2024-09,features_attributes.csv
CUS_0x6496,Mark Felsenthalf,18,293-53-5614,Journalist,1/9/2024,2025-11-09,2024-09,features_attributes.csv
CUS_0x650b,Evaa,32_,466-58-6225,Accountant,1/9/2024,2025-11-09,2024-09,features_attributes.csv
CUS_0x65d6,Dano,32,209-72-0384,Developer,1/9/2024,2025-11-09,2024-09,features_attributes.csv
CUS_0x65dc,Dena Aubinj,33,192-63-5749,Musician,1/9/2024,2025-11-09,2024-09,features_attributes.csv
CUS_0x6623,Kentaro Sugiyamag,26,877-03-5521,Musician,1/9/2024,2025-11-09,2024-09,features_attributes.csv
CUS_0x66bc,illk,18,864-70-6001,Writer,1/9/2024,2025-11-09,2024-09,features_attributes.csv
CUS_0x66f2,Brettellb,32,091-01-4447,Lawyer,1/9/2024,2025-11-09,2024-09,features_attributes.csv
CUS_0x6719,Gregi,26,624-00-3778,Scientist,1/9/2024,2025-11-09,2024-09,features_attributes.csv
CUS_0x675f,Alistairw,42,466-58-7914,Manager,1/9/2024,2025-11-09,2024-09,features_attributes.csv
CUS_0x6865,Eva Kuehneno,43,292-07-5024,_______,1/9/2024,2025-11-09,2024-09,features_attributes.csv
CUS_0x686c,Kiharap,36,666-90-8248,Developer,1/9/2024,2025-11-09,2024-09,features_attributes.csv
CUS_0x68bb,Leskev,53,565-48-2416,_______,1/9/2024,2025-11-09,2024-09,features_attributes.csv
CUS_0x698,Paul Sv,23,736-37-2371,Manager,1/9/2024,2025-11-09,2024-09,features_attributes.csv
CUS_0x69f6,Denny Thomasq,22,691-36-3623,Developer,1/9/2024,2025-11-09,2024-09,features_attributes.csv
CUS_0x6aed,Lesleyq,23,930-14-3678,_______,1/9/2024,2025-11-09,2024-09,features_attributes.csv
CUS_0x6b6,Matthias Blamontz,35,486-98-7856,Writer,1/9/2024,2025-11-09,2024-09,features_attributes.csv
CUS_0x6c5f,Nick Careyn,25_,811-75-8093,Mechanic,1/9/2024,2025-11-09,2024-09,features_attributes.csv
CUS_0x6c92,Takenakaq,33,395-77-5456,Teacher,1/9/2024,2025-11-09,2024-09,features_attributes.csv
CUS_0x6ca6,Brett Wolfb,24,042-68-3497,Writer,1/9/2024,2025-11-09,2024-09,features_attributes.csv
CUS_0x6cd9,Doug Palmerh,23,478-01-7375,Teacher,1/9/2024,2025-11-09,2024-09,features_attributes.csv
CUS_0x6cdd,rucek,31,276-81-8864,_______,1/9/2024,2025-11-09,2024-09,features_attributes.csv
CUS_0x6d37,Juliem,42,452-65-2361,Engineer,1/9/2024,2025-11-09,2024-09,features_attributes.csv
CUS_0x6e0,Lesleyc,46,826-38-1391,Entrepreneur,1/9/2024,2025-11-09,2024-09,features_attributes.csv
CUS_0x6e26,Toonkelk,25,227-85-1429,Accountant,1/9/2024,2025-11-09,2024-09,features_attributes.csv
CUS_0x6e3e,Schnurrq,24,951-49-3710,Writer,1/9/2024,2025-11-09,2024-09,features_attributes.csv
CUS_0x6e49,Farah Masterf,29,414-26-7985,Doctor,1/9/2024,2025-11-09,2024-09,features_attributes.csv
CUS_0x6e6b,Gerry Shihz,51,424-23-9837,Accountant,1/9/2024,2025-11-09,2024-09,features_attributes.csv
CUS_0x6fd3,"\"Martin dek",27,173-35-0539,Mechanic,1/9/2024,2025-11-09,2024-09,features_attributes.csv
CUS_0x700d,Blenkinsopc,21,992-49-2793,Accountant,1/9/2024,2025-11-09,2024-09,features_attributes.csv
CUS_0x7023,Grantm,34,#F%$D@*&8,_______,1/9/2024,2025-11-09,2024-09,features_attributes.csv
CUS_0x706e,Zieminskid,56,297-12-6892,_______,1/9/2024,2025-11-09,2024-09,features_attributes.csv
CUS_0x7110,Jessica Toonkelj,34,501-31-1895,_______,1/9/2024,2025-11-09,2024-09,features_attributes.csv
CUS_0x717d,Janr,26,913-82-0485,Lawyer,1/9/2024,2025-11-09,2024-09,features_attributes.csv
CUS_0x7197,Douglas Busvinet,44,727-45-8294,Musician,1/9/2024,2025-11-09,2024-09,features_attributes.csv
CUS_0x72b0,Clareh,32,504-61-6763,Teacher,1/9/2024,2025-11-09,2024-09,features_attributes.csv
CUS_0x72bc,Wheatleyj,33,829-40-8404,Teacher,1/9/2024,2025-11-09,2024-09,features_attributes.csv
CUS_0x731,Gellers,26,217-03-0589,Media_Manager,1/9/2024,2025-11-09,2024-09,features_attributes.csv
CUS_0x735,Andy Brucea,44,542-75-5761,Architect,1/9/2024,2025-11-09,2024-09,features_attributes.csv
CUS_0x7392,Saraha,56,535-21-2576,Journalist,1/9/2024,2025-11-09,2024-09,features_attributes.csv
CUS_0x741d,Martinne Gellerf,36,#F%$D@*&8,Writer,1/9/2024,2025-11-09,2024-09,features_attributes.csv
CUS_0x74bd,Claran,24,510-77-7142,Media_Manager,1/9/2024,2025-11-09,2024-09,features_attributes.csv
CUS_0x74ef,LaCapraz,22_,437-79-0896,Scientist,1/9/2024,2025-11-09,2024-09,features_attributes.csv
CUS_0x7563,Hellera,39,844-48-7506,Scientist,1/9/2024,2025-11-09,2024-09,features_attributes.csv
CUS_0x7597,McCooll,44,572-60-9561,Musician,1/9/2024,2025-11-09,2024-09,features_attributes.csv
CUS_0x75d8,Halsv,22,281-84-3517,Scientist,1/9/2024,2025-11-09,2024-09,features_attributes.csv
CUS_0x760c,Lashb,32,929-07-7881,Manager,1/9/2024,2025-11-09,2024-09,features_attributes.csv
CUS_0x770,Sarahd,25,029-84-5574,Media_Manager,1/9/2024,2025-11-09,2024-09,features_attributes.csv
CUS_0x7712,Soyoungu,32,835-41-5190,Developer,1/9/2024,2025-11-09,2024-09,features_attributes.csv
CUS_0x7738,Noahw,54,266-30-9595,Developer,1/9/2024,2025-11-09,2024-09,features_attributes.csv
CUS_0x7753,Lauren Taray,52,517-82-1083,Writer,1/9/2024,2025-11-09,2024-09,features_attributes.csv
CUS_0x78e9,Tomb,-500,716-17-7548,Developer,1/9/2024,2025-11-09,2024-09,features_attributes.csv
CUS_0x7955,Caroline Valetkevitchr,33,294-52-2292,Entrepreneur,1/9/2024,2025-11-09,2024-09,features_attributes.csv
CUS_0x7aa8,Yues,-500,990-79-6246,Media_Manager,1/9/2024,2025-11-09,2024-09,features_attributes.csv
CUS_0x7b64,Gianlucaq,38,883-05-9278,Musician,1/9/2024,2025-11-09,2024-09,features_attributes.csv
CUS_0x7c25,Toyerg,39,956-43-1170,Accountant,1/9/2024,2025-11-09,2024-09,features_attributes.csv
CUS_0x7c76,Leigh Thomasj,43,331-37-9623,Mechanic,1/9/2024,2025-11-09,2024-09,features_attributes.csv
CUS_0x7cb5,"SaPinto\"m",42,200-55-8206,Manager,1/9/2024,2025-11-09,2024-09,features_attributes.csv
CUS_0x7d06,Svea Herbst-Baylissp,20,909-72-9200,Developer,1/9/2024,2025-11-09,2024-09,features_attributes.csv
CUS_0x7d42,Zhoul,40_,597-29-6705,Scientist,1/9/2024,2025-11-09,2024-09,features_attributes.csv
CUS_0x7d82,Marshr,23,550-59-0151,Lawyer,1/9/2024,2025-11-09,2024-09,features_attributes.csv
CUS_0x7db5,Matthew Goldsteint,44,772-78-1010,Musician,1/9/2024,2025-11-09,2024-09,features_attributes.csv
CUS_0x7dd1,N.u,47,929-08-8298,Developer,1/9/2024,2025-11-09,2024-09,features_attributes.csv
CUS_0x7e5d,Leila Abboudh,18,073-11-4561,Entrepreneur,1/9/2024,2025-11-09,2024-09,features_attributes.csv
CUS_0x7e90,Millikenp,16,#F%$D@*&8,Mechanic,1/9/2024,2025-11-09,2024-09,features_attributes.csv
CUS_0x7ea1,Danielle Assalveb,29,218-01-8404,Musician,1/9/2024,2025-11-09,2024-09,features_attributes.csv
CUS_0x7ea5,Kevin Liml,33,990-75-0143,Mechanic,1/9/2024,2025-11-09,2024-09,features_attributes.csv
CUS_0x7eb2,Ross Kerbera,28,084-27-1386,Manager,1/9/2024,2025-11-09,2024-09,features_attributes.csv
CUS_0x7ed8,Hiratas,17,875-39-6024,Manager,1/9/2024,2025-11-09,2024-09,features_attributes.csv
CUS_0x7ef7,Douwe Miedemar,29,124-45-4455,Entrepreneur,1/9/2024,2025-11-09,2024-09,features_attributes.csv
CUS_0x7f6b,Shalal-Esaz,31,969-80-4739,Manager,1/9/2024,2025-11-09,2024-09,features_attributes.csv
CUS_0x801f,Jessical,33,404-03-3907,Scientist,1/9/2024,2025-11-09,2024-09,features_attributes.csv
CUS_0x8029,Deepac,56,435-10-7131,Architect,1/9/2024,2025-11-09,2024-09,features_attributes.csv
CUS_0x8100,Martinae,30,603-81-4784,_______,1/9/2024,2025-11-09,2024-09,features_attributes.csv
CUS_0x8159,Robert-Jane,44,891-07-9515,Mechanic,1/9/2024,2025-11-09,2024-09,features_attributes.csv
CUS_0x8179,Soyoungs,29,646-61-9900,Media_Manager,1/9/2024,2025-11-09,2024-09,features_attributes.csv
CUS_0x81cd,Ronr,52,295-27-4404,Writer,1/9/2024,2025-11-09,2024-09,features_attributes.csv
CUS_0x8202,Roda,25,#F%$D@*&8,Entrepreneur,1/9/2024,2025-11-09,2024-09,features_attributes.csv
CUS_0x821a,Adrianr,26,916-57-9650,_______,1/9/2024,2025-11-09,2024-09,features_attributes.csv
CUS_0x8245,Mortimerq,48,302-98-4223,Journalist,1/9/2024,2025-11-09,2024-09,features_attributes.csv
CUS_0x82bf,Laurenced,28,986-44-5074,Manager,1/9/2024,2025-11-09,2024-09,features_attributes.csv
CUS_0x82f2,Alistair Barrb,24,597-88-0075,Entrepreneur,1/9/2024,2025-11-09,2024-09,features_attributes.csv
CUS_0x83eb,Lyncht,49,920-78-1436,_______,1/9/2024,2025-11-09,2024-09,features_attributes.csv
CUS_0x842e,Alano,25,609-29-1019,_______,1/9/2024,2025-11-09,2024-09,features_attributes.csv
CUS_0x848e,Mariad,36,276-47-1545,Doctor,1/9/2024,2025-11-09,2024-09,features_attributes.csv
CUS_0x84dd,Orane,45,392-43-1088,Engineer,1/9/2024,2025-11-09,2024-09,features_attributes.csv
CUS_0x8511,Stempelu,29,541-42-1348,Developer,1/9/2024,2025-11-09,2024-09,features_attributes.csv
CUS_0x8525,Miyoung Kimq,16,931-22-4417,Manager,1/9/2024,2025-11-09,2024-09,features_attributes.csv
CUS_0x85e8,le Poornimaf,22,548-50-3919,Lawyer,1/9/2024,2025-11-09,2024-09,features_attributes.csv
CUS_0x8666,Chris Reesec,30,636-61-1138,Engineer,1/9/2024,2025-11-09,2024-09,features_attributes.csv
CUS_0x86a,Donnellanm,37,588-91-6598,Doctor,1/9/2024,2025-11-09,2024-09,features_attributes.csv
CUS_0x8757,Aravindany,21,884-33-5995,Architect,1/9/2024,2025-11-09,2024-09,features_attributes.csv
CUS_0x8786,Jessica Toonkelq,40,012-61-9198,Scientist,1/9/2024,2025-11-09,2024-09,features_attributes.csv
CUS_0x8802,Martin Dokoupilv,25,962-23-5656,Doctor,1/9/2024,2025-11-09,2024-09,features_attributes.csv
CUS_0x8807,Alwyn Scotta,20,509-43-8502,Journalist,1/9/2024,2025-11-09,2024-09,features_attributes.csv
CUS_0x8834,Marshv,38,729-94-8669,Manager,1/9/2024,2025-11-09,2024-09,features_attributes.csv
CUS_0x885d,McCranko,19,149-60-5973,_______,1/9/2024,2025-11-09,2024-09,features_attributes.csv
CUS_0x8870,inig,42,549-65-3683,Manager,1/9/2024,2025-11-09,2024-09,features_attributes.csv
CUS_0x899d,ill Rigbyn,22,721-76-0335,Developer,1/9/2024,2025-11-09,2024-09,features_attributes.csv
CUS_0x8a30,Stempelq,51_,972-56-1708,Engineer,1/9/2024,2025-11-09,2024-09,features_attributes.csv
CUS_0x8a3f,Soyoungh,47_,108-22-7256,_______,1/9/2024,2025-11-09,2024-09,features_attributes.csv
CUS_0x8a5f,Langec,53,843-69-4562,Musician,1/9/2024,2025-11-09,2024-09,features_attributes.csv
CUS_0x8ab5,Padraic Halpinf,20,745-89-0277,Lawyer,1/9/2024,2025-11-09,2024-09,features_attributes.csv
CUS_0x8ac6,Harrieto,41,275-73-6903,_______,1/9/2024,2025-11-09,2024-09,features_attributes.csv
CUS_0x8aea,Oreskovico,55,637-17-1146,Media_Manager,1/9/2024,2025-11-09,2024-09,features_attributes.csv
CUS_0x8b62,Dhanya Skariachanp,24,695-69-9739,Journalist,1/9/2024,2025-11-09,2024-09,features_attributes.csv
CUS_0x8bae,Martin Santag,23,405-05-7245,Media_Manager,1/9/2024,2025-11-09,2024-09,features_attributes.csv
CUS_0x8be2,Andreas Cremerd,37,377-23-0938,Developer,1/9/2024,2025-11-09,2024-09,features_attributes.csv
CUS_0x8cb5,Olivia Orank,24,272-98-1671,Mechanic,1/9/2024,2025-11-09,2024-09,features_attributes.csv
CUS_0x8cf3,Halsx,16,343-21-3350,Manager,1/9/2024,2025-11-09,2024-09,features_attributes.csv
CUS_0x8d0,Zahariap,29,592-74-4196,Writer,1/9/2024,2025-11-09,2024-09,features_attributes.csv
CUS_0x8d2e,Steveno,17,771-32-9762,_______,1/9/2024,2025-11-09,2024-09,features_attributes.csv
CUS_0x8d32,Andrea Hopkinsc,30,206-96-2048,Media_Manager,1/9/2024,2025-11-09,2024-09,features_attributes.csv
CUS_0x8d33,Alistair Barry,20,793-03-2481,_______,1/9/2024,2025-11-09,2024-09,features_attributes.csv
CUS_0x8d42,Taraj,50,433-44-8577,_______,1/9/2024,2025-11-09,2024-09,features_attributes.csv
CUS_0x8d5e,Dougo,20,360-78-4610,Musician,1/9/2024,2025-11-09,2024-09,features_attributes.csv
CUS_0x8ddd,Tiisetso Motsoenengg,28,991-28-5753,Writer,1/9/2024,2025-11-09,2024-09,features_attributes.csv
CUS_0x8e29,Deepa Seetharamanm,25,132-26-5537,Accountant,1/9/2024,2025-11-09,2024-09,features_attributes.csv
CUS_0x8e40,Pedros,6189,173-90-1716,Journalist,1/9/2024,2025-11-09,2024-09,features_attributes.csv
CUS_0x8e45,Baldwinl,41,#F%$D@*&8,Media_Manager,1/9/2024,2025-11-09,2024-09,features_attributes.csv
CUS_0x8ec,Zawadzkia,38,015-99-4651,Scientist,1/9/2024,2025-11-09,2024-09,features_attributes.csv
CUS_0x8f2d,Anastasia Teterevlevaz,27,426-36-5407,Accountant,1/9/2024,2025-11-09,2024-09,features_attributes.csv
CUS_0x8f6a,Valerie Volcovicio,25,789-04-6740,Teacher,1/9/2024,2025-11-09,2024-09,features_attributes.csv
CUS_0x8f7b,en Klaymand,29,220-96-8677,Lawyer,1/9/2024,2025-11-09,2024-09,features_attributes.csv
CUS_0x9011,Rudegeairt,6237,133-63-3507,Scientist,1/9/2024,2025-11-09,2024-09,features_attributes.csv
CUS_0x9041,Svea Herbst-Baylissa,28,176-81-9555,Developer,1/9/2024,2025-11-09,2024-09,features_attributes.csv
CUS_0x90f0,Longstrethw,36,996-57-7443,Teacher,1/9/2024,2025-11-09,2024-09,features_attributes.csv
CUS_0x913c,Rick Rothackerm,52,036-64-4461,Media_Manager,1/9/2024,2025-11-09,2024-09,features_attributes.csv
CUS_0x9247,Jessicad,35,326-71-1514,Media_Manager,1/9/2024,2025-11-09,2024-09,features_attributes.csv
CUS_0x9283,ernardz,31,982-61-5067,Lawyer,1/9/2024,2025-11-09,2024-09,features_attributes.csv
CUS_0x92ef,Tripathya,37,297-54-9325,Mechanic,1/9/2024,2025-11-09,2024-09,features_attributes.csv
CUS_0x9337,Sineads,36,#F%$D@*&8,Accountant,1/9/2024,2025-11-09,2024-09,features_attributes.csv
CUS_0x9375,Lucy Hornbya,28,486-51-9479,Developer,1/9/2024,2025-11-09,2024-09,features_attributes.csv
CUS_0x9404,Matthiasq,26,461-85-8005,Engineer,1/9/2024,2025-11-09,2024-09,features_attributes.csv
CUS_0x9438,Emily Stephensons,23,397-81-3808,_______,1/9/2024,2025-11-09,2024-09,features_attributes.csv
CUS_0x9444,Zhou Xino,14,293-47-2287,Manager,1/9/2024,2025-11-09,2024-09,features_attributes.csv
CUS_0x9466,Jenniferf,50,168-77-9086,Doctor,1/9/2024,2025-11-09,2024-09,features_attributes.csv
CUS_0x9469,Mutikanix,27_,517-43-4607,Accountant,1/9/2024,2025-11-09,2024-09,features_attributes.csv
CUS_0x9556,Kanekon,43,328-44-4511,Accountant,1/9/2024,2025-11-09,2024-09,features_attributes.csv
CUS_0x95ee,Np,31,612-70-8987,Lawyer,1/9/2024,2025-11-09,2024-09,features_attributes.csv
CUS_0x9674,Damounit,23,949-10-3104,Scientist,1/9/2024,2025-11-09,2024-09,features_attributes.csv
CUS_0x9714,Aldredb,18,104-03-5360,Engineer,1/9/2024,2025-11-09,2024-09,features_attributes.csv
CUS_0x9759,Isabel Reynoldsm,23,123-18-3750,Scientist,1/9/2024,2025-11-09,2024-09,features_attributes.csv
CUS_0x977a,Lucianag,19,444-80-4079,Journalist,1/9/2024,2025-11-09,2024-09,features_attributes.csv
CUS_0x97d5,Deutschl,21,401-45-8386,Engineer,1/9/2024,2025-11-09,2024-09,features_attributes.csv
CUS_0x97dc,Carolineg,31,069-20-5974,Musician,1/9/2024,2025-11-09,2024-09,features_attributes.csv
CUS_0x97fc,Huw Jonesv,48,861-65-3607,Doctor,1/9/2024,2025-11-09,2024-09,features_attributes.csv
CUS_0x98e2,Ryan Vlastelicag,26,994-46-5382,Scientist,1/9/2024,2025-11-09,2024-09,features_attributes.csv
CUS_0x98ed,Tracym,31_,219-01-8357,Journalist,1/9/2024,2025-11-09,2024-09,features_attributes.csv
CUS_0x9937,Lorraineo,46,429-15-7646,Musician,1/9/2024,2025-11-09,2024-09,features_attributes.csv
CUS_0x995d,Joshua Schneyerl,18,586-31-9261,Doctor,1/9/2024,2025-11-09,2024-09,features_attributes.csv
CUS_0x9978,Adegokef,28,704-69-3409,Accountant,1/9/2024,2025-11-09,2024-09,features_attributes.csv
CUS_0x9a02,Leikat,36,120-05-9806,Entrepreneur,1/9/2024,2025-11-09,2024-09,features_attributes.csv
CUS_0x9a09,Lucia Mutikanin,28,979-05-5595,_______,1/9/2024,2025-11-09,2024-09,features_attributes.csv
CUS_0x9be5,"\"Johnn",50,776-90-4778,Media_Manager,1/9/2024,2025-11-09,2024-09,features_attributes.csv
CUS_0x9bf3,Jonathan Cableo,43,458-76-0289,_______,1/9/2024,2025-11-09,2024-09,features_attributes.csv
CUS_0x9c22,Laue,30,552-02-1881,Developer,1/9/2024,2025-11-09,2024-09,features_attributes.csv
CUS_0x9ca4,Silke Koltrowitzx,19,616-47-6180,Writer,1/9/2024,2025-11-09,2024-09,features_attributes.csv
CUS_0x9cc3,Siddhartho,27_,287-19-9803,Teacher,1/9/2024,2025-11-09,2024-09,features_attributes.csv
CUS_0x9cd3,Kubotaq,15,311-70-2527,Mechanic,1/9/2024,2025-11-09,2024-09,features_attributes.csv
CUS_0x9d0a,Thomasw,42_,757-20-7915,Entrepreneur,1/9/2024,2025-11-09,2024-09,features_attributes.csv
CUS_0x9d2e,Mutikanie,23,679-69-9201,Scientist,1/9/2024,2025-11-09,2024-09,features_attributes.csv
CUS_0x9d32,Michelen,14,237-67-0639,Architect,1/9/2024,2025-11-09,2024-09,features_attributes.csv
CUS_0x9d3d,Nicko,43,011-04-1828,Teacher,1/9/2024,2025-11-09,2024-09,features_attributes.csv
CUS_0x9d7e,Huw Jonesf,48,664-67-7834,Writer,1/9/2024,2025-11-09,2024-09,features_attributes.csv
CUS_0x9e67,Marias,25,366-87-4584,Media_Manager,1/9/2024,2025-11-09,2024-09,features_attributes.csv
CUS_0x9e7a,Peter Appso,26,993-26-5069,Musician,1/9/2024,2025-11-09,2024-09,features_attributes.csv
CUS_0x9e80,Noelc,39,209-05-4739,Journalist,1/9/2024,2025-11-09,2024-09,features_attributes.csv
CUS_0x9ea6,Arup Roychoudhuryz,26,611-12-6793,Teacher,1/9/2024,2025-11-09,2024-09,features_attributes.csv
CUS_0x9f5d,Toonkelh,31,999-99-3421,Developer,1/9/2024,2025-11-09,2024-09,features_attributes.csv
CUS_0x9fcc,Adlern,55,231-11-2948,Entrepreneur,1/9/2024,2025-11-09,2024-09,features_attributes.csv
CUS_0x9fd2,Wakiy,41,#F%$D@*&8,Musician,1/9/2024,2025-11-09,2024-09,features_attributes.csv
CUS_0x9ff4,Awado,47,993-92-5401,Musician,1/9/2024,2025-11-09,2024-09,features_attributes.csv
CUS_0x9ffa,Lucianae,41_,337-76-8130,Manager,1/9/2024,2025-11-09,2024-09,features_attributes.csv
CUS_0xa04d,Phill,40,756-12-9488,Musician,1/9/2024,2025-11-09,2024-09,features_attributes.csv
CUS_0xa092,Rascoeh,53,670-07-0614,Manager,1/9/2024,2025-11-09,2024-09,features_attributes.csv
CUS_0xa0b6,Laurence Frostg,44,990-17-6411,Writer,1/9/2024,2025-11-09,2024-09,features_attributes.csv
CUS_0xa11d,Georged,19_,877-60-2559,Manager,1/9/2024,2025-11-09,2024-09,features_attributes.csv
CUS_0xa1ec,Danielr,52,987-26-7773,Teacher,1/9/2024,2025-11-09,2024-09,features_attributes.csv
CUS_0xa204,Bullb,36,966-03-9034,Doctor,1/9/2024,2025-11-09,2024-09,features_attributes.csv
CUS_0xa222,Stempelt,26_,151-84-0483,Manager,1/9/2024,2025-11-09,2024-09,features_attributes.csv
CUS_0xa28,Laurao,25,808-48-5118,Developer,1/9/2024,2025-11-09,2024-09,features_attributes.csv
CUS_0xa2b6,Louise Egane,45,426-46-8465,Teacher,1/9/2024,2025-11-09,2024-09,features_attributes.csv
CUS_0xa2cb,Halsq,44,085-66-0696,Doctor,1/9/2024,2025-11-09,2024-09,features_attributes.csv
CUS_0xa3bd,Lawlerr,30,125-04-9134,Lawyer,1/9/2024,2025-11-09,2024-09,features_attributes.csv
CUS_0xa3f3,Yokon,32,193-77-8243,Mechanic,1/9/2024,2025-11-09,2024-09,features_attributes.csv
CUS_0xa45d,Shahv,38,441-54-5666,Doctor,1/9/2024,2025-11-09,2024-09,features_attributes.csv
CUS_0xa4f5,Dhanya Skariachanr,29,515-00-5081,Mechanic,1/9/2024,2025-11-09,2024-09,features_attributes.csv
CUS_0xa579,Dhanya Skariachano,21,978-17-0096,Scientist,1/9/2024,2025-11-09,2024-09,features_attributes.csv
CUS_0xa5ba,Phila,18,792-40-3442,Accountant,1/9/2024,2025-11-09,2024-09,features_attributes.csv
CUS_0xa6c7,Flitterc,22,106-93-1975,Journalist,1/9/2024,2025-11-09,2024-09,features_attributes.csv
CUS_0xa6df,Phil Wahbag,15,279-62-0890,Manager,1/9/2024,2025-11-09,2024-09,features_attributes.csv
CUS_0xa736,Rd,21,120-08-5254,Entrepreneur,1/9/2024,2025-11-09,2024-09,features_attributes.csv
CUS_0xa7b7,Cruzu,41,052-14-7505,_______,1/9/2024,2025-11-09,2024-09,features_attributes.csv
CUS_0xa81d,Yoko Kubotaj,23,535-07-2524,Media_Manager,1/9/2024,2025-11-09,2024-09,features_attributes.csv
CUS_0xa84d,Peter Griffithso,41,814-82-9218,Teacher,1/9/2024,2025-11-09,2024-09,features_attributes.csv
CUS_0xa857,Edwardv,37,966-14-2191,Developer,1/9/2024,2025-11-09,2024-09,features_attributes.csv
CUS_0xa89b,Spiceru,20,701-64-5974,Entrepreneur,1/9/2024,2025-11-09,2024-09,features_attributes.csv
CUS_0xa8cb,Hyunjoo Jinj,42,330-38-0880,Engineer,1/9/2024,2025-11-09,2024-09,features_attributes.csv
CUS_0xa903,Jeremyx,42,607-91-4945,Lawyer,1/9/2024,2025-11-09,2024-09,features_attributes.csv
CUS_0xa913,Tim Hephere,28,287-96-5037,Teacher,1/9/2024,2025-11-09,2024-09,features_attributes.csv
CUS_0xa9d3,Gillesx,26,877-43-1063,Lawyer,1/9/2024,2025-11-09,2024-09,features_attributes.csv
CUS_0xaa81,B.d,48,#F%$D@*&8,Engineer,1/9/2024,2025-11-09,2024-09,features_attributes.csv
CUS_0xaa9d,Sabrinak,37,535-11-7065,Manager,1/9/2024,2025-11-09,2024-09,features_attributes.csv
CUS_0xaafc,da Costan,52,427-21-8086,Lawyer,1/9/2024,2025-11-09,2024-09,features_attributes.csv
CUS_0xab1e,Sarahb,28,752-72-2018,Teacher,1/9/2024,2025-11-09,2024-09,features_attributes.csv
CUS_0xab5f,Oreskovico,55,557-58-2693,Architect,1/9/2024,2025-11-09,2024-09,features_attributes.csv
CUS_0xabf9,Bakerh,25,776-37-1657,Media_Manager,1/9/2024,2025-11-09,2024-09,features_attributes.csv
CUS_0xac05,Alwyn Scotte,44,531-58-6732,Lawyer,1/9/2024,2025-11-09,2024-09,features_attributes.csv
CUS_0xac1a,Louiseo,39,922-25-7734,Mechanic,1/9/2024,2025-11-09,2024-09,features_attributes.csv
CUS_0xac59,Gellerl,16,856-51-9653,Engineer,1/9/2024,2025-11-09,2024-09,features_attributes.csv
CUS_0xac8e,Chris Vellacottb,17,990-90-4382,Mechanic,1/9/2024,2025-11-09,2024-09,features_attributes.csv
CUS_0xacb7,Singh Suvashreem,28,420-47-3027,Developer,1/9/2024,2025-11-09,2024-09,features_attributes.csv
CUS_0xacbe,Henryg,38,406-29-0152,Media_Manager,1/9/2024,2025-11-09,2024-09,features_attributes.csv
CUS_0xacca,Karen Freifeldi,24,822-50-8118,Architect,1/9/2024,2025-11-09,2024-09,features_attributes.csv
CUS_0xacda,Lynchd,46,252-25-5625,Developer,1/9/2024,2025-11-09,2024-09,features_attributes.csv
CUS_0xace0,Danilo Masonil,37,#F%$D@*&8,Writer,1/9/2024,2025-11-09,2024-09,features_attributes.csv
CUS_0xadd5,Scuffhama,53,890-53-9009,_______,1/9/2024,2025-11-09,2024-09,features_attributes.csv
CUS_0xadf7,Leika Kiharaj,28,988-12-9596,Engineer,1/9/2024,2025-11-09,2024-09,features_attributes.csv
CUS_0xae66,Jino,31,721-45-4479,Writer,1/9/2024,2025-11-09,2024-09,features_attributes.csv
CUS_0xae9b,Praveen Menonw,34,580-64-1142,Doctor,1/9/2024,2025-11-09,2024-09,features_attributes.csv
CUS_0xaea1,Angus McDowallg,36,260-78-9839,Doctor,1/9/2024,2025-11-09,2024-09,features_attributes.csv
CUS_0xaef2,Ferraroi,32,167-27-1604,Media_Manager,1/9/2024,2025-11-09,2024-09,features_attributes.csv
CUS_0xaffc,Carvalhok,42,104-15-4430,Accountant,1/9/2024,2025-11-09,2024-09,features_attributes.csv
CUS_0xb01b,Wohlv,53,743-79-8938,Scientist,1/9/2024,2025-11-09,2024-09,features_attributes.csv
CUS_0xb064,Jonathan Gouldo,33,470-57-4222,Accountant,1/9/2024,2025-11-09,2024-09,features_attributes.csv
CUS_0xb0c1,Nate Raymondz,36,569-43-2977,Manager,1/9/2024,2025-11-09,2024-09,features_attributes.csv
CUS_0xb0f3,Jennifer Clarky,32_,335-15-2362,Accountant,1/9/2024,2025-11-09,2024-09,features_attributes.csv
CUS_0xb17b,Vaughane,55,722-93-1767,Teacher,1/9/2024,2025-11-09,2024-09,features_attributes.csv
CUS_0xb2c0,Thomast,21,023-65-3180,Scientist,1/9/2024,2025-11-09,2024-09,features_attributes.csv
CUS_0xb319,Reese Ewingh,43,290-47-1324,Scientist,1/9/2024,2025-11-09,2024-09,features_attributes.csv
CUS_0xb337,Wachtelx,38,368-00-3868,Manager,1/9/2024,2025-11-09,2024-09,features_attributes.csv
CUS_0xb350,Lucia Mutikanit,26,423-03-2422,Musician,1/9/2024,2025-11-09,2024-09,features_attributes.csv
CUS_0xb4a1,Harry Papachristoun,46,039-75-8071,Developer,1/9/2024,2025-11-09,2024-09,features_attributes.csv
CUS_0xb4ab,Langex,54,801-96-0784,Scientist,1/9/2024,2025-11-09,2024-09,features_attributes.csv
CUS_0xb518,Nobuhirot,50,067-00-6687,Accountant,1/9/2024,2025-11-09,2024-09,features_attributes.csv
CUS_0xb563,Kirstinj,45,782-43-1037,Journalist,1/9/2024,2025-11-09,2024-09,features_attributes.csv
CUS_0xb56c,Nadia Damounii,19,106-83-0154,Accountant,1/9/2024,2025-11-09,2024-09,features_attributes.csv
CUS_0xb5c9,Alexeit,29,259-88-4054,Musician,1/9/2024,2025-11-09,2024-09,features_attributes.csv
CUS_0xb63c,Rosh,19,147-90-5013,Engineer,1/9/2024,2025-11-09,2024-09,features_attributes.csv
CUS_0xb66c,Andrea Shalal-Esal,56,168-03-6392,Writer,1/9/2024,2025-11-09,2024-09,features_attributes.csv
CUS_0xb66e,Prodhand,30,450-16-3479,Writer,1/9/2024,2025-11-09,2024-09,features_attributes.csv
CUS_0xb6a6,Joseph Mennv,15,127-94-0685,Manager,1/9/2024,2025-11-09,2024-09,features_attributes.csv
CUS_0xb8b,Ryan Vlastelicad,21,115-10-2398,Teacher,1/9/2024,2025-11-09,2024-09,features_attributes.csv
CUS_0xb8be,Xiaoyi Shaoi,29,860-66-4015,Teacher,1/9/2024,2025-11-09,2024-09,features_attributes.csv
CUS_0xb95f,Ashleyk,30,467-13-1148,Writer,1/9/2024,2025-11-09,2024-09,features_attributes.csv
CUS_0xb997,Emma Thomassony,22,202-68-4543,Doctor,1/9/2024,2025-11-09,2024-09,features_attributes.csv
CUS_0xba08,Jamesj,45,366-68-1681,Journalist,1/9/2024,2025-11-09,2024-09,features_attributes.csv
CUS_0xba2a,Sagarika Jaisinghaniu,43,832-73-8880,Journalist,1/9/2024,2025-11-09,2024-09,features_attributes.csv
CUS_0xbac3,Gertrude Chavez-Dreyfussl,49,489-21-2179,Manager,1/9/2024,2025-11-09,2024-09,features_attributes.csv
CUS_0xbad6,Ethan Bilbyw,38,547-04-1695,Musician,1/9/2024,2025-11-09,2024-09,features_attributes.csv
CUS_0xbb2a,Lefteris Papadimass,23,700-78-2708,Writer,1/9/2024,2025-11-09,2024-09,features_attributes.csv
CUS_0xbbb5,Pedror,31,214-54-8925,Entrepreneur,1/9/2024,2025-11-09,2024-09,features_attributes.csv
CUS_0xbc49,Jessica Wohlj,26,100-44-7800,Developer,1/9/2024,2025-11-09,2024-09,features_attributes.csv
CUS_0xbca8,Joe Rauchg,46,874-08-7483,Developer,1/9/2024,2025-11-09,2024-09,features_attributes.csv
CUS_0xbcb9,Oreskovicb,52,441-44-7311,Musician,1/9/2024,2025-11-09,2024-09,features_attributes.csv
CUS_0xbcdd,Ryanr,43,551-45-1558,Entrepreneur,1/9/2024,2025-11-09,2024-09,features_attributes.csv
CUS_0xbd2e,aranid,44,274-13-0638,Teacher,1/9/2024,2025-11-09,2024-09,features_attributes.csv
CUS_0xbd54,Smithd,18,295-50-7660,_______,1/9/2024,2025-11-09,2024-09,features_attributes.csv
CUS_0xbe00,Barts,30,806-23-1708,Engineer,1/9/2024,2025-11-09,2024-09,features_attributes.csv
CUS_0xbe97,Jessica Wohlw,52,059-64-0250,Doctor,1/9/2024,2025-11-09,2024-09,features_attributes.csv
CUS_0xbeaf,Sarah N.v,35,946-99-5854,Entrepreneur,1/9/2024,2025-11-09,2024-09,features_attributes.csv
CUS_0xbf94,Tim Hepherq,40,#F%$D@*&8,Manager,1/9/2024,2025-11-09,2024-09,features_attributes.csv
CUS_0xc04a,Jan Strupczewskiv,15,555-02-9736,Entrepreneur,1/9/2024,2025-11-09,2024-09,features_attributes.csv
CUS_0xc142,Georginar,44,413-90-8106,Doctor,1/9/2024,2025-11-09,2024-09,features_attributes.csv
CUS_0xc1a1,Jessica Toonkela,31,858-87-0851,Manager,1/9/2024,2025-11-09,2024-09,features_attributes.csv
CUS_0xc1a2,Stellaa,40,342-86-2325,Accountant,1/9/2024,2025-11-09,2024-09,features_attributes.csv
CUS_0xc1f7,Judyk,38,136-72-4563,Entrepreneur,1/9/2024,2025-11-09,2024-09,features_attributes.csv
CUS_0xc283,Viswanathaz,43_,768-07-9404,Manager,1/9/2024,2025-11-09,2024-09,features_attributes.csv
CUS_0xc2bf,en Klaymano,19,514-00-5729,Entrepreneur,1/9/2024,2025-11-09,2024-09,features_attributes.csv
CUS_0xc31c,Zhouc,25,554-57-7984,_______,1/9/2024,2025-11-09,2024-09,features_attributes.csv
CUS_0xc351,Lawderf,24,820-13-9455,Doctor,1/9/2024,2025-11-09,2024-09,features_attributes.csv
CUS_0xc375,Richardn,51,180-18-8849,Engineer,1/9/2024,2025-11-09,2024-09,features_attributes.csv
CUS_0xc39,Peterj,35,805-52-5109,Accountant,1/9/2024,2025-11-09,2024-09,features_attributes.csv
CUS_0xc42d,Camposg,38,467-64-3033,Teacher,1/9/2024,2025-11-09,2024-09,features_attributes.csv
CUS_0xc459,Benl,54,352-52-2652,Media_Manager,1/9/2024,2025-11-09,2024-09,features_attributes.csv
CUS_0xc4a1,Axt,35,#F%$D@*&8,Teacher,1/9/2024,2025-11-09,2024-09,features_attributes.csv
CUS_0xc56a,Qing Langig,28,625-55-2056,Developer,1/9/2024,2025-11-09,2024-09,features_attributes.csv
CUS_0xc5d7,ernie Woodalll,54_,156-69-3115,Journalist,1/9/2024,2025-11-09,2024-09,features_attributes.csv
CUS_0xc649,Motsoenengh,49,#F%$D@*&8,_______,1/9/2024,2025-11-09,2024-09,features_attributes.csv
CUS_0xc668,enk,42,#F%$D@*&8,Engineer,1/9/2024,2025-11-09,2024-09,features_attributes.csv
CUS_0xc6d1,Greg Roumeliotisz,35,069-44-1610,Doctor,1/9/2024,2025-11-09,2024-09,features_attributes.csv
CUS_0xcf5,Charlie Dunmoreo,2546,766-36-8676,Entrepreneur,1/9/2024,2025-11-09,2024-09,features_attributes.csv
CUS_0xd3d,Ransdell Piersoni,36,128-99-6129,Lawyer,1/9/2024,2025-11-09,2024-09,features_attributes.csv
CUS_0xd88,Shamall,40,819-73-4086,Journalist,1/9/2024,2025-11-09,2024-09,features_attributes.csv
CUS_0xd97,Valetkevitchy,39,113-67-9836,Doctor,1/9/2024,2025-11-09,2024-09,features_attributes.csv
CUS_0xed4,Emmay,6909,329-84-6942,Architect,1/9/2024,2025-11-09,2024-09,features_attributes.csv
CUS_0xf3c,Dant,29,496-52-1373,Entrepreneur,1/9/2024,2025-11-09,2024-09,features_attributes.csv
CUS_0xf91,Lawrencez,40,856-43-1180,Accountant,1/9/2024,2025-11-09,2024-09,features_attributes.csv
