Customer_ID,Name,Age,SSN,Occupation,snapshot_date,ingest_dt,snap_ym,source_file
CUS_0x1026,Josephv,52,500-62-9044,Manager,1/10/2023,2025-11-09,2023-10,features_attributes.csv
CUS_0x109b,Gillesy,55,661-04-3699,Manager,1/10/2023,2025-11-09,2023-10,features_attributes.csv
CUS_0x10ff,Murait,36,149-03-5931,Accountant,1/10/2023,2025-11-09,2023-10,features_attributes.csv
CUS_0x1100,Kaorif,22,545-19-6617,Accountant,1/10/2023,2025-11-09,2023-10,features_attributes.csv
CUS_0x112f,Ju-minv,21,294-20-6562,Mechanic,1/10/2023,2025-11-09,2023-10,features_attributes.csv
CUS_0x1134,Stt,49,#F%$D@*&8,Doctor,1/10/2023,2025-11-09,2023-10,features_attributes.csv
CUS_0x1168,Philipm,42,773-33-0379,Writer,1/10/2023,2025-11-09,2023-10,features_attributes.csv
CUS_0x12e7,Le,43,603-76-3049,Architect,1/10/2023,2025-11-09,2023-10,features_attributes.csv
CUS_0x138e,Herbertu,52,388-88-9221,Lawyer,1/10/2023,2025-11-09,2023-10,features_attributes.csv
CUS_0x147c,Soyoungb,32,504-71-5417,Teacher,1/10/2023,2025-11-09,2023-10,features_attributes.csv
CUS_0x1498,Raymondk,40,335-78-1643,Manager,1/10/2023,2025-11-09,2023-10,features_attributes.csv
CUS_0x14f5,Richard Leongd,41_,497-15-6333,Doctor,1/10/2023,2025-11-09,2023-10,features_attributes.csv
CUS_0x16a5,Cruisel,42,309-46-9938,_______,1/10/2023,2025-11-09,2023-10,features_attributes.csv
CUS_0x16d3,Andrea Shalal-Esac,18,619-06-9383,Entrepreneur,1/10/2023,2025-11-09,2023-10,features_attributes.csv
CUS_0x1748,Olga Dzyubenkop,35,958-25-6723,Mechanic,1/10/2023,2025-11-09,2023-10,features_attributes.csv
CUS_0x1773,Laura Noonanh,40,682-53-7501,Architect,1/10/2023,2025-11-09,2023-10,features_attributes.csv
CUS_0x188f,Johant,55_,#F%$D@*&8,Writer,1/10/2023,2025-11-09,2023-10,features_attributes.csv
CUS_0x18af,Kirsten Donovans,41,327-55-6815,Accountant,1/10/2023,2025-11-09,2023-10,features_attributes.csv
CUS_0x1912,Hetznerv,31,380-60-3352,Teacher,1/10/2023,2025-11-09,2023-10,features_attributes.csv
CUS_0x191f,Ryanc,50_,072-38-6457,Developer,1/10/2023,2025-11-09,2023-10,features_attributes.csv
CUS_0x193e,Kevin Yaoy,21,842-61-0519,Lawyer,1/10/2023,2025-11-09,2023-10,features_attributes.csv
CUS_0x1979,Cooperw,26,661-25-5123,Doctor,1/10/2023,2025-11-09,2023-10,features_attributes.csv
CUS_0x19d4,Mollenkampj,32_,999-95-7259,_______,1/10/2023,2025-11-09,2023-10,features_attributes.csv
CUS_0x1aaf,Swatiu,24,750-26-4712,Engineer,1/10/2023,2025-11-09,2023-10,features_attributes.csv
CUS_0x1abb,Euan Rochaa,41,014-18-6605,Lawyer,1/10/2023,2025-11-09,2023-10,features_attributes.csv
CUS_0x1b00,Strupczewskih,33,638-65-2500,Lawyer,1/10/2023,2025-11-09,2023-10,features_attributes.csv
CUS_0x1b6d,Douwe Miedemae,22,503-24-1934,Engineer,1/10/2023,2025-11-09,2023-10,features_attributes.csv
CUS_0x1b99,Caroline Valetkevitchi,37,685-95-4062,Developer,1/10/2023,2025-11-09,2023-10,features_attributes.csv
CUS_0x1baf,Andrea Shalal-Esap,41,589-48-5213,Accountant,1/10/2023,2025-11-09,2023-10,features_attributes.csv
CUS_0x1be0,Alisterf,43,620-09-7019,Accountant,1/10/2023,2025-11-09,2023-10,features_attributes.csv
CUS_0x1c1c,Giancarlo Navachv,45,702-44-7038,Writer,1/10/2023,2025-11-09,2023-10,features_attributes.csv
CUS_0x1c7d,Breidthardtl,38,792-37-0645,Accountant,1/10/2023,2025-11-09,2023-10,features_attributes.csv
CUS_0x1d1f,Alan Wheatleye,17,085-21-9898,Musician,1/10/2023,2025-11-09,2023-10,features_attributes.csv
CUS_0x1d9e,Emma Thomassons,42_,861-85-5004,Lawyer,1/10/2023,2025-11-09,2023-10,features_attributes.csv
CUS_0x1e06,Deepaa,50,318-14-7292,Mechanic,1/10/2023,2025-11-09,2023-10,features_attributes.csv
CUS_0x1e0f,Kylie MacLelland,55,198-49-3462,Lawyer,1/10/2023,2025-11-09,2023-10,features_attributes.csv
CUS_0x1f24,Mikolajczakq,42,796-58-2729,Musician,1/10/2023,2025-11-09,2023-10,features_attributes.csv
CUS_0x1f66,Kentaroj,19,042-09-5105,Musician,1/10/2023,2025-11-09,2023-10,features_attributes.csv
CUS_0x1ffc,Alexeit,35,808-28-9660,Teacher,1/10/2023,2025-11-09,2023-10,features_attributes.csv
CUS_0x20e4,Emma Thomassonx,20,936-93-4382,Journalist,1/10/2023,2025-11-09,2023-10,features_attributes.csv
CUS_0x215f,Yaoe,56,#F%$D@*&8,Architect,1/10/2023,2025-11-09,2023-10,features_attributes.csv
CUS_0x216a,Wahbar,26,526-33-0806,Writer,1/10/2023,2025-11-09,2023-10,features_attributes.csv
CUS_0x22b3,Gilbertn,54,333-22-1926,Journalist,1/10/2023,2025-11-09,2023-10,features_attributes.csv
CUS_0x22e3,Chang-Ranq,17,258-42-8344,Mechanic,1/10/2023,2025-11-09,2023-10,features_attributes.csv
CUS_0x2391,Jennifer Ablanh,21,046-96-1490,Architect,1/10/2023,2025-11-09,2023-10,features_attributes.csv
CUS_0x23a8,Lagueg,40,023-13-3332,Media_Manager,1/10/2023,2025-11-09,2023-10,features_attributes.csv
CUS_0x23b5,Juliev,32,423-92-9444,Mechanic,1/10/2023,2025-11-09,2023-10,features_attributes.csv
CUS_0x24b9,Dianeh,36,#F%$D@*&8,Writer,1/10/2023,2025-11-09,2023-10,features_attributes.csv
CUS_0x24d4,Altmeyerv,23,258-43-9524,_______,1/10/2023,2025-11-09,2023-10,features_attributes.csv
CUS_0x24df,Eriks,35,944-82-4384,_______,1/10/2023,2025-11-09,2023-10,features_attributes.csv
CUS_0x253c,Tom Halss,35,399-03-5425,Developer,1/10/2023,2025-11-09,2023-10,features_attributes.csv
CUS_0x2594,Mattq,26,691-55-1000,Manager,1/10/2023,2025-11-09,2023-10,features_attributes.csv
CUS_0x2595,Mariannam,38,508-13-1248,Writer,1/10/2023,2025-11-09,2023-10,features_attributes.csv
CUS_0x2671,"\"Johns",23,354-60-4314,Doctor,1/10/2023,2025-11-09,2023-10,features_attributes.csv
CUS_0x26a1,Tom Bergint,17_,897-14-8536,Doctor,1/10/2023,2025-11-09,2023-10,features_attributes.csv
CUS_0x26e0,Carrelr,36,829-99-2590,Lawyer,1/10/2023,2025-11-09,2023-10,features_attributes.csv
CUS_0x272c,Nateb,23,972-89-0621,Accountant,1/10/2023,2025-11-09,2023-10,features_attributes.csv
CUS_0x2734,Natee,15,429-39-1057,Doctor,1/10/2023,2025-11-09,2023-10,features_attributes.csv
CUS_0x275e,Sophie Sassardr,30,504-54-6793,Engineer,1/10/2023,2025-11-09,2023-10,features_attributes.csv
CUS_0x27d5,Matt Scuffhami,44,524-83-1898,Developer,1/10/2023,2025-11-09,2023-10,features_attributes.csv
CUS_0x2858,Lisam,38,#F%$D@*&8,Developer,1/10/2023,2025-11-09,2023-10,features_attributes.csv
CUS_0x288d,Selamk,55,970-19-8342,Lawyer,1/10/2023,2025-11-09,2023-10,features_attributes.csv
CUS_0x289d,Scuffhame,54,983-41-0016,Journalist,1/10/2023,2025-11-09,2023-10,features_attributes.csv
CUS_0x2924,Dan Burnsp,15,366-25-1922,Musician,1/10/2023,2025-11-09,2023-10,features_attributes.csv
CUS_0x2958,Lucia Mutikaniv,19,571-79-5091,Teacher,1/10/2023,2025-11-09,2023-10,features_attributes.csv
CUS_0x29e0,Jessica Wohlq,30,#F%$D@*&8,Journalist,1/10/2023,2025-11-09,2023-10,features_attributes.csv
CUS_0x2a03,Pauln,27,620-62-0897,Journalist,1/10/2023,2025-11-09,2023-10,features_attributes.csv
CUS_0x2a15,Cyril Altmeyerr,37,107-09-2657,_______,1/10/2023,2025-11-09,2023-10,features_attributes.csv
CUS_0x2a66,Oliviad,29_,783-15-6029,Media_Manager,1/10/2023,2025-11-09,2023-10,features_attributes.csv
CUS_0x2a6b,Georgee,5376,#F%$D@*&8,Accountant,1/10/2023,2025-11-09,2023-10,features_attributes.csv
CUS_0x2b2a,Richardy,34,682-88-0410,Media_Manager,1/10/2023,2025-11-09,2023-10,features_attributes.csv
CUS_0x2b39,David Sheppards,46,034-89-4652,Scientist,1/10/2023,2025-11-09,2023-10,features_attributes.csv
CUS_0x2b61,Wanfeng Zhoun,41,255-12-4906,Teacher,1/10/2023,2025-11-09,2023-10,features_attributes.csv
CUS_0x2bba,Sarah Whitep,17,755-99-6164,Doctor,1/10/2023,2025-11-09,2023-10,features_attributes.csv
CUS_0x2bd2,ing Xiaoyio,49,629-39-0007,Manager,1/10/2023,2025-11-09,2023-10,features_attributes.csv
CUS_0x2ca8,Wayne Colel,22,531-62-7802,Doctor,1/10/2023,2025-11-09,2023-10,features_attributes.csv
CUS_0x2d03,Anurag Kotokyl,40,404-88-9976,Scientist,1/10/2023,2025-11-09,2023-10,features_attributes.csv
CUS_0x2d62,Scheydera,28,377-32-6573,Doctor,1/10/2023,2025-11-09,2023-10,features_attributes.csv
CUS_0x2d88,Motsoenenga,37,365-13-3951,Manager,1/10/2023,2025-11-09,2023-10,features_attributes.csv
CUS_0x2de1,Poornima Guptaj,30,139-40-9715,Media_Manager,1/10/2023,2025-11-09,2023-10,features_attributes.csv
CUS_0x2f31,Padraicb,53,649-23-1895,Developer,1/10/2023,2025-11-09,2023-10,features_attributes.csv
CUS_0x2f77,Sleimanw,16,892-53-8384,Mechanic,1/10/2023,2025-11-09,2023-10,features_attributes.csv
CUS_0x2faa,ernie Woodallq,21,#F%$D@*&8,Mechanic,1/10/2023,2025-11-09,2023-10,features_attributes.csv
CUS_0x305e,Kevin Yaoq,19,224-36-7347,Accountant,1/10/2023,2025-11-09,2023-10,features_attributes.csv
CUS_0x30b7,Malathi Nayakb,37,801-89-7511,Doctor,1/10/2023,2025-11-09,2023-10,features_attributes.csv
CUS_0x30b9,Dashav,52_,857-73-0569,Lawyer,1/10/2023,2025-11-09,2023-10,features_attributes.csv
CUS_0x30bd,Valentina Zaz,51,922-14-6752,Media_Manager,1/10/2023,2025-11-09,2023-10,features_attributes.csv
CUS_0x3108,Ernesta,35,788-31-6965,Engineer,1/10/2023,2025-11-09,2023-10,features_attributes.csv
CUS_0x312b,Laurenu,29,#F%$D@*&8,_______,1/10/2023,2025-11-09,2023-10,features_attributes.csv
CUS_0x317a,Carolinev,37,123-72-0187,Developer,1/10/2023,2025-11-09,2023-10,features_attributes.csv
CUS_0x3208,Angelah,30,119-34-1742,Developer,1/10/2023,2025-11-09,2023-10,features_attributes.csv
CUS_0x321c,Suvashree Deyg,51,941-11-8492,Media_Manager,1/10/2023,2025-11-09,2023-10,features_attributes.csv
CUS_0x32c7,Growv,30,224-30-1995,Journalist,1/10/2023,2025-11-09,2023-10,features_attributes.csv
CUS_0x337b,Rick Rothackers,44,160-18-8543,Developer,1/10/2023,2025-11-09,2023-10,features_attributes.csv
CUS_0x33bc,Alison Griswoldl,42,#F%$D@*&8,Engineer,1/10/2023,2025-11-09,2023-10,features_attributes.csv
CUS_0x33ea,Grant McCoolg,20,729-59-5840,Accountant,1/10/2023,2025-11-09,2023-10,features_attributes.csv
CUS_0x340b,Harryp,39,#F%$D@*&8,_______,1/10/2023,2025-11-09,2023-10,features_attributes.csv
CUS_0x34b1,Neligana,26,349-86-2748,Journalist,1/10/2023,2025-11-09,2023-10,features_attributes.csv
CUS_0x3533,Ferreira-Marquesy,36,873-30-9565,_______,1/10/2023,2025-11-09,2023-10,features_attributes.csv
CUS_0x3752,Scottv,33,466-47-3467,Writer,1/10/2023,2025-11-09,2023-10,features_attributes.csv
CUS_0x38a0,Spicerf,44,292-44-8964,Entrepreneur,1/10/2023,2025-11-09,2023-10,features_attributes.csv
CUS_0x3934,Pedro das,36,898-97-1307,Writer,1/10/2023,2025-11-09,2023-10,features_attributes.csv
CUS_0x39d3,Hiratao,14,628-61-5123,Teacher,1/10/2023,2025-11-09,2023-10,features_attributes.csv
CUS_0x3a15,Jason Langez,52,191-78-3233,Mechanic,1/10/2023,2025-11-09,2023-10,features_attributes.csv
CUS_0x3a9d,Garimac,23,725-74-3647,Scientist,1/10/2023,2025-11-09,2023-10,features_attributes.csv
CUS_0x3aaa,Billp,-500,750-94-9700,Developer,1/10/2023,2025-11-09,2023-10,features_attributes.csv
CUS_0x3aab,ernard Vaughany,44,347-65-8366,Accountant,1/10/2023,2025-11-09,2023-10,features_attributes.csv
CUS_0x3b5d,Fooa,19,341-44-0136,Developer,1/10/2023,2025-11-09,2023-10,features_attributes.csv
CUS_0x3c0b,Christopherc,29,235-06-0085,Doctor,1/10/2023,2025-11-09,2023-10,features_attributes.csv
CUS_0x3ce7,Rhys Jonesb,25,110-85-1519,Architect,1/10/2023,2025-11-09,2023-10,features_attributes.csv
CUS_0x3cfa,Schnurra,37,345-02-9110,Media_Manager,1/10/2023,2025-11-09,2023-10,features_attributes.csv
CUS_0x3d37,Alwynb,23,160-06-3935,Manager,1/10/2023,2025-11-09,2023-10,features_attributes.csv
CUS_0x3d60,Georgeu,24,127-22-3098,Teacher,1/10/2023,2025-11-09,2023-10,features_attributes.csv
CUS_0x3d6e,Chris Baltimoref,15,#F%$D@*&8,Accountant,1/10/2023,2025-11-09,2023-10,features_attributes.csv
CUS_0x3d7b,Soyounga,36,601-37-2077,Entrepreneur,1/10/2023,2025-11-09,2023-10,features_attributes.csv
CUS_0x3ec6,Matt Dailyf,21,539-95-3833,Engineer,1/10/2023,2025-11-09,2023-10,features_attributes.csv
CUS_0x4004,Carlosj,44,679-26-6464,Writer,1/10/2023,2025-11-09,2023-10,features_attributes.csv
CUS_0x4057,Ethan Bilbys,49_,761-54-1901,Architect,1/10/2023,2025-11-09,2023-10,features_attributes.csv
CUS_0x40dd,Peter Graffy,16,457-78-8903,Entrepreneur,1/10/2023,2025-11-09,2023-10,features_attributes.csv
CUS_0x40fe,Mark Hosenballn,27,751-18-7527,Mechanic,1/10/2023,2025-11-09,2023-10,features_attributes.csv
CUS_0x4159,Deepa Seetharamany,42,143-85-9083,Manager,1/10/2023,2025-11-09,2023-10,features_attributes.csv
CUS_0x416a,Driverv,25,694-97-7075,Manager,1/10/2023,2025-11-09,2023-10,features_attributes.csv
CUS_0x41ae,Ashley Lauo,49,192-41-5590,Doctor,1/10/2023,2025-11-09,2023-10,features_attributes.csv
CUS_0x420f,Suchitra Mohantyz,37,750-75-7327,Musician,1/10/2023,2025-11-09,2023-10,features_attributes.csv
CUS_0x435d,Slaterg,-500,760-37-2706,Journalist,1/10/2023,2025-11-09,2023-10,features_attributes.csv
CUS_0x4398,Yukhananovn,18,545-62-2882,Developer,1/10/2023,2025-11-09,2023-10,features_attributes.csv
CUS_0x442f,Herberts,28,438-91-3759,Musician,1/10/2023,2025-11-09,2023-10,features_attributes.csv
CUS_0x446a,Ryanq,39,886-76-5266,Scientist,1/10/2023,2025-11-09,2023-10,features_attributes.csv
CUS_0x449,Reynoldsw,14,324-08-0373,Manager,1/10/2023,2025-11-09,2023-10,features_attributes.csv
CUS_0x44e9,Barri,34,482-45-6373,Architect,1/10/2023,2025-11-09,2023-10,features_attributes.csv
CUS_0x4523,Lashj,39,527-08-5621,Scientist,1/10/2023,2025-11-09,2023-10,features_attributes.csv
CUS_0x456d,Melanie Burtond,55_,594-26-5566,Lawyer,1/10/2023,2025-11-09,2023-10,features_attributes.csv
CUS_0x45ea,Dinesh Nairh,46,083-95-6249,Mechanic,1/10/2023,2025-11-09,2023-10,features_attributes.csv
CUS_0x4672,Ryan Vlastelicav,34,886-85-1961,Journalist,1/10/2023,2025-11-09,2023-10,features_attributes.csv
CUS_0x469a,ro Lifschitzt,29,059-20-5955,Teacher,1/10/2023,2025-11-09,2023-10,features_attributes.csv
CUS_0x4717,Valetkevitchz,33,096-05-5633,Developer,1/10/2023,2025-11-09,2023-10,features_attributes.csv
CUS_0x471c,Muraij,24,757-62-8379,Lawyer,1/10/2023,2025-11-09,2023-10,features_attributes.csv
CUS_0x472e,Tarae,34,544-51-0603,Architect,1/10/2023,2025-11-09,2023-10,features_attributes.csv
CUS_0x485f,Gaynort,36,579-09-9274,Teacher,1/10/2023,2025-11-09,2023-10,features_attributes.csv
CUS_0x48e4,LaCaprab,45,#F%$D@*&8,Engineer,1/10/2023,2025-11-09,2023-10,features_attributes.csv
CUS_0x49d5,Julia Edwardsj,32,373-75-0180,_______,1/10/2023,2025-11-09,2023-10,features_attributes.csv
CUS_0x4ab2,Euan Rochau,19,752-31-9562,Writer,1/10/2023,2025-11-09,2023-10,features_attributes.csv
CUS_0x4abd,Jennifer Sabaq,21,618-82-4410,_______,1/10/2023,2025-11-09,2023-10,features_attributes.csv
CUS_0x4acc,Davida,40,458-42-0425,Developer,1/10/2023,2025-11-09,2023-10,features_attributes.csv
CUS_0x4b6b,Emma Thomassonn,20,231-66-9150,Developer,1/10/2023,2025-11-09,2023-10,features_attributes.csv
CUS_0x4c2,Kazunorin,19,068-99-0027,Lawyer,1/10/2023,2025-11-09,2023-10,features_attributes.csv
CUS_0x4c2c,David Henryk,16,029-34-1826,Manager,1/10/2023,2025-11-09,2023-10,features_attributes.csv
CUS_0x4cce,Jeremy Gauntt,45,356-75-7852,Engineer,1/10/2023,2025-11-09,2023-10,features_attributes.csv
CUS_0x4d2,ra Hudsonq,51,543-49-0684,Accountant,1/10/2023,2025-11-09,2023-10,features_attributes.csv
CUS_0x4db5,Reddallg,15,424-73-9223,Engineer,1/10/2023,2025-11-09,2023-10,features_attributes.csv
CUS_0x4dbd,Scuffhamy,-500,825-76-8127,Scientist,1/10/2023,2025-11-09,2023-10,features_attributes.csv
CUS_0x4e3c,Toonkeld,19,624-70-5384,Lawyer,1/10/2023,2025-11-09,2023-10,features_attributes.csv
CUS_0x4e5c,Gellers,40,725-33-0579,Musician,1/10/2023,2025-11-09,2023-10,features_attributes.csv
CUS_0x4e95,Lauram,42_,921-95-7248,Developer,1/10/2023,2025-11-09,2023-10,features_attributes.csv
CUS_0x4eb6,Leahi,45,930-91-3174,Media_Manager,1/10/2023,2025-11-09,2023-10,features_attributes.csv
CUS_0x4ee4,Nichola Groomw,31,498-04-7341,Mechanic,1/10/2023,2025-11-09,2023-10,features_attributes.csv
CUS_0x4ef1,Karen Jacobse,32,509-25-5550,Musician,1/10/2023,2025-11-09,2023-10,features_attributes.csv
CUS_0x4f00,Jessica Wohlo,24,239-64-7715,Developer,1/10/2023,2025-11-09,2023-10,features_attributes.csv
CUS_0x4f05,Ian Chuav,18,089-63-1676,Musician,1/10/2023,2025-11-09,2023-10,features_attributes.csv
CUS_0x4fc1,Melindad,52,945-39-2972,_______,1/10/2023,2025-11-09,2023-10,features_attributes.csv
CUS_0x4ff8,Dina Kyriakidout,17,#F%$D@*&8,Lawyer,1/10/2023,2025-11-09,2023-10,features_attributes.csv
CUS_0x5055,Mutikanip,53,741-23-2460,Writer,1/10/2023,2025-11-09,2023-10,features_attributes.csv
CUS_0x511d,Toni Clarkem,39,494-39-0599,Scientist,1/10/2023,2025-11-09,2023-10,features_attributes.csv
CUS_0x513a,Griffithss,36,020-26-0390,Lawyer,1/10/2023,2025-11-09,2023-10,features_attributes.csv
CUS_0x5148,Taran,16,234-90-5943,Mechanic,1/10/2023,2025-11-09,2023-10,features_attributes.csv
CUS_0x5180,Ewingw,16,268-03-1866,Scientist,1/10/2023,2025-11-09,2023-10,features_attributes.csv
CUS_0x51bf,Karen Jacobsa,51,684-71-5126,Writer,1/10/2023,2025-11-09,2023-10,features_attributes.csv
CUS_0x52cb,Jany,39,062-24-3926,Developer,1/10/2023,2025-11-09,2023-10,features_attributes.csv
CUS_0x5357,Moond,33,428-88-4219,Journalist,1/10/2023,2025-11-09,2023-10,features_attributes.csv
CUS_0x5369,Dmitry Zhdannikovy,37_,111-17-8056,Accountant,1/10/2023,2025-11-09,2023-10,features_attributes.csv
CUS_0x5395,Sonya Dowsettb,45,041-85-1396,Lawyer,1/10/2023,2025-11-09,2023-10,features_attributes.csv
CUS_0x53f9,Karen Freifeldw,38,250-47-4635,Lawyer,1/10/2023,2025-11-09,2023-10,features_attributes.csv
CUS_0x5454,Y-Singj,35,911-96-3945,Musician,1/10/2023,2025-11-09,2023-10,features_attributes.csv
CUS_0x5474,Dhanya Skariachanc,56,616-36-4039,Engineer,1/10/2023,2025-11-09,2023-10,features_attributes.csv
CUS_0x5597,Leske Noelc,48,418-38-2559,Musician,1/10/2023,2025-11-09,2023-10,features_attributes.csv
CUS_0x55e0,Kimb,26,857-03-0726,Writer,1/10/2023,2025-11-09,2023-10,features_attributes.csv
CUS_0x55f6,Wheatleye,37,566-71-2113,Writer,1/10/2023,2025-11-09,2023-10,features_attributes.csv
CUS_0x5625,er Ingridi,36,859-74-5676,Musician,1/10/2023,2025-11-09,2023-10,features_attributes.csv
CUS_0x562b,Edwardsk,56,231-01-4015,Architect,1/10/2023,2025-11-09,2023-10,features_attributes.csv
CUS_0x5665,Jessica Toonkelq,35,868-53-7311,Journalist,1/10/2023,2025-11-09,2023-10,features_attributes.csv
CUS_0x56ad,Nicolei,19,891-82-4879,Scientist,1/10/2023,2025-11-09,2023-10,features_attributes.csv
CUS_0x5709,Alistaire,38_,541-41-6519,Musician,1/10/2023,2025-11-09,2023-10,features_attributes.csv
CUS_0x5793,Viparat Jantraprapi,25,818-70-3452,Writer,1/10/2023,2025-11-09,2023-10,features_attributes.csv
CUS_0x5815,Reiji Murair,32,172-09-0251,Engineer,1/10/2023,2025-11-09,2023-10,features_attributes.csv
CUS_0x5857,Tim Hephera,48,718-24-5226,Mechanic,1/10/2023,2025-11-09,2023-10,features_attributes.csv
CUS_0x58f,Rachelle Younglaia,29,744-81-5706,Architect,1/10/2023,2025-11-09,2023-10,features_attributes.csv
CUS_0x5915,Garimal,3984_,307-35-3344,Lawyer,1/10/2023,2025-11-09,2023-10,features_attributes.csv
CUS_0x596a,Alistair Barrp,19,557-24-2510,Engineer,1/10/2023,2025-11-09,2023-10,features_attributes.csv
CUS_0x5a1b,Mica Rosenbergb,53,919-68-5823,Mechanic,1/10/2023,2025-11-09,2023-10,features_attributes.csv
CUS_0x5ab7,Nicolaciz,21,061-51-4957,Teacher,1/10/2023,2025-11-09,2023-10,features_attributes.csv
CUS_0x5b70,Jonathan Stempely,55,433-49-2426,Journalist,1/10/2023,2025-11-09,2023-10,features_attributes.csv
CUS_0x5ba1,Spetalnickj,32,803-91-4307,Scientist,1/10/2023,2025-11-09,2023-10,features_attributes.csv
CUS_0x5be9,Sarah Mortimerr,48,428-81-0163,_______,1/10/2023,2025-11-09,2023-10,features_attributes.csv
CUS_0x5c1f,Tetsushih,55,776-09-6859,Architect,1/10/2023,2025-11-09,2023-10,features_attributes.csv
CUS_0x5c94,Emmottu,28_,319-65-7987,_______,1/10/2023,2025-11-09,2023-10,features_attributes.csv
CUS_0x5cbb,Cruisej,44,309-82-5174,Accountant,1/10/2023,2025-11-09,2023-10,features_attributes.csv
CUS_0x5d42,Jonesg,39,330-04-5269,Entrepreneur,1/10/2023,2025-11-09,2023-10,features_attributes.csv
CUS_0x5d46,Oreskovicw,37,#F%$D@*&8,Entrepreneur,1/10/2023,2025-11-09,2023-10,features_attributes.csv
CUS_0x5db7,Daveq,39,088-41-9984,_______,1/10/2023,2025-11-09,2023-10,features_attributes.csv
CUS_0x5e3b,Dougz,37,068-14-1985,Entrepreneur,1/10/2023,2025-11-09,2023-10,features_attributes.csv
CUS_0x5e70,Emilyo,56,084-91-0481,Engineer,1/10/2023,2025-11-09,2023-10,features_attributes.csv
CUS_0x5ee7,Halpinx,55,674-29-2346,Developer,1/10/2023,2025-11-09,2023-10,features_attributes.csv
CUS_0x5f64,Olga Popovak,32,231-02-6063,Doctor,1/10/2023,2025-11-09,2023-10,features_attributes.csv
CUS_0x5f9,Greg Roumeliotise,42,970-14-1165,Developer,1/10/2023,2025-11-09,2023-10,features_attributes.csv
CUS_0x5fd3,ill Berkrotg,39,884-11-5710,Lawyer,1/10/2023,2025-11-09,2023-10,features_attributes.csv
CUS_0x6032,James Vicinil,17,741-59-1064,Media_Manager,1/10/2023,2025-11-09,2023-10,features_attributes.csv
CUS_0x60c0,Maryw,33,720-48-8048,Mechanic,1/10/2023,2025-11-09,2023-10,features_attributes.csv
CUS_0x6142,Taran,38,735-50-1434,Accountant,1/10/2023,2025-11-09,2023-10,features_attributes.csv
CUS_0x6197,Lynchp,39,079-81-7123,Engineer,1/10/2023,2025-11-09,2023-10,features_attributes.csv
CUS_0x628,Prodhann,44,350-60-2048,_______,1/10/2023,2025-11-09,2023-10,features_attributes.csv
CUS_0x6399,Steve Schererr,28,087-38-7228,Lawyer,1/10/2023,2025-11-09,2023-10,features_attributes.csv
CUS_0x64f0,McBrideh,19,655-81-0974,Architect,1/10/2023,2025-11-09,2023-10,features_attributes.csv
CUS_0x6578,Alan Wheatleyg,19,944-84-0145,Mechanic,1/10/2023,2025-11-09,2023-10,features_attributes.csv
CUS_0x65c5,Clarer,49,078-37-0144,Accountant,1/10/2023,2025-11-09,2023-10,features_attributes.csv
CUS_0x65d0,Aubino,31,259-61-9535,Doctor,1/10/2023,2025-11-09,2023-10,features_attributes.csv
CUS_0x6612,Jennifer Sabay,51,101-38-4991,Doctor,1/10/2023,2025-11-09,2023-10,features_attributes.csv
CUS_0x663,Richarda,38,#F%$D@*&8,Mechanic,1/10/2023,2025-11-09,2023-10,features_attributes.csv
CUS_0x664c,Lorenzim,19,482-10-4462,Doctor,1/10/2023,2025-11-09,2023-10,features_attributes.csv
CUS_0x66fc,Berginu,42,332-96-0334,_______,1/10/2023,2025-11-09,2023-10,features_attributes.csv
CUS_0x6749,Subhadip Sircarf,26,109-19-0368,Mechanic,1/10/2023,2025-11-09,2023-10,features_attributes.csv
CUS_0x67ec,Deepav,42,639-39-0670,Architect,1/10/2023,2025-11-09,2023-10,features_attributes.csv
CUS_0x6819,Ronald Groverz,19,631-29-3707,Architect,1/10/2023,2025-11-09,2023-10,features_attributes.csv
CUS_0x681c,Bhattacharjeet,29,446-41-8323,Scientist,1/10/2023,2025-11-09,2023-10,features_attributes.csv
CUS_0x68ad,Edwardsg,45,177-23-9449,Entrepreneur,1/10/2023,2025-11-09,2023-10,features_attributes.csv
CUS_0x68d9,Steve Slaterk,4212,580-48-2588,Writer,1/10/2023,2025-11-09,2023-10,features_attributes.csv
CUS_0x696c,Ronald Groverf,32,206-86-2182,Manager,1/10/2023,2025-11-09,2023-10,features_attributes.csv
CUS_0x69f0,Edmunde,50,669-75-6091,Accountant,1/10/2023,2025-11-09,2023-10,features_attributes.csv
CUS_0x6a29,Lawrence Hurleyz,50,224-33-4622,Mechanic,1/10/2023,2025-11-09,2023-10,features_attributes.csv
CUS_0x6a5f,Gerry Shiht,23,915-55-5034,Accountant,1/10/2023,2025-11-09,2023-10,features_attributes.csv
CUS_0x6b0b,Giorgio Gavinu,27,206-94-5126,Doctor,1/10/2023,2025-11-09,2023-10,features_attributes.csv
CUS_0x6c27,Hideyukic,20,297-05-8610,Journalist,1/10/2023,2025-11-09,2023-10,features_attributes.csv
CUS_0x6c83,Roumeliotisb,33,710-75-5170,Media_Manager,1/10/2023,2025-11-09,2023-10,features_attributes.csv
CUS_0x6c88,Poornima Guptaf,39,821-50-1894,Accountant,1/10/2023,2025-11-09,2023-10,features_attributes.csv
CUS_0x6d04,Aditi Shahz,21,837-11-4072,Scientist,1/10/2023,2025-11-09,2023-10,features_attributes.csv
CUS_0x6d17,Niveditar,36,584-62-1775,Scientist,1/10/2023,2025-11-09,2023-10,features_attributes.csv
CUS_0x6d1e,Steveu,43,549-54-6864,Mechanic,1/10/2023,2025-11-09,2023-10,features_attributes.csv
CUS_0x6d22,Matt Falloonm,41,564-68-2345,Entrepreneur,1/10/2023,2025-11-09,2023-10,features_attributes.csv
CUS_0x6d94,Andrea Shalal-Esah,44,832-74-6335,Doctor,1/10/2023,2025-11-09,2023-10,features_attributes.csv
CUS_0x6e23,Harry Papachristouo,37,344-34-3762,Scientist,1/10/2023,2025-11-09,2023-10,features_attributes.csv
CUS_0x6e2b,Millikend,19,100-19-6332,Accountant,1/10/2023,2025-11-09,2023-10,features_attributes.csv
CUS_0x6e47,Georgeu,52,110-25-7439,Teacher,1/10/2023,2025-11-09,2023-10,features_attributes.csv
CUS_0x6f40,Soyoungv,31,566-34-8471,Musician,1/10/2023,2025-11-09,2023-10,features_attributes.csv
CUS_0x6f8b,Dmitracoval,15,443-98-1444,Media_Manager,1/10/2023,2025-11-09,2023-10,features_attributes.csv
CUS_0x7084,Ryan Vlastelicao,26,967-68-4738,Musician,1/10/2023,2025-11-09,2023-10,features_attributes.csv
CUS_0x70e8,Soyoung Kimx,38,381-87-7038,_______,1/10/2023,2025-11-09,2023-10,features_attributes.csv
CUS_0x710e,Papadimasx,44,840-65-9735,Doctor,1/10/2023,2025-11-09,2023-10,features_attributes.csv
CUS_0x71b8,Suzannen,54,017-48-9798,Entrepreneur,1/10/2023,2025-11-09,2023-10,features_attributes.csv
CUS_0x71ba,Sayantanis,42,906-54-5924,Engineer,1/10/2023,2025-11-09,2023-10,features_attributes.csv
CUS_0x71bf,Ross Kerberf,-500,583-65-2893,Scientist,1/10/2023,2025-11-09,2023-10,features_attributes.csv
CUS_0x7324,Timh,41,#F%$D@*&8,Writer,1/10/2023,2025-11-09,2023-10,features_attributes.csv
CUS_0x734a,Alexei Oreskovicd,20,549-24-0925,Developer,1/10/2023,2025-11-09,2023-10,features_attributes.csv
CUS_0x742c,Sarahk,21_,954-22-2142,Engineer,1/10/2023,2025-11-09,2023-10,features_attributes.csv
CUS_0x744c,Luke Jeffsx,34,195-92-0874,Musician,1/10/2023,2025-11-09,2023-10,features_attributes.csv
CUS_0x748e,Maloner,26,418-53-1393,Doctor,1/10/2023,2025-11-09,2023-10,features_attributes.csv
CUS_0x749e,Victoria Bryana,23,006-39-2302,Journalist,1/10/2023,2025-11-09,2023-10,features_attributes.csv
CUS_0x74d5,Mortimerz,26,432-94-4099,Lawyer,1/10/2023,2025-11-09,2023-10,features_attributes.csv
CUS_0x754d,env,50,257-18-5219,Entrepreneur,1/10/2023,2025-11-09,2023-10,features_attributes.csv
CUS_0x75e8,Deepa Seetharamanc,37,351-02-9110,Lawyer,1/10/2023,2025-11-09,2023-10,features_attributes.csv
CUS_0x7641,Flitterc,24,329-66-7043,Developer,1/10/2023,2025-11-09,2023-10,features_attributes.csv
CUS_0x7699,Miyoungx,22,152-69-5817,Developer,1/10/2023,2025-11-09,2023-10,features_attributes.csv
CUS_0x76a9,Humeyra Pamuko,17,830-79-0818,Developer,1/10/2023,2025-11-09,2023-10,features_attributes.csv
CUS_0x7703,ernard Vaughanr,39,401-95-5016,Writer,1/10/2023,2025-11-09,2023-10,features_attributes.csv
CUS_0x77ec,Yantoultraq,28,597-68-4770,Engineer,1/10/2023,2025-11-09,2023-10,features_attributes.csv
CUS_0x78cd,Tiagor,25,214-79-8348,Developer,1/10/2023,2025-11-09,2023-10,features_attributes.csv
CUS_0x797d,Leskeb,37,178-56-1075,Doctor,1/10/2023,2025-11-09,2023-10,features_attributes.csv
CUS_0x7a8d,arani Krishnanh,46,921-21-5382,Architect,1/10/2023,2025-11-09,2023-10,features_attributes.csv
CUS_0x7ace,Carolinev,46,279-65-4803,Media_Manager,1/10/2023,2025-11-09,2023-10,features_attributes.csv
CUS_0x7ba0,imarte Waltera,28,654-22-3082,Teacher,1/10/2023,2025-11-09,2023-10,features_attributes.csv
CUS_0x7d0b,Isabel Reynoldsb,22,226-77-0587,_______,1/10/2023,2025-11-09,2023-10,features_attributes.csv
CUS_0x7d57,Grant McCoolw,20,332-96-1312,Entrepreneur,1/10/2023,2025-11-09,2023-10,features_attributes.csv
CUS_0x7dd,Matthias Sobolewskiu,47,507-09-1349,Lawyer,1/10/2023,2025-11-09,2023-10,features_attributes.csv
CUS_0x7df6,Valetkevitchr,39,589-71-0854,Scientist,1/10/2023,2025-11-09,2023-10,features_attributes.csv
CUS_0x7e10,Aizhup,37,924-66-5952,Manager,1/10/2023,2025-11-09,2023-10,features_attributes.csv
CUS_0x7e3e,Gershbergk,30,230-16-9822,Engineer,1/10/2023,2025-11-09,2023-10,features_attributes.csv
CUS_0x7ea2,Alper Davew,27,584-85-1295,Teacher,1/10/2023,2025-11-09,2023-10,features_attributes.csv
CUS_0x7ea4,Natalie Wrightj,56,000-89-3828,Media_Manager,1/10/2023,2025-11-09,2023-10,features_attributes.csv
CUS_0x7efe,Patrickn,41,338-22-8890,Journalist,1/10/2023,2025-11-09,2023-10,features_attributes.csv
CUS_0x7fc7,Jochelle Mendoncaf,55,827-76-1265,Musician,1/10/2023,2025-11-09,2023-10,features_attributes.csv
CUS_0x7feb,Sayantani Ghosht,31_,716-31-0286,Manager,1/10/2023,2025-11-09,2023-10,features_attributes.csv
CUS_0x8033,Alisony,26,425-36-6919,Manager,1/10/2023,2025-11-09,2023-10,features_attributes.csv
CUS_0x803c,Davidm,18,941-91-2197,Entrepreneur,1/10/2023,2025-11-09,2023-10,features_attributes.csv
CUS_0x8081,Sineade,32,171-65-5297,Manager,1/10/2023,2025-11-09,2023-10,features_attributes.csv
CUS_0x80d7,Sharpw,15,181-47-9455,Architect,1/10/2023,2025-11-09,2023-10,features_attributes.csv
CUS_0x80d8,Woodallg,25,879-65-6545,Lawyer,1/10/2023,2025-11-09,2023-10,features_attributes.csv
CUS_0x8132,Briany,35,352-95-7668,Architect,1/10/2023,2025-11-09,2023-10,features_attributes.csv
CUS_0x8144,Poornima Guptav,38,830-28-5855,Media_Manager,1/10/2023,2025-11-09,2023-10,features_attributes.csv
CUS_0x8293,Fiona Ortizj,23,588-86-8947,Mechanic,1/10/2023,2025-11-09,2023-10,features_attributes.csv
CUS_0x82db,Lynnley Browningz,39,115-17-6032,Teacher,1/10/2023,2025-11-09,2023-10,features_attributes.csv
CUS_0x82fd,Basilu,22,543-39-6167,Engineer,1/10/2023,2025-11-09,2023-10,features_attributes.csv
CUS_0x840a,Pedro dan,41,779-76-1190,Lawyer,1/10/2023,2025-11-09,2023-10,features_attributes.csv
CUS_0x84af,Rothackerq,32,504-37-8446,Accountant,1/10/2023,2025-11-09,2023-10,features_attributes.csv
CUS_0x8533,Stempelw,2178,747-81-0975,Architect,1/10/2023,2025-11-09,2023-10,features_attributes.csv
CUS_0x85e7,Marc Jonesv,29,959-37-3158,Doctor,1/10/2023,2025-11-09,2023-10,features_attributes.csv
CUS_0x85e9,Anna Driveri,45,288-62-7562,Musician,1/10/2023,2025-11-09,2023-10,features_attributes.csv
CUS_0x8718,Alex ran,39_,426-07-3179,Journalist,1/10/2023,2025-11-09,2023-10,features_attributes.csv
CUS_0x8752,Mikolajczaku,33,175-52-9172,_______,1/10/2023,2025-11-09,2023-10,features_attributes.csv
CUS_0x878c,Caroliner,41,479-15-5308,Journalist,1/10/2023,2025-11-09,2023-10,features_attributes.csv
CUS_0x8793,Laura Zuckermany,26,198-37-2258,Accountant,1/10/2023,2025-11-09,2023-10,features_attributes.csv
CUS_0x87db,Hop,18,207-07-2861,Lawyer,1/10/2023,2025-11-09,2023-10,features_attributes.csv
CUS_0x880b,Jones Lisag,21,790-45-5982,_______,1/10/2023,2025-11-09,2023-10,features_attributes.csv
CUS_0x8974,Melaniea,22,263-28-2833,Writer,1/10/2023,2025-11-09,2023-10,features_attributes.csv
CUS_0x89b9,Philipe,27,398-68-5126,Journalist,1/10/2023,2025-11-09,2023-10,features_attributes.csv
CUS_0x8a2b,Donny Kwokw,36,096-57-2895,Accountant,1/10/2023,2025-11-09,2023-10,features_attributes.csv
CUS_0x8b91,Andrew Callusj,32,462-93-2900,Lawyer,1/10/2023,2025-11-09,2023-10,features_attributes.csv
CUS_0x8bd2,Valentinao,33,375-03-0117,Mechanic,1/10/2023,2025-11-09,2023-10,features_attributes.csv
CUS_0x8bd3,Sonali Paull,26,428-88-1742,Journalist,1/10/2023,2025-11-09,2023-10,features_attributes.csv
CUS_0x8bda,Lynnleyy,48_,091-73-4515,Scientist,1/10/2023,2025-11-09,2023-10,features_attributes.csv
CUS_0x8c7c,Bilbyq,51,189-34-5628,Developer,1/10/2023,2025-11-09,2023-10,features_attributes.csv
CUS_0x8d84,Antidzem,4820,072-51-9357,Developer,1/10/2023,2025-11-09,2023-10,features_attributes.csv
CUS_0x8da5,David Millikeng,44,154-07-0671,Manager,1/10/2023,2025-11-09,2023-10,features_attributes.csv
CUS_0x8e1a,iniz,53,375-18-5371,Manager,1/10/2023,2025-11-09,2023-10,features_attributes.csv
CUS_0x8f19,Viswanathad,33,870-86-3555,Architect,1/10/2023,2025-11-09,2023-10,features_attributes.csv
CUS_0x8f86,Rochap,45,561-67-6184,Media_Manager,1/10/2023,2025-11-09,2023-10,features_attributes.csv
CUS_0x8fd9,Kirstine,27,547-86-0816,Doctor,1/10/2023,2025-11-09,2023-10,features_attributes.csv
CUS_0x9027,Shihg,21,574-10-7802,Teacher,1/10/2023,2025-11-09,2023-10,features_attributes.csv
CUS_0x9038,Annab,54,457-44-5854,Engineer,1/10/2023,2025-11-09,2023-10,features_attributes.csv
CUS_0x9074,Giannoneh,31,866-84-7018,Manager,1/10/2023,2025-11-09,2023-10,features_attributes.csv
CUS_0x9076,Carewl,29,228-28-5559,Manager,1/10/2023,2025-11-09,2023-10,features_attributes.csv
CUS_0x9095,Sinead Carewx,46,410-78-4268,Manager,1/10/2023,2025-11-09,2023-10,features_attributes.csv
CUS_0x9151,Shermanb,20,943-19-5918,Developer,1/10/2023,2025-11-09,2023-10,features_attributes.csv
CUS_0x9167,Henryh,22,033-47-7890,Entrepreneur,1/10/2023,2025-11-09,2023-10,features_attributes.csv
CUS_0x924e,Daniel Basesz,41,153-33-1546,Developer,1/10/2023,2025-11-09,2023-10,features_attributes.csv
CUS_0x932,Diane Bartzy,36,417-95-0656,Writer,1/10/2023,2025-11-09,2023-10,features_attributes.csv
CUS_0x9348,Laurence Frosti,19,195-44-0857,Entrepreneur,1/10/2023,2025-11-09,2023-10,features_attributes.csv
CUS_0x9352,Tagarise,48,606-00-7941,Lawyer,1/10/2023,2025-11-09,2023-10,features_attributes.csv
CUS_0x93e,Alina Selyukhi,43,061-94-6784,Accountant,1/10/2023,2025-11-09,2023-10,features_attributes.csv
CUS_0x940d,McCoola,32,804-37-1515,Lawyer,1/10/2023,2025-11-09,2023-10,features_attributes.csv
CUS_0x9412,Browng,27,688-22-8467,Accountant,1/10/2023,2025-11-09,2023-10,features_attributes.csv
CUS_0x9448,Ryan Schladers,41,369-50-5456,Engineer,1/10/2023,2025-11-09,2023-10,features_attributes.csv
CUS_0x944e,Vlastelicax,24,815-15-2261,Architect,1/10/2023,2025-11-09,2023-10,features_attributes.csv
CUS_0x9486,Janeman Latulv,45,335-91-9347,Musician,1/10/2023,2025-11-09,2023-10,features_attributes.csv
CUS_0x94c5,Temple-Westh,36,195-25-3991,Writer,1/10/2023,2025-11-09,2023-10,features_attributes.csv
CUS_0x958e,Saeed Azharp,24,937-11-0997,_______,1/10/2023,2025-11-09,2023-10,features_attributes.csv
CUS_0x95e7,Michelle Martino,22,423-07-8408,Doctor,1/10/2023,2025-11-09,2023-10,features_attributes.csv
CUS_0x95eb,Nicola Leskej,27,514-75-9214,Journalist,1/10/2023,2025-11-09,2023-10,features_attributes.csv
CUS_0x963e,Tetsushi Kajimotoj,30,089-40-1103,Mechanic,1/10/2023,2025-11-09,2023-10,features_attributes.csv
CUS_0x96a6,Douwe Miedemae,46,973-70-9064,Lawyer,1/10/2023,2025-11-09,2023-10,features_attributes.csv
CUS_0x96da,Baertleinf,26,777-66-9324,_______,1/10/2023,2025-11-09,2023-10,features_attributes.csv
CUS_0x9754,Seetharamank,53,228-11-6416,Manager,1/10/2023,2025-11-09,2023-10,features_attributes.csv
CUS_0x975d,Ronaldz,47,602-97-7518,Doctor,1/10/2023,2025-11-09,2023-10,features_attributes.csv
CUS_0x97a,Natalie Huetc,29,#F%$D@*&8,Accountant,1/10/2023,2025-11-09,2023-10,features_attributes.csv
CUS_0x97d1,Cyntia Barrerax,32,280-76-3810,Media_Manager,1/10/2023,2025-11-09,2023-10,features_attributes.csv
CUS_0x97da,Gilless,43,087-23-2406,Media_Manager,1/10/2023,2025-11-09,2023-10,features_attributes.csv
CUS_0x97e1,Pedro Nicolacid,28,028-51-8765,Writer,1/10/2023,2025-11-09,2023-10,features_attributes.csv
CUS_0x9828,Luciao,23,889-61-7625,Musician,1/10/2023,2025-11-09,2023-10,features_attributes.csv
CUS_0x9860,Valetkevitche,43,633-33-7100,Developer,1/10/2023,2025-11-09,2023-10,features_attributes.csv
CUS_0x98e7,Margaretr,48,#F%$D@*&8,Entrepreneur,1/10/2023,2025-11-09,2023-10,features_attributes.csv
CUS_0x995b,Jessicaj,46,029-29-4933,_______,1/10/2023,2025-11-09,2023-10,features_attributes.csv
CUS_0x9970,Martinax,31,046-42-3163,Architect,1/10/2023,2025-11-09,2023-10,features_attributes.csv
CUS_0x99c6,Scottm,32,553-29-9085,Mechanic,1/10/2023,2025-11-09,2023-10,features_attributes.csv
CUS_0x9a51,Andyd,54,738-23-1446,Developer,1/10/2023,2025-11-09,2023-10,features_attributes.csv
CUS_0x9ae8,Grantb,30,257-10-0042,Doctor,1/10/2023,2025-11-09,2023-10,features_attributes.csv
CUS_0x9aef,Vaughana,47,632-70-4061,Scientist,1/10/2023,2025-11-09,2023-10,features_attributes.csv
CUS_0x9b9e,Steven C.d,44,160-38-1753,Scientist,1/10/2023,2025-11-09,2023-10,features_attributes.csv
CUS_0x9ba5,Phil Wahbav,49,257-72-0519,Accountant,1/10/2023,2025-11-09,2023-10,features_attributes.csv
CUS_0x9bc1,Jaisinghanij,42,445-18-4420,Architect,1/10/2023,2025-11-09,2023-10,features_attributes.csv
CUS_0x9c09,"\"Michaels",22,333-14-9403,Lawyer,1/10/2023,2025-11-09,2023-10,features_attributes.csv
CUS_0x9d73,Sonali Pauls,21,285-66-0194,Manager,1/10/2023,2025-11-09,2023-10,features_attributes.csv
CUS_0x9df0,Timk,39,846-31-4164,Entrepreneur,1/10/2023,2025-11-09,2023-10,features_attributes.csv
CUS_0x9e95,McBridep,26,330-30-8487,_______,1/10/2023,2025-11-09,2023-10,features_attributes.csv
CUS_0x9eec,Jonathan Stempelz,31,148-15-4934,Mechanic,1/10/2023,2025-11-09,2023-10,features_attributes.csv
CUS_0xa0a6,Stellaa,54,823-73-2567,Writer,1/10/2023,2025-11-09,2023-10,features_attributes.csv
CUS_0xa106,Alex raz,25,026-50-1269,Manager,1/10/2023,2025-11-09,2023-10,features_attributes.csv
CUS_0xa18f,Thukralx,25_,732-05-7211,Mechanic,1/10/2023,2025-11-09,2023-10,features_attributes.csv
CUS_0xa19,Herbst-Baylissa,44,308-90-5833,Entrepreneur,1/10/2023,2025-11-09,2023-10,features_attributes.csv
CUS_0xa226,Lisa Juccad,35,409-61-8014,_______,1/10/2023,2025-11-09,2023-10,features_attributes.csv
CUS_0xa2ca,Alvarengaj,37,225-27-1573,Developer,1/10/2023,2025-11-09,2023-10,features_attributes.csv
CUS_0xa2f5,Martinnec,14,596-05-5810,Teacher,1/10/2023,2025-11-09,2023-10,features_attributes.csv
CUS_0xa335,Lisa Baertleink,22,835-41-6871,Architect,1/10/2023,2025-11-09,2023-10,features_attributes.csv
CUS_0xa439,Clare Hutchisony,38,955-94-0714,Media_Manager,1/10/2023,2025-11-09,2023-10,features_attributes.csv
CUS_0xa447,Jonathanb,41,372-94-7422,Accountant,1/10/2023,2025-11-09,2023-10,features_attributes.csv
CUS_0xa4b6,Jessica Dyeq,31,571-19-8151,Journalist,1/10/2023,2025-11-09,2023-10,features_attributes.csv
CUS_0xa4f9,Roberta Ramptony,38,259-06-1240,Accountant,1/10/2023,2025-11-09,2023-10,features_attributes.csv
CUS_0xa630,Henning Gloysteiny,28,072-69-5509,Writer,1/10/2023,2025-11-09,2023-10,features_attributes.csv
CUS_0xa6d5,Azharx,3537,360-00-8751,Accountant,1/10/2023,2025-11-09,2023-10,features_attributes.csv
CUS_0xa6db,Emilyp,23,782-40-0373,Doctor,1/10/2023,2025-11-09,2023-10,features_attributes.csv
CUS_0xa6f6,Egenterh,35,424-26-3353,Media_Manager,1/10/2023,2025-11-09,2023-10,features_attributes.csv
CUS_0xa6f9,Kevin Drawbaughf,29,979-88-6619,Scientist,1/10/2023,2025-11-09,2023-10,features_attributes.csv
CUS_0xa7d0,Jonathan Leffc,36,451-13-9180,_______,1/10/2023,2025-11-09,2023-10,features_attributes.csv
CUS_0xa814,Jasonr,49,167-27-0881,Accountant,1/10/2023,2025-11-09,2023-10,features_attributes.csv
CUS_0xa82c,Eva Kuehnenm,22,752-16-2968,Media_Manager,1/10/2023,2025-11-09,2023-10,features_attributes.csv
CUS_0xa8c,Dhanya Skariachanp,21,988-02-0605,Scientist,1/10/2023,2025-11-09,2023-10,features_attributes.csv
CUS_0xa8ed,Palmerz,24,899-63-9269,Teacher,1/10/2023,2025-11-09,2023-10,features_attributes.csv
CUS_0xa940,Dena Aubine,47,242-85-8189,Journalist,1/10/2023,2025-11-09,2023-10,features_attributes.csv
CUS_0xa95d,Masona,47,783-87-1945,Architect,1/10/2023,2025-11-09,2023-10,features_attributes.csv
CUS_0xa9d1,Foo Yunw,29,958-68-5559,_______,1/10/2023,2025-11-09,2023-10,features_attributes.csv
CUS_0xaad9,Supantha Mukherjeex,15,910-00-4345,Mechanic,1/10/2023,2025-11-09,2023-10,features_attributes.csv
CUS_0xaadf,Ranganathanx,34,387-17-9828,_______,1/10/2023,2025-11-09,2023-10,features_attributes.csv
CUS_0xab3a,Laurenl,20,858-31-4023,Developer,1/10/2023,2025-11-09,2023-10,features_attributes.csv
CUS_0xab9e,Kaustubh Kulkarnim,20_,228-35-6058,_______,1/10/2023,2025-11-09,2023-10,features_attributes.csv
CUS_0xabb5,Jonathanr,21,229-98-1275,Architect,1/10/2023,2025-11-09,2023-10,features_attributes.csv
CUS_0xac3b,Kubotax,21,024-80-3350,Mechanic,1/10/2023,2025-11-09,2023-10,features_attributes.csv
CUS_0xac54,Caroline Valetkevitchx,32_,077-81-3204,Accountant,1/10/2023,2025-11-09,2023-10,features_attributes.csv
CUS_0xae93,Leah Schnurrl,15,319-77-2947,Journalist,1/10/2023,2025-11-09,2023-10,features_attributes.csv
CUS_0xaf1b,Ramakrishnans,36,792-02-2371,Media_Manager,1/10/2023,2025-11-09,2023-10,features_attributes.csv
CUS_0xaf81,David Henryf,44,759-23-7670,Entrepreneur,1/10/2023,2025-11-09,2023-10,features_attributes.csv
CUS_0xafc3,Alister Bullv,24,270-73-7020,Developer,1/10/2023,2025-11-09,2023-10,features_attributes.csv
CUS_0xafce,Kevink,43,779-14-8458,Engineer,1/10/2023,2025-11-09,2023-10,features_attributes.csv
CUS_0xb004,Manojj,54,200-25-2968,Developer,1/10/2023,2025-11-09,2023-10,features_attributes.csv
CUS_0xb013,Rhysg,22,607-56-0354,Developer,1/10/2023,2025-11-09,2023-10,features_attributes.csv
CUS_0xb014,Gellere,28,327-02-8791,_______,1/10/2023,2025-11-09,2023-10,features_attributes.csv
CUS_0xb021,Scottu,30,628-82-4300,Scientist,1/10/2023,2025-11-09,2023-10,features_attributes.csv
CUS_0xb037,Garethw,44,769-23-7954,Musician,1/10/2023,2025-11-09,2023-10,features_attributes.csv
CUS_0xb03b,Protardg,42,005-71-5332,Entrepreneur,1/10/2023,2025-11-09,2023-10,features_attributes.csv
CUS_0xb079,Aruna Viswanathao,45,413-68-2214,_______,1/10/2023,2025-11-09,2023-10,features_attributes.csv
CUS_0xb091,Saulw,56,805-31-0884,Mechanic,1/10/2023,2025-11-09,2023-10,features_attributes.csv
CUS_0xb122,Nicola Leskew,32,399-21-8755,Lawyer,1/10/2023,2025-11-09,2023-10,features_attributes.csv
CUS_0xb131,Skariachanv,46,999-52-5088,Journalist,1/10/2023,2025-11-09,2023-10,features_attributes.csv
CUS_0xb13e,Toonkeld,28,#F%$D@*&8,Accountant,1/10/2023,2025-11-09,2023-10,features_attributes.csv
CUS_0xb16c,Matt Dailyl,23,427-56-9280,Architect,1/10/2023,2025-11-09,2023-10,features_attributes.csv
CUS_0xb1da,Paulj,35,671-03-8487,Doctor,1/10/2023,2025-11-09,2023-10,features_attributes.csv
CUS_0xb20f,Listonf,49,139-28-1601,_______,1/10/2023,2025-11-09,2023-10,features_attributes.csv
CUS_0xb22,Alekse,35,882-91-0469,_______,1/10/2023,2025-11-09,2023-10,features_attributes.csv
CUS_0xb2a1,eyy,22,#F%$D@*&8,Developer,1/10/2023,2025-11-09,2023-10,features_attributes.csv
CUS_0xb2bf,Michael Ermano,29,575-99-4175,Developer,1/10/2023,2025-11-09,2023-10,features_attributes.csv
CUS_0xb333,Deepag,44,927-28-8653,Musician,1/10/2023,2025-11-09,2023-10,features_attributes.csv
CUS_0xb339,Joe Silhaj,38,307-29-9070,Media_Manager,1/10/2023,2025-11-09,2023-10,features_attributes.csv
CUS_0xb3b,ra Alperv,20,763-19-2217,Writer,1/10/2023,2025-11-09,2023-10,features_attributes.csv
CUS_0xb443,Kerbere,21,151-39-2232,Doctor,1/10/2023,2025-11-09,2023-10,features_attributes.csv
CUS_0xb450,Wayner,47,564-78-6008,Entrepreneur,1/10/2023,2025-11-09,2023-10,features_attributes.csv
CUS_0xb47f,Barri,17,429-78-0806,Scientist,1/10/2023,2025-11-09,2023-10,features_attributes.csv
CUS_0xb4b4,Jasond,15,698-29-6212,Media_Manager,1/10/2023,2025-11-09,2023-10,features_attributes.csv
CUS_0xb4ca,Andrea Shalal-Esav,33,436-70-4761,Writer,1/10/2023,2025-11-09,2023-10,features_attributes.csv
CUS_0xb55e,Alistair Barrv,40,961-58-6114,Musician,1/10/2023,2025-11-09,2023-10,features_attributes.csv
CUS_0xb59a,emir Nickt,30,081-75-4820,Media_Manager,1/10/2023,2025-11-09,2023-10,features_attributes.csv
CUS_0xb5af,Sophie Sassardd,32,889-47-5164,Architect,1/10/2023,2025-11-09,2023-10,features_attributes.csv
CUS_0xb5bd,Grega,28,732-58-9225,Journalist,1/10/2023,2025-11-09,2023-10,features_attributes.csv
CUS_0xb61d,Sulaimanp,48,212-25-3020,Journalist,1/10/2023,2025-11-09,2023-10,features_attributes.csv
CUS_0xb6e6,Sarah Youngg,22,989-37-3565,Media_Manager,1/10/2023,2025-11-09,2023-10,features_attributes.csv
CUS_0xb725,Schnurra,33,755-81-8384,Lawyer,1/10/2023,2025-11-09,2023-10,features_attributes.csv
CUS_0xb736,Jani,54,868-99-0276,Developer,1/10/2023,2025-11-09,2023-10,features_attributes.csv
CUS_0xb76f,Raymondr,45,069-45-8437,Musician,1/10/2023,2025-11-09,2023-10,features_attributes.csv
CUS_0xb772,Natalian,30,942-59-1928,Entrepreneur,1/10/2023,2025-11-09,2023-10,features_attributes.csv
CUS_0xb79c,Sabaj,19,633-61-0456,Architect,1/10/2023,2025-11-09,2023-10,features_attributes.csv
CUS_0xb7a5,Lesleyg,3791,346-46-1263,Journalist,1/10/2023,2025-11-09,2023-10,features_attributes.csv
CUS_0xb7bb,Michaelf,43,797-45-5985,Manager,1/10/2023,2025-11-09,2023-10,features_attributes.csv
CUS_0xb832,Smithb,24,979-80-0123,Scientist,1/10/2023,2025-11-09,2023-10,features_attributes.csv
CUS_0xb863,Clarer,55,#F%$D@*&8,Developer,1/10/2023,2025-11-09,2023-10,features_attributes.csv
CUS_0xb867,Woodallm,39,972-48-4030,Accountant,1/10/2023,2025-11-09,2023-10,features_attributes.csv
CUS_0xb882,Hlaf,34,732-56-8461,Entrepreneur,1/10/2023,2025-11-09,2023-10,features_attributes.csv
CUS_0xb88a,Laurence Fletcherh,39,498-50-3055,Engineer,1/10/2023,2025-11-09,2023-10,features_attributes.csv
CUS_0xb8c2,en Klaymanh,8422,475-00-7698,Doctor,1/10/2023,2025-11-09,2023-10,features_attributes.csv
CUS_0xb8e9,Pairat Temphairojanay,41,634-98-9559,Developer,1/10/2023,2025-11-09,2023-10,features_attributes.csv
CUS_0xb932,Silvio Cascionex,20,739-85-4956,Doctor,1/10/2023,2025-11-09,2023-10,features_attributes.csv
CUS_0xb986,Simon Jessope,14,#F%$D@*&8,Developer,1/10/2023,2025-11-09,2023-10,features_attributes.csv
CUS_0xb9e5,Katev,44,616-71-3032,Media_Manager,1/10/2023,2025-11-09,2023-10,features_attributes.csv
CUS_0xba01,Muhammad Subarkahy,41,685-80-6053,Musician,1/10/2023,2025-11-09,2023-10,features_attributes.csv
CUS_0xba63,Jeffsr,20,310-95-9844,Journalist,1/10/2023,2025-11-09,2023-10,features_attributes.csv
CUS_0xbb0b,Andy Bruceb,15,129-04-0209,Journalist,1/10/2023,2025-11-09,2023-10,features_attributes.csv
CUS_0xbbdd,Nadian,42,501-72-4982,_______,1/10/2023,2025-11-09,2023-10,features_attributes.csv
CUS_0xbbf6,Don Durfeel,28,187-06-3273,Engineer,1/10/2023,2025-11-09,2023-10,features_attributes.csv
CUS_0xbc4c,Kellyb,38,951-79-8878,Architect,1/10/2023,2025-11-09,2023-10,features_attributes.csv
CUS_0xbc51,Toonkeln,36,239-02-8972,Architect,1/10/2023,2025-11-09,2023-10,features_attributes.csv
CUS_0xbc5e,Nate Raymondo,37,498-64-3731,_______,1/10/2023,2025-11-09,2023-10,features_attributes.csv
CUS_0xbd8c,Kimj,56,637-10-9834,Journalist,1/10/2023,2025-11-09,2023-10,features_attributes.csv
CUS_0xbec2,Tim Kellyv,45,#F%$D@*&8,Architect,1/10/2023,2025-11-09,2023-10,features_attributes.csv
CUS_0xbf19,Jennifer Ablans,17,209-19-4326,Doctor,1/10/2023,2025-11-09,2023-10,features_attributes.csv
CUS_0xbf4c,Yantoultrau,26,741-99-8188,_______,1/10/2023,2025-11-09,2023-10,features_attributes.csv
CUS_0xbf5c,Rothackerk,33,890-06-6231,Manager,1/10/2023,2025-11-09,2023-10,features_attributes.csv
CUS_0xc096,Karen Freifeldx,19,679-42-2704,Media_Manager,1/10/2023,2025-11-09,2023-10,features_attributes.csv
CUS_0xc18e,Raymondr,45,355-28-4498,Musician,1/10/2023,2025-11-09,2023-10,features_attributes.csv
CUS_0xc1f,Peters,21,161-09-0372,Architect,1/10/2023,2025-11-09,2023-10,features_attributes.csv
CUS_0xc203,"ODonnell\"w",24,#F%$D@*&8,Manager,1/10/2023,2025-11-09,2023-10,features_attributes.csv
CUS_0xc28c,Tom Milesh,24,573-42-4273,Developer,1/10/2023,2025-11-09,2023-10,features_attributes.csv
CUS_0xc30b,"\"Eileenf",40_,778-31-7461,Engineer,1/10/2023,2025-11-09,2023-10,features_attributes.csv
CUS_0xc341,Carlos Ruanov,51,982-11-3853,Architect,1/10/2023,2025-11-09,2023-10,features_attributes.csv
CUS_0xc36d,Sarahk,35,676-55-8577,Entrepreneur,1/10/2023,2025-11-09,2023-10,features_attributes.csv
CUS_0xc47c,Lucy Hornbyz,33,614-70-7517,Engineer,1/10/2023,2025-11-09,2023-10,features_attributes.csv
CUS_0xc4b6,Nick Brownq,32,#F%$D@*&8,Musician,1/10/2023,2025-11-09,2023-10,features_attributes.csv
CUS_0xc4e7,Sebastian Moffettu,44,269-29-5635,Mechanic,1/10/2023,2025-11-09,2023-10,features_attributes.csv
CUS_0xc506,Tomq,17,598-44-8256,Architect,1/10/2023,2025-11-09,2023-10,features_attributes.csv
CUS_0xc51c,Caroline Valetkevitchw,45,519-73-2600,Engineer,1/10/2023,2025-11-09,2023-10,features_attributes.csv
CUS_0xc54a,Jennifer Ablann,21,648-12-9928,Scientist,1/10/2023,2025-11-09,2023-10,features_attributes.csv
CUS_0xc56c,Patrickh,42_,897-95-5360,Doctor,1/10/2023,2025-11-09,2023-10,features_attributes.csv
CUS_0xc600,Ross Kerberb,36,433-59-0145,Media_Manager,1/10/2023,2025-11-09,2023-10,features_attributes.csv
CUS_0xc636,Hayst,44,071-12-0829,Scientist,1/10/2023,2025-11-09,2023-10,features_attributes.csv
CUS_0xc653,Harichf,41,030-58-1857,Architect,1/10/2023,2025-11-09,2023-10,features_attributes.csv
CUS_0xc6c3,Stuart Grudgingst,22,632-85-4331,_______,1/10/2023,2025-11-09,2023-10,features_attributes.csv
CUS_0xc6cc,Estellet,18,815-43-7420,Engineer,1/10/2023,2025-11-09,2023-10,features_attributes.csv
CUS_0xc71f,Ben Klaymanu,27,746-31-3141,Journalist,1/10/2023,2025-11-09,2023-10,features_attributes.csv
CUS_0xd46,Richards,26,366-52-8814,Entrepreneur,1/10/2023,2025-11-09,2023-10,features_attributes.csv
CUS_0xdc2,Jennifer Sabaj,16,331-16-1841,Manager,1/10/2023,2025-11-09,2023-10,features_attributes.csv
CUS_0xdc8,Jim Finkleu,51,362-50-3134,Doctor,1/10/2023,2025-11-09,2023-10,features_attributes.csv
CUS_0xe7e,Ferreira-Marqueso,23,979-39-8883,Writer,1/10/2023,2025-11-09,2023-10,features_attributes.csv
CUS_0xedb,Karen Jacobsz,37,099-33-6440,Architect,1/10/2023,2025-11-09,2023-10,features_attributes.csv
CUS_0xfdd,Leikau,14,977-98-5964,Scientist,1/10/2023,2025-11-09,2023-10,features_attributes.csv
CUS_0xfea,Ethanj,33,731-85-6329,Manager,1/10/2023,2025-11-09,2023-10,features_attributes.csv
