Customer_ID,Name,Age,SSN,Occupation,snapshot_date,ingest_dt,snap_ym,source_file
CUS_0x1015,Holtono,27,810-97-7024,Journalist,1/8/2023,2025-11-09,2023-08,features_attributes.csv
CUS_0x1032,Wahbap,40_,620-58-8045,Lawyer,1/8/2023,2025-11-09,2023-08,features_attributes.csv
CUS_0x106f,Alwyn Scottk,55,517-96-1022,Developer,1/8/2023,2025-11-09,2023-08,features_attributes.csv
CUS_0x11c0,Bryana,19,534-48-4062,Media_Manager,1/8/2023,2025-11-09,2023-08,features_attributes.csv
CUS_0x1255,Matt Scuffhamx,47,#F%$D@*&8,Scientist,1/8/2023,2025-11-09,2023-08,features_attributes.csv
CUS_0x12ea,Aubine,15,511-49-3728,Doctor,1/8/2023,2025-11-09,2023-08,features_attributes.csv
CUS_0x1326,Camposs,19,994-98-1405,Mechanic,1/8/2023,2025-11-09,2023-08,features_attributes.csv
CUS_0x136c,Mutikanik,56,158-74-4274,Lawyer,1/8/2023,2025-11-09,2023-08,features_attributes.csv
CUS_0x138f,McCranko,30,569-14-9292,Entrepreneur,1/8/2023,2025-11-09,2023-08,features_attributes.csv
CUS_0x13e7,Danielm,36,548-61-8467,Scientist,1/8/2023,2025-11-09,2023-08,features_attributes.csv
CUS_0x143a,Lynch Jonathans,32,782-10-3214,Teacher,1/8/2023,2025-11-09,2023-08,features_attributes.csv
CUS_0x1453,Ailx,48,580-73-5233,Scientist,1/8/2023,2025-11-09,2023-08,features_attributes.csv
CUS_0x1471,Peg Mackeyo,43,#F%$D@*&8,Teacher,1/8/2023,2025-11-09,2023-08,features_attributes.csv
CUS_0x14cf,Philf,29,195-25-5475,Musician,1/8/2023,2025-11-09,2023-08,features_attributes.csv
CUS_0x15c4,Sue Zeidlerd,38,267-54-6899,Journalist,1/8/2023,2025-11-09,2023-08,features_attributes.csv
CUS_0x15f2,Taiga Uranakar,32,708-00-6661,Teacher,1/8/2023,2025-11-09,2023-08,features_attributes.csv
CUS_0x1661,Sams,17,205-56-4253,Doctor,1/8/2023,2025-11-09,2023-08,features_attributes.csv
CUS_0x1676,Jonathanq,22,408-02-4990,Mechanic,1/8/2023,2025-11-09,2023-08,features_attributes.csv
CUS_0x1709,Lukes,49,678-22-5579,Developer,1/8/2023,2025-11-09,2023-08,features_attributes.csv
CUS_0x17c5,Ayesha Rascoek,42,676-90-9901,Engineer,1/8/2023,2025-11-09,2023-08,features_attributes.csv
CUS_0x181a,Andrewr,56,165-48-8166,Mechanic,1/8/2023,2025-11-09,2023-08,features_attributes.csv
CUS_0x1848,Glennl,38,766-42-5182,_______,1/8/2023,2025-11-09,2023-08,features_attributes.csv
CUS_0x1864,Nicky,43,165-11-0805,Journalist,1/8/2023,2025-11-09,2023-08,features_attributes.csv
CUS_0x1869,Tim Hephero,30,716-60-2791,Developer,1/8/2023,2025-11-09,2023-08,features_attributes.csv
CUS_0x18d4,Michele Kambasy,26,#F%$D@*&8,Teacher,1/8/2023,2025-11-09,2023-08,features_attributes.csv
CUS_0x192d,Skariachanc,49,994-28-9986,Engineer,1/8/2023,2025-11-09,2023-08,features_attributes.csv
CUS_0x1930,Rickg,25,990-90-4400,Teacher,1/8/2023,2025-11-09,2023-08,features_attributes.csv
CUS_0x1941,McCrankx,41,652-07-7900,Media_Manager,1/8/2023,2025-11-09,2023-08,features_attributes.csv
CUS_0x1ab9,Aruna Viswanathao,44,915-26-4386,Engineer,1/8/2023,2025-11-09,2023-08,features_attributes.csv
CUS_0x1b4d,Fabii,28,446-41-8824,Mechanic,1/8/2023,2025-11-09,2023-08,features_attributes.csv
CUS_0x1bc0,Angelaj,43,175-36-3847,Teacher,1/8/2023,2025-11-09,2023-08,features_attributes.csv
CUS_0x1bdf,Sotoi,21,568-57-0626,Mechanic,1/8/2023,2025-11-09,2023-08,features_attributes.csv
CUS_0x1c83,Chikako Mogiv,30,544-01-8080,Entrepreneur,1/8/2023,2025-11-09,2023-08,features_attributes.csv
CUS_0x1d1c,Andrea Shalal-Esad,25,993-91-6618,Developer,1/8/2023,2025-11-09,2023-08,features_attributes.csv
CUS_0x1d21,Edwardss,37,515-83-9208,Doctor,1/8/2023,2025-11-09,2023-08,features_attributes.csv
CUS_0x1dc1,raden Reddally,55_,287-97-2627,Musician,1/8/2023,2025-11-09,2023-08,features_attributes.csv
CUS_0x1ec2,Rossr,21,258-93-2064,Scientist,1/8/2023,2025-11-09,2023-08,features_attributes.csv
CUS_0x1f49,Leika Kiharad,32,625-16-2020,Doctor,1/8/2023,2025-11-09,2023-08,features_attributes.csv
CUS_0x1fbb,Ruckerh,45,891-52-4114,Engineer,1/8/2023,2025-11-09,2023-08,features_attributes.csv
CUS_0x2037,Luciaw,28_,346-73-6994,Mechanic,1/8/2023,2025-11-09,2023-08,features_attributes.csv
CUS_0x2083,Maloneb,31,495-33-9893,Lawyer,1/8/2023,2025-11-09,2023-08,features_attributes.csv
CUS_0x20ac,Gregz,44,#F%$D@*&8,Doctor,1/8/2023,2025-11-09,2023-08,features_attributes.csv
CUS_0x2181,Sarah N.u,47,026-64-0196,Teacher,1/8/2023,2025-11-09,2023-08,features_attributes.csv
CUS_0x2238,Pete Sweeneym,24,318-30-9160,Teacher,1/8/2023,2025-11-09,2023-08,features_attributes.csv
CUS_0x22ea,Rodrigo Vigaa,24,602-45-5807,Manager,1/8/2023,2025-11-09,2023-08,features_attributes.csv
CUS_0x23c1,Julien Toyerj,27,338-33-2496,Media_Manager,1/8/2023,2025-11-09,2023-08,features_attributes.csv
CUS_0x2443,Papachristouy,44,502-72-1663,Writer,1/8/2023,2025-11-09,2023-08,features_attributes.csv
CUS_0x248f,Elizabeth Pineauk,30,497-82-1914,Scientist,1/8/2023,2025-11-09,2023-08,features_attributes.csv
CUS_0x2493,Ananthalakshmik,46,468-04-0031,Teacher,1/8/2023,2025-11-09,2023-08,features_attributes.csv
CUS_0x24bb,Catherineu,27,855-99-6125,Developer,1/8/2023,2025-11-09,2023-08,features_attributes.csv
CUS_0x25ce,Taigaz,34,990-90-7626,Teacher,1/8/2023,2025-11-09,2023-08,features_attributes.csv
CUS_0x25f1,Andreasp,52,141-56-0639,Scientist,1/8/2023,2025-11-09,2023-08,features_attributes.csv
CUS_0x2657,Soyoung Kimf,50_,993-35-7624,Scientist,1/8/2023,2025-11-09,2023-08,features_attributes.csv
CUS_0x26be,Silviac,43_,879-76-2190,Musician,1/8/2023,2025-11-09,2023-08,features_attributes.csv
CUS_0x26d4,Caroline Valetkevitchj,39,331-38-2680,Lawyer,1/8/2023,2025-11-09,2023-08,features_attributes.csv
CUS_0x2761,Koh Guid,50,341-59-0640,Manager,1/8/2023,2025-11-09,2023-08,features_attributes.csv
CUS_0x27a9,Dineshz,15,795-61-2352,Developer,1/8/2023,2025-11-09,2023-08,features_attributes.csv
CUS_0x27fb,Chanv,40,410-50-2849,Manager,1/8/2023,2025-11-09,2023-08,features_attributes.csv
CUS_0x288b,Malonec,37,595-50-4347,_______,1/8/2023,2025-11-09,2023-08,features_attributes.csv
CUS_0x2890,Deyo,44,522-59-8579,Doctor,1/8/2023,2025-11-09,2023-08,features_attributes.csv
CUS_0x28b4,Lefterise,33,202-06-5346,Journalist,1/8/2023,2025-11-09,2023-08,features_attributes.csv
CUS_0x28ba,Ianb,37,158-26-3247,Entrepreneur,1/8/2023,2025-11-09,2023-08,features_attributes.csv
CUS_0x28d2,Aman Shahx,26,775-18-7711,Journalist,1/8/2023,2025-11-09,2023-08,features_attributes.csv
CUS_0x2907,David Brettc,21,#F%$D@*&8,Scientist,1/8/2023,2025-11-09,2023-08,features_attributes.csv
CUS_0x2923,Aileen Wangw,19,489-56-6652,Entrepreneur,1/8/2023,2025-11-09,2023-08,features_attributes.csv
CUS_0x294b,Gregc,41,738-96-2913,Entrepreneur,1/8/2023,2025-11-09,2023-08,features_attributes.csv
CUS_0x29d8,Harry Papachristoup,24,#F%$D@*&8,Teacher,1/8/2023,2025-11-09,2023-08,features_attributes.csv
CUS_0x29ef,Stephen Brownz,32,560-72-1726,Entrepreneur,1/8/2023,2025-11-09,2023-08,features_attributes.csv
CUS_0x29fa,Sarah Marshk,23,087-05-4939,Musician,1/8/2023,2025-11-09,2023-08,features_attributes.csv
CUS_0x2a68,Kotokyt,46,835-40-7901,Musician,1/8/2023,2025-11-09,2023-08,features_attributes.csv
CUS_0x2a69,Richard Leongg,53,#F%$D@*&8,Entrepreneur,1/8/2023,2025-11-09,2023-08,features_attributes.csv
CUS_0x2aac,Carlynz,18,439-42-5767,Journalist,1/8/2023,2025-11-09,2023-08,features_attributes.csv
CUS_0x2aff,Dorfmanr,36_,995-63-5427,Lawyer,1/8/2023,2025-11-09,2023-08,features_attributes.csv
CUS_0x2b06,Rodrigov,20,991-63-5601,Manager,1/8/2023,2025-11-09,2023-08,features_attributes.csv
CUS_0x2b58,Annn,33,571-37-0616,Doctor,1/8/2023,2025-11-09,2023-08,features_attributes.csv
CUS_0x2b73,Katzp,36,712-45-6575,Entrepreneur,1/8/2023,2025-11-09,2023-08,features_attributes.csv
CUS_0x2b8a,Lucia Mutikania,45,964-65-9541,_______,1/8/2023,2025-11-09,2023-08,features_attributes.csv
CUS_0x2ba8,Alanu,34,158-66-2244,Teacher,1/8/2023,2025-11-09,2023-08,features_attributes.csv
CUS_0x2be8,Alvarengak,6611,932-31-3250,Mechanic,1/8/2023,2025-11-09,2023-08,features_attributes.csv
CUS_0x2c90,Bryana,20_,347-87-6133,Scientist,1/8/2023,2025-11-09,2023-08,features_attributes.csv
CUS_0x2cf4,Roumeliotisb,28,633-12-4460,Entrepreneur,1/8/2023,2025-11-09,2023-08,features_attributes.csv
CUS_0x2e50,Goldsteine,37,363-62-6314,Journalist,1/8/2023,2025-11-09,2023-08,features_attributes.csv
CUS_0x2ea1,Masterq,46,473-84-4527,Musician,1/8/2023,2025-11-09,2023-08,features_attributes.csv
CUS_0x2ec3,Stefano Rebaudox,32,499-61-1229,Teacher,1/8/2023,2025-11-09,2023-08,features_attributes.csv
CUS_0x2fec,Rebekah Kebedej,41,151-38-6083,Mechanic,1/8/2023,2025-11-09,2023-08,features_attributes.csv
CUS_0x301b,Rhys Jonesg,23,171-02-3830,_______,1/8/2023,2025-11-09,2023-08,features_attributes.csv
CUS_0x301d,Bartk,19,#F%$D@*&8,Writer,1/8/2023,2025-11-09,2023-08,features_attributes.csv
CUS_0x3065,Sebaz,35,893-23-7442,Media_Manager,1/8/2023,2025-11-09,2023-08,features_attributes.csv
CUS_0x30d0,Stempelm,48,369-12-1985,Entrepreneur,1/8/2023,2025-11-09,2023-08,features_attributes.csv
CUS_0x3183,Fletcherx,20,131-23-5866,Engineer,1/8/2023,2025-11-09,2023-08,features_attributes.csv
CUS_0x3190,Caseyw,22,277-05-6095,Doctor,1/8/2023,2025-11-09,2023-08,features_attributes.csv
CUS_0x319c,Taigam,36,592-03-8932,Musician,1/8/2023,2025-11-09,2023-08,features_attributes.csv
CUS_0x3264,Rodrigog,48,215-89-1175,Musician,1/8/2023,2025-11-09,2023-08,features_attributes.csv
CUS_0x32ba,Emilyc,51,208-44-5905,Lawyer,1/8/2023,2025-11-09,2023-08,features_attributes.csv
CUS_0x3325,Catherine Bremerl,19,272-06-8424,Accountant,1/8/2023,2025-11-09,2023-08,features_attributes.csv
CUS_0x3359,Sam Forgionez,24,045-72-2781,Entrepreneur,1/8/2023,2025-11-09,2023-08,features_attributes.csv
CUS_0x34a9,Caroline Copleyh,23,930-81-4240,Mechanic,1/8/2023,2025-11-09,2023-08,features_attributes.csv
CUS_0x34ce,Ethan Bilbyr,37,284-14-5932,Architect,1/8/2023,2025-11-09,2023-08,features_attributes.csv
CUS_0x35fe,Dianeu,29,074-52-8105,Lawyer,1/8/2023,2025-11-09,2023-08,features_attributes.csv
CUS_0x362a,Richard Cowanx,21,086-54-0486,Teacher,1/8/2023,2025-11-09,2023-08,features_attributes.csv
CUS_0x365f,"\"Michael OBoyle\"v",41,#F%$D@*&8,_______,1/8/2023,2025-11-09,2023-08,features_attributes.csv
CUS_0x36b0,Sabinaa,31,461-58-4930,Doctor,1/8/2023,2025-11-09,2023-08,features_attributes.csv
CUS_0x36f3,Michael Ermany,39,782-09-3485,Architect,1/8/2023,2025-11-09,2023-08,features_attributes.csv
CUS_0x3787,Kajimotoz,52,986-71-6476,Engineer,1/8/2023,2025-11-09,2023-08,features_attributes.csv
CUS_0x37d5,Foo Yunq,45,065-99-4728,_______,1/8/2023,2025-11-09,2023-08,features_attributes.csv
CUS_0x37ec,Noah Barking,15,#F%$D@*&8,Lawyer,1/8/2023,2025-11-09,2023-08,features_attributes.csv
CUS_0x38b8,Philip Blenkinsopo,49,272-14-6281,Lawyer,1/8/2023,2025-11-09,2023-08,features_attributes.csv
CUS_0x394a,Martinne Gelleru,37,438-68-7121,Media_Manager,1/8/2023,2025-11-09,2023-08,features_attributes.csv
CUS_0x3bd2,Carolines,49,#F%$D@*&8,Lawyer,1/8/2023,2025-11-09,2023-08,features_attributes.csv
CUS_0x3bfd,David Henryy,35,433-96-5472,Journalist,1/8/2023,2025-11-09,2023-08,features_attributes.csv
CUS_0x3cd2,Kanekoj,33,984-94-3425,Journalist,1/8/2023,2025-11-09,2023-08,features_attributes.csv
CUS_0x3d16,Dhanya Skariachans,40,079-17-3731,Musician,1/8/2023,2025-11-09,2023-08,features_attributes.csv
CUS_0x3e34,Amano,18,221-59-5804,Engineer,1/8/2023,2025-11-09,2023-08,features_attributes.csv
CUS_0x3e75,Chucki,35,212-44-4567,Manager,1/8/2023,2025-11-09,2023-08,features_attributes.csv
CUS_0x3faa,Lynchh,18,337-64-7215,Writer,1/8/2023,2025-11-09,2023-08,features_attributes.csv
CUS_0x3fc2,Suzanney,32,474-40-2831,Lawyer,1/8/2023,2025-11-09,2023-08,features_attributes.csv
CUS_0x3fcb,Ro,25,176-28-0406,Writer,1/8/2023,2025-11-09,2023-08,features_attributes.csv
CUS_0x3fe8,Tamim Elyanj,46,289-73-0089,Teacher,1/8/2023,2025-11-09,2023-08,features_attributes.csv
CUS_0x404c,Anjuli Daviesm,30,064-29-9793,Entrepreneur,1/8/2023,2025-11-09,2023-08,features_attributes.csv
CUS_0x4052,Andreax,41,302-67-3713,Manager,1/8/2023,2025-11-09,2023-08,features_attributes.csv
CUS_0x407a,Rothackern,20,250-68-2308,Engineer,1/8/2023,2025-11-09,2023-08,features_attributes.csv
CUS_0x4127,ars,41,505-63-7384,Lawyer,1/8/2023,2025-11-09,2023-08,features_attributes.csv
CUS_0x4148,Jennifer Ablanb,30,222-51-3725,Media_Manager,1/8/2023,2025-11-09,2023-08,features_attributes.csv
CUS_0x4200,Frankelg,20_,414-56-9181,Journalist,1/8/2023,2025-11-09,2023-08,features_attributes.csv
CUS_0x425,Hossein Jasebg,45_,846-76-3543,Lawyer,1/8/2023,2025-11-09,2023-08,features_attributes.csv
CUS_0x4274,Tim Hephera,21,062-44-0758,Engineer,1/8/2023,2025-11-09,2023-08,features_attributes.csv
CUS_0x4287,Mohantyl,22,271-62-6210,Scientist,1/8/2023,2025-11-09,2023-08,features_attributes.csv
CUS_0x42db,Camposr,45,671-61-1523,Architect,1/8/2023,2025-11-09,2023-08,features_attributes.csv
CUS_0x437a,Katya Wachteln,46,599-93-4850,Entrepreneur,1/8/2023,2025-11-09,2023-08,features_attributes.csv
CUS_0x43cf,Lisap,33,480-06-1614,Scientist,1/8/2023,2025-11-09,2023-08,features_attributes.csv
CUS_0x443e,Nadia Damounir,37,010-00-5884,Scientist,1/8/2023,2025-11-09,2023-08,features_attributes.csv
CUS_0x446,Edwardso,44,767-35-3133,Architect,1/8/2023,2025-11-09,2023-08,features_attributes.csv
CUS_0x4460,Daveyx,54,909-64-1351,Accountant,1/8/2023,2025-11-09,2023-08,features_attributes.csv
CUS_0x4482,Nataliex,30,099-19-1105,Mechanic,1/8/2023,2025-11-09,2023-08,features_attributes.csv
CUS_0x44b9,Emmottg,54,886-35-3071,_______,1/8/2023,2025-11-09,2023-08,features_attributes.csv
CUS_0x44d2,Saphira,23,264-15-7342,Journalist,1/8/2023,2025-11-09,2023-08,features_attributes.csv
CUS_0x4563,Durfeen,52,#F%$D@*&8,Media_Manager,1/8/2023,2025-11-09,2023-08,features_attributes.csv
CUS_0x45b,Billk,28,042-96-0101,_______,1/8/2023,2025-11-09,2023-08,features_attributes.csv
CUS_0x45e5,Saeed Azhard,32,872-43-3172,Doctor,1/8/2023,2025-11-09,2023-08,features_attributes.csv
CUS_0x45f1,Charleso,49,900-25-3681,Writer,1/8/2023,2025-11-09,2023-08,features_attributes.csv
CUS_0x4601,Jochelleq,28,777-38-8416,Media_Manager,1/8/2023,2025-11-09,2023-08,features_attributes.csv
CUS_0x46bf,Denisk,40,155-04-1050,Scientist,1/8/2023,2025-11-09,2023-08,features_attributes.csv
CUS_0x46ea,Frostb,19,150-70-3630,Teacher,1/8/2023,2025-11-09,2023-08,features_attributes.csv
CUS_0x4844,erniet,17,621-93-4258,Musician,1/8/2023,2025-11-09,2023-08,features_attributes.csv
CUS_0x48dc,Davidd,5340,414-76-9835,Developer,1/8/2023,2025-11-09,2023-08,features_attributes.csv
CUS_0x4967,Kyle Petersons,23,675-75-3709,Doctor,1/8/2023,2025-11-09,2023-08,features_attributes.csv
CUS_0x4993,Sivay,32,928-18-1535,Journalist,1/8/2023,2025-11-09,2023-08,features_attributes.csv
CUS_0x4999,Spicerl,33,#F%$D@*&8,Accountant,1/8/2023,2025-11-09,2023-08,features_attributes.csv
CUS_0x49fa,Miyoungn,28,417-63-4822,Engineer,1/8/2023,2025-11-09,2023-08,features_attributes.csv
CUS_0x4ab4,raq,39,723-08-9989,Writer,1/8/2023,2025-11-09,2023-08,features_attributes.csv
CUS_0x4ad5,Nanette Byrnesr,34,807-46-4675,Teacher,1/8/2023,2025-11-09,2023-08,features_attributes.csv
CUS_0x4aeb,Yeeq,20,225-20-9809,Architect,1/8/2023,2025-11-09,2023-08,features_attributes.csv
CUS_0x4b44,Nicolai,32,729-43-4990,Journalist,1/8/2023,2025-11-09,2023-08,features_attributes.csv
CUS_0x4b5d,Jacobse,22,457-76-4147,Media_Manager,1/8/2023,2025-11-09,2023-08,features_attributes.csv
CUS_0x4bc0,Lucyr,30_,339-47-9573,Manager,1/8/2023,2025-11-09,2023-08,features_attributes.csv
CUS_0x4cab,Chang-Ran Kimy,-500,423-70-9474,Entrepreneur,1/8/2023,2025-11-09,2023-08,features_attributes.csv
CUS_0x4cf1,Rosss,36,356-73-0844,Writer,1/8/2023,2025-11-09,2023-08,features_attributes.csv
CUS_0x4d01,Onstadh,45,934-29-7409,Engineer,1/8/2023,2025-11-09,2023-08,features_attributes.csv
CUS_0x4d1,Alexs,36,545-55-3554,Developer,1/8/2023,2025-11-09,2023-08,features_attributes.csv
CUS_0x4d71,Yoo Choonsikw,28,237-42-4184,Mechanic,1/8/2023,2025-11-09,2023-08,features_attributes.csv
CUS_0x4d8b,Lucy Hornbyr,54,662-45-6089,Accountant,1/8/2023,2025-11-09,2023-08,features_attributes.csv
CUS_0x4e43,Karen Jacobsy,17_,781-53-2870,Accountant,1/8/2023,2025-11-09,2023-08,features_attributes.csv
CUS_0x4e71,Danielm,19,147-57-4171,Architect,1/8/2023,2025-11-09,2023-08,features_attributes.csv
CUS_0x4ea9,Norihiko Shirouzuz,41,#F%$D@*&8,Entrepreneur,1/8/2023,2025-11-09,2023-08,features_attributes.csv
CUS_0x4f0a,McCooll,19,471-82-7068,Journalist,1/8/2023,2025-11-09,2023-08,features_attributes.csv
CUS_0x4f2f,Sineadr,21,642-18-2647,Engineer,1/8/2023,2025-11-09,2023-08,features_attributes.csv
CUS_0x4f31,Edwardsg,18,586-32-9609,Journalist,1/8/2023,2025-11-09,2023-08,features_attributes.csv
CUS_0x4f49,Saikat Chatterjeez,29,145-21-0380,Engineer,1/8/2023,2025-11-09,2023-08,features_attributes.csv
CUS_0x4fac,Taras,44,339-46-1689,Scientist,1/8/2023,2025-11-09,2023-08,features_attributes.csv
CUS_0x4fb1,Jed Horowitzy,22,157-31-1348,Developer,1/8/2023,2025-11-09,2023-08,features_attributes.csv
CUS_0x4fee,Salioux,26,791-20-6533,Musician,1/8/2023,2025-11-09,2023-08,features_attributes.csv
CUS_0x504e,Emilyf,17,569-84-9250,_______,1/8/2023,2025-11-09,2023-08,features_attributes.csv
CUS_0x5052,Liana B.t,19,103-91-9926,Musician,1/8/2023,2025-11-09,2023-08,features_attributes.csv
CUS_0x506c,Sam Forgionej,49,041-08-8352,Musician,1/8/2023,2025-11-09,2023-08,features_attributes.csv
CUS_0x509d,Jimm,23,620-56-7834,Doctor,1/8/2023,2025-11-09,2023-08,features_attributes.csv
CUS_0x510b,Chris Buckleys,39,908-02-5123,Media_Manager,1/8/2023,2025-11-09,2023-08,features_attributes.csv
CUS_0x5190,Ronald Groverb,51,916-40-9751,Doctor,1/8/2023,2025-11-09,2023-08,features_attributes.csv
CUS_0x51fe,C.i,44,871-93-0711,Developer,1/8/2023,2025-11-09,2023-08,features_attributes.csv
CUS_0x5208,Ann Saphira,22,583-83-1753,Lawyer,1/8/2023,2025-11-09,2023-08,features_attributes.csv
CUS_0x520a,Matt Scuffhamw,25,175-12-3956,Media_Manager,1/8/2023,2025-11-09,2023-08,features_attributes.csv
CUS_0x52dd,Emily Flitterf,25,406-74-7448,Musician,1/8/2023,2025-11-09,2023-08,features_attributes.csv
CUS_0x530e,Rothackern,54,321-09-8273,_______,1/8/2023,2025-11-09,2023-08,features_attributes.csv
CUS_0x5323,delaq,43,371-42-2940,Manager,1/8/2023,2025-11-09,2023-08,features_attributes.csv
CUS_0x5385,N.l,35,583-75-4096,Developer,1/8/2023,2025-11-09,2023-08,features_attributes.csv
CUS_0x5421,Norihikog,-500,742-65-8790,Doctor,1/8/2023,2025-11-09,2023-08,features_attributes.csv
CUS_0x543,Scheyders,45,269-07-0699,Media_Manager,1/8/2023,2025-11-09,2023-08,features_attributes.csv
CUS_0x54be,Soyoung Kimc,37,466-49-5500,Manager,1/8/2023,2025-11-09,2023-08,features_attributes.csv
CUS_0x5537,Nickelp,42,160-41-2527,Scientist,1/8/2023,2025-11-09,2023-08,features_attributes.csv
CUS_0x5587,Freifeldl,36,467-31-3749,Lawyer,1/8/2023,2025-11-09,2023-08,features_attributes.csv
CUS_0x55da,Fletcheru,21,694-46-4281,Entrepreneur,1/8/2023,2025-11-09,2023-08,features_attributes.csv
CUS_0x5606,Caroline Humerq,27,699-76-3461,Entrepreneur,1/8/2023,2025-11-09,2023-08,features_attributes.csv
CUS_0x5628,Alperw,35,208-75-0668,Media_Manager,1/8/2023,2025-11-09,2023-08,features_attributes.csv
CUS_0x5637,Finleyh,30,466-32-4777,Entrepreneur,1/8/2023,2025-11-09,2023-08,features_attributes.csv
CUS_0x568f,Caroline Valetkevitchq,42,653-80-0995,_______,1/8/2023,2025-11-09,2023-08,features_attributes.csv
CUS_0x56b9,Nyambura-Mwauray,30,335-16-7428,Doctor,1/8/2023,2025-11-09,2023-08,features_attributes.csv
CUS_0x56f9,Dis,37,502-99-8860,Doctor,1/8/2023,2025-11-09,2023-08,features_attributes.csv
CUS_0x570b,Levinet,20,453-58-9890,Scientist,1/8/2023,2025-11-09,2023-08,features_attributes.csv
CUS_0x5746,McCrankx,35,384-25-3332,Accountant,1/8/2023,2025-11-09,2023-08,features_attributes.csv
CUS_0x5794,Katharina Bartz,42,201-91-3081,Lawyer,1/8/2023,2025-11-09,2023-08,features_attributes.csv
CUS_0x57f2,Melinda Dickinsonh,46,852-93-7909,Journalist,1/8/2023,2025-11-09,2023-08,features_attributes.csv
CUS_0x57f3,Kristen Haysq,30,577-85-0830,Mechanic,1/8/2023,2025-11-09,2023-08,features_attributes.csv
CUS_0x57f5,Sagarika Jaisinghanik,56,314-89-8569,Journalist,1/8/2023,2025-11-09,2023-08,features_attributes.csv
CUS_0x5817,Economics Correspondentg,20,995-22-6108,Scientist,1/8/2023,2025-11-09,2023-08,features_attributes.csv
CUS_0x5959,Taigav,30,700-76-6380,Developer,1/8/2023,2025-11-09,2023-08,features_attributes.csv
CUS_0x59cf,Matthew Mpoket,34,037-17-2230,Writer,1/8/2023,2025-11-09,2023-08,features_attributes.csv
CUS_0x5a3f,Dineshi,33,818-84-4299,Accountant,1/8/2023,2025-11-09,2023-08,features_attributes.csv
CUS_0x5a9e,Angelao,1733,080-85-0098,Developer,1/8/2023,2025-11-09,2023-08,features_attributes.csv
CUS_0x5b84,Matthieuh,44,911-65-6359,Writer,1/8/2023,2025-11-09,2023-08,features_attributes.csv
CUS_0x5bba,Krolickit,25,210-99-3963,Architect,1/8/2023,2025-11-09,2023-08,features_attributes.csv
CUS_0x5c07,Greg Roumeliotisw,32,568-80-8390,Architect,1/8/2023,2025-11-09,2023-08,features_attributes.csv
CUS_0x5cac,Richardv,25,440-50-2913,Mechanic,1/8/2023,2025-11-09,2023-08,features_attributes.csv
CUS_0x5de2,Bosleyi,37,#F%$D@*&8,Mechanic,1/8/2023,2025-11-09,2023-08,features_attributes.csv
CUS_0x5df5,Chuck Mikolajczakk,22_,697-66-1702,Journalist,1/8/2023,2025-11-09,2023-08,features_attributes.csv
CUS_0x5e0e,Huwp,37,206-60-5869,Teacher,1/8/2023,2025-11-09,2023-08,features_attributes.csv
CUS_0x5e78,Sarah Marshz,41,295-90-0803,Lawyer,1/8/2023,2025-11-09,2023-08,features_attributes.csv
CUS_0x5efc,Gregx,34,485-85-8283,Writer,1/8/2023,2025-11-09,2023-08,features_attributes.csv
CUS_0x5f5a,Julienx,34,862-68-6961,Lawyer,1/8/2023,2025-11-09,2023-08,features_attributes.csv
CUS_0x5fd2,Kokl,51,323-80-3554,Musician,1/8/2023,2025-11-09,2023-08,features_attributes.csv
CUS_0x5fd6,Pedro daj,54,598-79-6237,Manager,1/8/2023,2025-11-09,2023-08,features_attributes.csv
CUS_0x6080,Praveenp,31,773-11-0687,_______,1/8/2023,2025-11-09,2023-08,features_attributes.csv
CUS_0x6084,Leikar,19,908-30-6309,Teacher,1/8/2023,2025-11-09,2023-08,features_attributes.csv
CUS_0x61d4,Langeh,19,554-77-7865,_______,1/8/2023,2025-11-09,2023-08,features_attributes.csv
CUS_0x622e,Noelp,44,336-84-5929,Mechanic,1/8/2023,2025-11-09,2023-08,features_attributes.csv
CUS_0x6240,Rick Rothackerm,30,439-23-4642,Journalist,1/8/2023,2025-11-09,2023-08,features_attributes.csv
CUS_0x6287,yk,24,850-06-1322,Doctor,1/8/2023,2025-11-09,2023-08,features_attributes.csv
CUS_0x628b,Alistair Barrz,26,716-20-2855,Scientist,1/8/2023,2025-11-09,2023-08,features_attributes.csv
CUS_0x6349,Andreik,45,884-18-7863,Scientist,1/8/2023,2025-11-09,2023-08,features_attributes.csv
CUS_0x6400,Drawbaughn,22,510-10-9927,Lawyer,1/8/2023,2025-11-09,2023-08,features_attributes.csv
CUS_0x643c,Poornima Guptar,34,629-29-5016,Teacher,1/8/2023,2025-11-09,2023-08,features_attributes.csv
CUS_0x645f,Sonali Paulm,31,024-45-7185,Developer,1/8/2023,2025-11-09,2023-08,features_attributes.csv
CUS_0x649e,Frank Jackj,23,815-38-6088,Musician,1/8/2023,2025-11-09,2023-08,features_attributes.csv
CUS_0x64d9,Grant McCooln,22_,841-57-7492,Lawyer,1/8/2023,2025-11-09,2023-08,features_attributes.csv
CUS_0x64f1,Michael Ermanl,26,955-39-6420,Entrepreneur,1/8/2023,2025-11-09,2023-08,features_attributes.csv
CUS_0x6543,Palmeru,52,092-21-0873,Musician,1/8/2023,2025-11-09,2023-08,features_attributes.csv
CUS_0x65d7,Andyj,14,974-54-9648,Teacher,1/8/2023,2025-11-09,2023-08,features_attributes.csv
CUS_0x6664,Gabriel Wildaud,28,395-24-4865,_______,1/8/2023,2025-11-09,2023-08,features_attributes.csv
CUS_0x66d1,Silvia Aloisid,20,950-67-5720,Scientist,1/8/2023,2025-11-09,2023-08,features_attributes.csv
CUS_0x66df,Simon Meadsv,41,584-61-3950,Lawyer,1/8/2023,2025-11-09,2023-08,features_attributes.csv
CUS_0x67bc,Prakash Chakravartif,26,872-34-3009,Writer,1/8/2023,2025-11-09,2023-08,features_attributes.csv
CUS_0x687f,Elzio Barretoy,46,877-31-3897,Accountant,1/8/2023,2025-11-09,2023-08,features_attributes.csv
CUS_0x6908,Ilona Wissenbache,27,979-88-4689,Accountant,1/8/2023,2025-11-09,2023-08,features_attributes.csv
CUS_0x699f,Barrf,28,105-56-5438,Writer,1/8/2023,2025-11-09,2023-08,features_attributes.csv
CUS_0x69a6,Freifeldv,31,675-99-1025,Mechanic,1/8/2023,2025-11-09,2023-08,features_attributes.csv
CUS_0x69aa,Krudyd,21,375-89-8205,Engineer,1/8/2023,2025-11-09,2023-08,features_attributes.csv
CUS_0x6a6c,R ya,51,355-25-8296,Entrepreneur,1/8/2023,2025-11-09,2023-08,features_attributes.csv
CUS_0x6a82,Nadian,27,468-95-0630,Mechanic,1/8/2023,2025-11-09,2023-08,features_attributes.csv
CUS_0x6b0c,Richard Leongp,55,772-15-3100,Lawyer,1/8/2023,2025-11-09,2023-08,features_attributes.csv
CUS_0x6b9d,Victoriat,46_,390-39-5965,Doctor,1/8/2023,2025-11-09,2023-08,features_attributes.csv
CUS_0x6bff,Davido,23,545-42-9297,Accountant,1/8/2023,2025-11-09,2023-08,features_attributes.csv
CUS_0x6cad,Mattl,38_,544-73-9056,Teacher,1/8/2023,2025-11-09,2023-08,features_attributes.csv
CUS_0x6cae,Bose Lisaa,33,862-58-7973,_______,1/8/2023,2025-11-09,2023-08,features_attributes.csv
CUS_0x6ce,Julien Toyerx,46,213-57-5319,Musician,1/8/2023,2025-11-09,2023-08,features_attributes.csv
CUS_0x6de6,Nicholasn,54,493-51-7387,Manager,1/8/2023,2025-11-09,2023-08,features_attributes.csv
CUS_0x6df9,Whited,24,859-34-6416,Developer,1/8/2023,2025-11-09,2023-08,features_attributes.csv
CUS_0x6e3b,Ransdell Piersonf,15,188-95-6418,Doctor,1/8/2023,2025-11-09,2023-08,features_attributes.csv
CUS_0x6fbc,Dhanya Skariachana,50,898-83-7529,Journalist,1/8/2023,2025-11-09,2023-08,features_attributes.csv
CUS_0x6fbf,imartew,15,824-59-3661,Lawyer,1/8/2023,2025-11-09,2023-08,features_attributes.csv
CUS_0x7044,Nickc,2513,374-75-3841,_______,1/8/2023,2025-11-09,2023-08,features_attributes.csv
CUS_0x705e,Michele Sinnerd,27,958-88-2066,Entrepreneur,1/8/2023,2025-11-09,2023-08,features_attributes.csv
CUS_0x70f2,Thorsten Severini,45,316-81-1821,Manager,1/8/2023,2025-11-09,2023-08,features_attributes.csv
CUS_0x7129,Carlost,21_,865-88-5717,Lawyer,1/8/2023,2025-11-09,2023-08,features_attributes.csv
CUS_0x71a,Nina Chestneyw,17,222-55-8494,Journalist,1/8/2023,2025-11-09,2023-08,features_attributes.csv
CUS_0x720f,"SaPinto\" Emmap",37,689-78-3889,Mechanic,1/8/2023,2025-11-09,2023-08,features_attributes.csv
CUS_0x7245,Gabriel Wildauv,36,317-82-2638,_______,1/8/2023,2025-11-09,2023-08,features_attributes.csv
CUS_0x725f,Skariachanf,33,112-81-8919,Architect,1/8/2023,2025-11-09,2023-08,features_attributes.csv
CUS_0x727f,Lawlerj,32,207-69-0724,Teacher,1/8/2023,2025-11-09,2023-08,features_attributes.csv
CUS_0x729,Annr,6663,716-07-7072,Manager,1/8/2023,2025-11-09,2023-08,features_attributes.csv
CUS_0x72d2,Rosemarie Franciscob,34,135-79-9788,Journalist,1/8/2023,2025-11-09,2023-08,features_attributes.csv
CUS_0x7315,Browns,44,792-06-3719,_______,1/8/2023,2025-11-09,2023-08,features_attributes.csv
CUS_0x7334,Nick Brownd,37,196-83-8490,Lawyer,1/8/2023,2025-11-09,2023-08,features_attributes.csv
CUS_0x7357,Fiona Laut,23,931-66-4373,Doctor,1/8/2023,2025-11-09,2023-08,features_attributes.csv
CUS_0x741b,Bronsteinb,44,933-75-8093,Mechanic,1/8/2023,2025-11-09,2023-08,features_attributes.csv
CUS_0x7467,Taylorx,21,883-64-0324,Developer,1/8/2023,2025-11-09,2023-08,features_attributes.csv
CUS_0x74b1,Wendell Roelfe,22,448-68-7130,Media_Manager,1/8/2023,2025-11-09,2023-08,features_attributes.csv
CUS_0x74bf,Annaw,43,509-05-4819,Doctor,1/8/2023,2025-11-09,2023-08,features_attributes.csv
CUS_0x74f5,Prakashy,14,060-43-3101,Doctor,1/8/2023,2025-11-09,2023-08,features_attributes.csv
CUS_0x7523,Gellert,44,331-34-5518,Doctor,1/8/2023,2025-11-09,2023-08,features_attributes.csv
CUS_0x7541,Arakalih,19,224-61-7149,Manager,1/8/2023,2025-11-09,2023-08,features_attributes.csv
CUS_0x75ba,Amani,33,676-38-0279,Writer,1/8/2023,2025-11-09,2023-08,features_attributes.csv
CUS_0x7677,Thanp,24,184-32-0967,Architect,1/8/2023,2025-11-09,2023-08,features_attributes.csv
CUS_0x7756,Leighq,36,325-14-7904,Engineer,1/8/2023,2025-11-09,2023-08,features_attributes.csv
CUS_0x778b,Kubotas,36,407-75-5116,Teacher,1/8/2023,2025-11-09,2023-08,features_attributes.csv
CUS_0x77a2,Jonathanc,24,909-33-5727,Teacher,1/8/2023,2025-11-09,2023-08,features_attributes.csv
CUS_0x77da,Tomi,27,134-97-7756,Architect,1/8/2023,2025-11-09,2023-08,features_attributes.csv
CUS_0x787f,Steve Slaters,22,401-83-7671,Scientist,1/8/2023,2025-11-09,2023-08,features_attributes.csv
CUS_0x798f,Gardnero,40,001-41-8258,Journalist,1/8/2023,2025-11-09,2023-08,features_attributes.csv
CUS_0x79c8,Ed Stoddardu,41,498-09-8022,Manager,1/8/2023,2025-11-09,2023-08,features_attributes.csv
CUS_0x7a05,Taras,25,566-31-7717,_______,1/8/2023,2025-11-09,2023-08,features_attributes.csv
CUS_0x7a4c,arani Krishnanl,38,487-16-7862,Accountant,1/8/2023,2025-11-09,2023-08,features_attributes.csv
CUS_0x7a56,Nivedita Bhattacharjees,45,882-19-9462,Manager,1/8/2023,2025-11-09,2023-08,features_attributes.csv
CUS_0x7a68,Kevinr,19,210-95-0465,Developer,1/8/2023,2025-11-09,2023-08,features_attributes.csv
CUS_0x7ab6,Caroline Valetkevitchx,37,039-48-4190,Developer,1/8/2023,2025-11-09,2023-08,features_attributes.csv
CUS_0x7ac7,Karenz,31,080-03-1929,Media_Manager,1/8/2023,2025-11-09,2023-08,features_attributes.csv
CUS_0x7bf0,Lynnley Browningd,36,770-38-6359,Mechanic,1/8/2023,2025-11-09,2023-08,features_attributes.csv
CUS_0x7cf,N.i,34_,738-68-4188,_______,1/8/2023,2025-11-09,2023-08,features_attributes.csv
CUS_0x7d80,Carrollb,56,757-29-1383,Media_Manager,1/8/2023,2025-11-09,2023-08,features_attributes.csv
CUS_0x7db4,Papadimask,37_,825-38-8081,Engineer,1/8/2023,2025-11-09,2023-08,features_attributes.csv
CUS_0x7e51,Samuel Shenh,41,272-41-5715,_______,1/8/2023,2025-11-09,2023-08,features_attributes.csv
CUS_0x7e86,Saitop,50,947-24-2057,Doctor,1/8/2023,2025-11-09,2023-08,features_attributes.csv
CUS_0x7ea8,Lukew,32,915-19-9718,Developer,1/8/2023,2025-11-09,2023-08,features_attributes.csv
CUS_0x7f10,Stephensong,33,015-58-0092,Teacher,1/8/2023,2025-11-09,2023-08,features_attributes.csv
CUS_0x7fa0,Lisa Baertleine,45,513-95-4989,Lawyer,1/8/2023,2025-11-09,2023-08,features_attributes.csv
CUS_0x7fe,Paritosh Bansalz,25,001-92-5338,Doctor,1/8/2023,2025-11-09,2023-08,features_attributes.csv
CUS_0x80b1,Lauram,18,769-65-4167,Journalist,1/8/2023,2025-11-09,2023-08,features_attributes.csv
CUS_0x80b7,Ernestl,14,739-39-9305,Architect,1/8/2023,2025-11-09,2023-08,features_attributes.csv
CUS_0x8112,Alisterd,49,254-65-1126,Mechanic,1/8/2023,2025-11-09,2023-08,features_attributes.csv
CUS_0x8153,Leikag,19,596-27-5459,Journalist,1/8/2023,2025-11-09,2023-08,features_attributes.csv
CUS_0x8197,Bernieb,31,607-50-9283,Entrepreneur,1/8/2023,2025-11-09,2023-08,features_attributes.csv
CUS_0x81ac,Andyw,23,872-11-8915,Entrepreneur,1/8/2023,2025-11-09,2023-08,features_attributes.csv
CUS_0x81bb,Michelef,51,189-25-1398,Engineer,1/8/2023,2025-11-09,2023-08,features_attributes.csv
CUS_0x8291,Carrick Mollenkampn,39,765-14-8559,Teacher,1/8/2023,2025-11-09,2023-08,features_attributes.csv
CUS_0x8340,Robin Emmotta,21,688-08-9892,Media_Manager,1/8/2023,2025-11-09,2023-08,features_attributes.csv
CUS_0x837e,Elinor Comlaya,27,363-22-9894,Teacher,1/8/2023,2025-11-09,2023-08,features_attributes.csv
CUS_0x83bd,McCoolp,38,860-78-5003,Journalist,1/8/2023,2025-11-09,2023-08,features_attributes.csv
CUS_0x84b,Leika Kiharap,47,905-48-2798,Engineer,1/8/2023,2025-11-09,2023-08,features_attributes.csv
CUS_0x84d,Suef,46,538-78-5821,Media_Manager,1/8/2023,2025-11-09,2023-08,features_attributes.csv
CUS_0x853c,Jeb Blounti,48,068-17-0388,Architect,1/8/2023,2025-11-09,2023-08,features_attributes.csv
CUS_0x853f,Time,21,991-68-2510,Entrepreneur,1/8/2023,2025-11-09,2023-08,features_attributes.csv
CUS_0x854e,Yunj,54,046-01-3589,Doctor,1/8/2023,2025-11-09,2023-08,features_attributes.csv
CUS_0x858a,Lucyl,34,285-82-6057,Scientist,1/8/2023,2025-11-09,2023-08,features_attributes.csv
CUS_0x8680,Baltimoreo,32,381-06-3417,Mechanic,1/8/2023,2025-11-09,2023-08,features_attributes.csv
CUS_0x8681,Agrawalh,28,539-50-5278,Lawyer,1/8/2023,2025-11-09,2023-08,features_attributes.csv
CUS_0x872e,LaCaprat,36,813-58-4393,Doctor,1/8/2023,2025-11-09,2023-08,features_attributes.csv
CUS_0x88c3,Vlastelicac,39_,086-50-0935,Lawyer,1/8/2023,2025-11-09,2023-08,features_attributes.csv
CUS_0x89ba,Svead,48,199-40-3891,Scientist,1/8/2023,2025-11-09,2023-08,features_attributes.csv
CUS_0x89be,Slaterz,28,625-92-0732,Engineer,1/8/2023,2025-11-09,2023-08,features_attributes.csv
CUS_0x89d2,Dorisv,41,606-44-0812,Teacher,1/8/2023,2025-11-09,2023-08,features_attributes.csv
CUS_0x8b3,Stevek,27,038-00-6125,Accountant,1/8/2023,2025-11-09,2023-08,features_attributes.csv
CUS_0x8b44,Lawderd,27,849-19-8337,Developer,1/8/2023,2025-11-09,2023-08,features_attributes.csv
CUS_0x8b78,Hoekstray,55,267-33-6948,Writer,1/8/2023,2025-11-09,2023-08,features_attributes.csv
CUS_0x8bb3,Scotth,51,343-60-7122,_______,1/8/2023,2025-11-09,2023-08,features_attributes.csv
CUS_0x8bb9,George Georgiopoulosi,22,024-41-0864,Developer,1/8/2023,2025-11-09,2023-08,features_attributes.csv
CUS_0x8c8d,Rodrigo Camposr,34,#F%$D@*&8,Teacher,1/8/2023,2025-11-09,2023-08,features_attributes.csv
CUS_0x8ca,Marcyb,29,450-99-9426,Musician,1/8/2023,2025-11-09,2023-08,features_attributes.csv
CUS_0x8cd2,Sinnerd,27,147-87-8973,Mechanic,1/8/2023,2025-11-09,2023-08,features_attributes.csv
CUS_0x8cf6,Jessica Toonkelm,30_,762-91-1556,Manager,1/8/2023,2025-11-09,2023-08,features_attributes.csv
CUS_0x8d0f,Malonev,28,984-70-8010,_______,1/8/2023,2025-11-09,2023-08,features_attributes.csv
CUS_0x8ede,Maidmentk,16_,316-99-0677,Doctor,1/8/2023,2025-11-09,2023-08,features_attributes.csv
CUS_0x8f23,Steven C.z,33,241-93-8701,Journalist,1/8/2023,2025-11-09,2023-08,features_attributes.csv
CUS_0x8f65,Matt Scuffhamr,22,493-46-3498,Musician,1/8/2023,2025-11-09,2023-08,features_attributes.csv
CUS_0x9051,Stephenf,25,256-80-8294,Journalist,1/8/2023,2025-11-09,2023-08,features_attributes.csv
CUS_0x9066,Chee Yinkal,51,958-05-0966,Musician,1/8/2023,2025-11-09,2023-08,features_attributes.csv
CUS_0x907c,Peter Maushagent,55,609-89-1800,Journalist,1/8/2023,2025-11-09,2023-08,features_attributes.csv
CUS_0x915,Pedro day,35,361-97-3512,Journalist,1/8/2023,2025-11-09,2023-08,features_attributes.csv
CUS_0x925c,Jonathant,48,896-52-5250,Mechanic,1/8/2023,2025-11-09,2023-08,features_attributes.csv
CUS_0x93c8,Kellyb,37,549-93-1720,Manager,1/8/2023,2025-11-09,2023-08,features_attributes.csv
CUS_0x9491,Alister Bullh,38,#F%$D@*&8,Scientist,1/8/2023,2025-11-09,2023-08,features_attributes.csv
CUS_0x94a6,Chen Aizhuc,26,990-54-3184,Accountant,1/8/2023,2025-11-09,2023-08,features_attributes.csv
CUS_0x956d,Stevens,23,650-14-3043,Manager,1/8/2023,2025-11-09,2023-08,features_attributes.csv
CUS_0x9570,David Millikenv,23,897-31-4273,Accountant,1/8/2023,2025-11-09,2023-08,features_attributes.csv
CUS_0x9586,Phil Wahbak,21,510-43-4054,Manager,1/8/2023,2025-11-09,2023-08,features_attributes.csv
CUS_0x9694,Luciab,18,798-43-1227,Entrepreneur,1/8/2023,2025-11-09,2023-08,features_attributes.csv
CUS_0x96b4,Katie Reidu,15,574-43-0696,Teacher,1/8/2023,2025-11-09,2023-08,features_attributes.csv
CUS_0x96cd,Annaa,25_,862-93-5222,Lawyer,1/8/2023,2025-11-09,2023-08,features_attributes.csv
CUS_0x971a,Hilary Burkej,36,231-29-0095,Manager,1/8/2023,2025-11-09,2023-08,features_attributes.csv
CUS_0x971f,Ryan Vlastelicab,5629,841-77-4084,Mechanic,1/8/2023,2025-11-09,2023-08,features_attributes.csv
CUS_0x9803,Riej,41,934-23-1393,Mechanic,1/8/2023,2025-11-09,2023-08,features_attributes.csv
CUS_0x987a,Lauriav,27_,528-33-3356,Mechanic,1/8/2023,2025-11-09,2023-08,features_attributes.csv
CUS_0x9934,Mariannaa,43,850-08-6279,Doctor,1/8/2023,2025-11-09,2023-08,features_attributes.csv
CUS_0x9a06,Pitasa,30,048-78-0484,Manager,1/8/2023,2025-11-09,2023-08,features_attributes.csv
CUS_0x9a4b,Alex Dobuzinskiso,40,817-31-4270,Doctor,1/8/2023,2025-11-09,2023-08,features_attributes.csv
CUS_0x9a7a,Nickn,40,352-84-7006,Writer,1/8/2023,2025-11-09,2023-08,features_attributes.csv
CUS_0x9a9,"\"John ODonnell\"e",36,754-06-1041,Developer,1/8/2023,2025-11-09,2023-08,features_attributes.csv
CUS_0x9ab9,Breidthardtb,34,214-02-8382,Journalist,1/8/2023,2025-11-09,2023-08,features_attributes.csv
CUS_0x9b63,Ashley Lauk,39,756-41-1144,_______,1/8/2023,2025-11-09,2023-08,features_attributes.csv
CUS_0x9b80,Alistair Barra,24,155-73-5444,Journalist,1/8/2023,2025-11-09,2023-08,features_attributes.csv
CUS_0x9bb1,Drivern,50,336-60-7082,Entrepreneur,1/8/2023,2025-11-09,2023-08,features_attributes.csv
CUS_0x9c5b,Guptaj,30,604-13-8673,Mechanic,1/8/2023,2025-11-09,2023-08,features_attributes.csv
CUS_0x9ce4,Richard Leongc,40,420-50-3636,Developer,1/8/2023,2025-11-09,2023-08,features_attributes.csv
CUS_0x9d87,Kate Holtonc,15,187-59-2688,Accountant,1/8/2023,2025-11-09,2023-08,features_attributes.csv
CUS_0x9e13,Samuelx,26,#F%$D@*&8,Musician,1/8/2023,2025-11-09,2023-08,features_attributes.csv
CUS_0x9e5f,Daniell,21,197-92-8655,Teacher,1/8/2023,2025-11-09,2023-08,features_attributes.csv
CUS_0x9e82,Vidya Ranganathanb,35,691-36-8661,Mechanic,1/8/2023,2025-11-09,2023-08,features_attributes.csv
CUS_0x9f04,Alister Bullm,32,237-55-4293,Accountant,1/8/2023,2025-11-09,2023-08,features_attributes.csv
CUS_0x9f52,Rothackerv,39,492-36-7041,Scientist,1/8/2023,2025-11-09,2023-08,features_attributes.csv
CUS_0x9fca,Lidia Kellyc,50,261-83-6127,Mechanic,1/8/2023,2025-11-09,2023-08,features_attributes.csv
CUS_0xa041,Martine,50,216-08-7192,Doctor,1/8/2023,2025-11-09,2023-08,features_attributes.csv
CUS_0xa061,Susan Cornwellw,45,240-51-5346,Doctor,1/8/2023,2025-11-09,2023-08,features_attributes.csv
CUS_0xa1be,Willsx,18,475-57-4358,Musician,1/8/2023,2025-11-09,2023-08,features_attributes.csv
CUS_0xa1c1,Deborah Zabarenkou,4056,564-34-1623,_______,1/8/2023,2025-11-09,2023-08,features_attributes.csv
CUS_0xa1cb,Julienz,49,149-07-4465,Musician,1/8/2023,2025-11-09,2023-08,features_attributes.csv
CUS_0xa1fc,Karenh,28_,547-99-9537,Entrepreneur,1/8/2023,2025-11-09,2023-08,features_attributes.csv
CUS_0xa223,Yokok,24,330-17-7373,_______,1/8/2023,2025-11-09,2023-08,features_attributes.csv
CUS_0xa293,Carews,26,117-17-5155,_______,1/8/2023,2025-11-09,2023-08,features_attributes.csv
CUS_0xa2a2,Rick Rothackery,53,340-05-0113,Developer,1/8/2023,2025-11-09,2023-08,features_attributes.csv
CUS_0xa329,"\"Eileen OGrady\"s",21,683-09-2814,Media_Manager,1/8/2023,2025-11-09,2023-08,features_attributes.csv
CUS_0xa40b,Lynch Christopherf,39,411-75-9732,Accountant,1/8/2023,2025-11-09,2023-08,features_attributes.csv
CUS_0xa424,Karey Wutkowskiy,19,257-88-0889,Doctor,1/8/2023,2025-11-09,2023-08,features_attributes.csv
CUS_0xa42a,Pomfreta,5981,#F%$D@*&8,Developer,1/8/2023,2025-11-09,2023-08,features_attributes.csv
CUS_0xa47c,Slaterw,34,379-65-6305,Developer,1/8/2023,2025-11-09,2023-08,features_attributes.csv
CUS_0xa4bd,Herbert Lashx,28,148-92-3005,Media_Manager,1/8/2023,2025-11-09,2023-08,features_attributes.csv
CUS_0xa4c6,Yantoultra Nguir,32,544-30-5434,Writer,1/8/2023,2025-11-09,2023-08,features_attributes.csv
CUS_0xa505,Jonathan Stempelz,42,959-35-8150,Engineer,1/8/2023,2025-11-09,2023-08,features_attributes.csv
CUS_0xa514,Lionelu,38,896-84-1335,Media_Manager,1/8/2023,2025-11-09,2023-08,features_attributes.csv
CUS_0xa56a,Angelaf,48,513-47-2856,Accountant,1/8/2023,2025-11-09,2023-08,features_attributes.csv
CUS_0xa6e8,Samuelh,18,766-02-6429,Scientist,1/8/2023,2025-11-09,2023-08,features_attributes.csv
CUS_0xa7aa,Philip Blenkinsopu,43,077-76-6515,Musician,1/8/2023,2025-11-09,2023-08,features_attributes.csv
CUS_0xa822,Sinead Carewe,36,359-48-9103,Engineer,1/8/2023,2025-11-09,2023-08,features_attributes.csv
CUS_0xa83a,Niu Shupingq,22,389-32-0105,Musician,1/8/2023,2025-11-09,2023-08,features_attributes.csv
CUS_0xa897,ewichp,53,322-69-7846,Accountant,1/8/2023,2025-11-09,2023-08,features_attributes.csv
CUS_0xa8d1,Nicola Leskem,39,596-68-6198,Accountant,1/8/2023,2025-11-09,2023-08,features_attributes.csv
CUS_0xa8d8,Barra,41,035-13-0288,Doctor,1/8/2023,2025-11-09,2023-08,features_attributes.csv
CUS_0xa95a,Lewis Krauskopft,37,945-13-1693,_______,1/8/2023,2025-11-09,2023-08,features_attributes.csv
CUS_0xa96d,Clara Ferreira-Marquesm,36,819-31-7344,Mechanic,1/8/2023,2025-11-09,2023-08,features_attributes.csv
CUS_0xa972,Jacobse,26,974-41-8956,_______,1/8/2023,2025-11-09,2023-08,features_attributes.csv
CUS_0xa990,Whitew,19,920-89-6435,Architect,1/8/2023,2025-11-09,2023-08,features_attributes.csv
CUS_0xa995,Chadbournw,48,241-86-3282,Engineer,1/8/2023,2025-11-09,2023-08,features_attributes.csv
CUS_0xa99a,Luciad,55,670-51-6382,Teacher,1/8/2023,2025-11-09,2023-08,features_attributes.csv
CUS_0xa9d6,Barghinie,21,014-27-9554,Scientist,1/8/2023,2025-11-09,2023-08,features_attributes.csv
CUS_0xa9e3,Henryn,32,005-46-5010,Manager,1/8/2023,2025-11-09,2023-08,features_attributes.csv
CUS_0xa9e7,Saeedg,28,947-18-7133,Architect,1/8/2023,2025-11-09,2023-08,features_attributes.csv
CUS_0xaa87,Martellm,28,357-64-9397,Scientist,1/8/2023,2025-11-09,2023-08,features_attributes.csv
CUS_0xaaf8,Lefteris Papadimasx,38,181-79-7057,Teacher,1/8/2023,2025-11-09,2023-08,features_attributes.csv
CUS_0xacc6,Sheppardx,37,398-58-0171,Architect,1/8/2023,2025-11-09,2023-08,features_attributes.csv
CUS_0xad30,Steve Schererp,27,777-21-8079,Scientist,1/8/2023,2025-11-09,2023-08,features_attributes.csv
CUS_0xada1,Damounir,37,194-63-3140,Manager,1/8/2023,2025-11-09,2023-08,features_attributes.csv
CUS_0xade3,Kevin Limx,49,#F%$D@*&8,Entrepreneur,1/8/2023,2025-11-09,2023-08,features_attributes.csv
CUS_0xae61,Nickf,-500,272-86-2874,Developer,1/8/2023,2025-11-09,2023-08,features_attributes.csv
CUS_0xae62,Natex,29,726-89-7592,Musician,1/8/2023,2025-11-09,2023-08,features_attributes.csv
CUS_0xaf4a,Lakmidash,49,102-64-9911,Entrepreneur,1/8/2023,2025-11-09,2023-08,features_attributes.csv
CUS_0xaf95,Langep,39,917-87-3520,Accountant,1/8/2023,2025-11-09,2023-08,features_attributes.csv
CUS_0xaf96,ras,3264,650-39-2764,_______,1/8/2023,2025-11-09,2023-08,features_attributes.csv
CUS_0xb005,Bille,36,211-68-7344,_______,1/8/2023,2025-11-09,2023-08,features_attributes.csv
CUS_0xb042,Jan Strupczewskic,26,418-71-7160,Journalist,1/8/2023,2025-11-09,2023-08,features_attributes.csv
CUS_0xb0e5,Laurar,42,934-39-5678,Mechanic,1/8/2023,2025-11-09,2023-08,features_attributes.csv
CUS_0xb101,Andreas Cremerf,37,253-91-2822,Scientist,1/8/2023,2025-11-09,2023-08,features_attributes.csv
CUS_0xb229,Caroline Valetkevitchj,39,067-87-5834,Media_Manager,1/8/2023,2025-11-09,2023-08,features_attributes.csv
CUS_0xb2a3,Ilainau,39,858-73-0362,Engineer,1/8/2023,2025-11-09,2023-08,features_attributes.csv
CUS_0xb3cb,Karen Freifeldq,53_,304-95-5483,Writer,1/8/2023,2025-11-09,2023-08,features_attributes.csv
CUS_0xb4c4,Alex rac,52,842-39-5844,Entrepreneur,1/8/2023,2025-11-09,2023-08,features_attributes.csv
CUS_0xb512,Kevin Yaov,32,343-73-5111,Doctor,1/8/2023,2025-11-09,2023-08,features_attributes.csv
CUS_0xb551,Siegp,20,608-17-2739,Architect,1/8/2023,2025-11-09,2023-08,features_attributes.csv
CUS_0xb593,Fletcherj,26,476-56-7499,Mechanic,1/8/2023,2025-11-09,2023-08,features_attributes.csv
CUS_0xb5ae,Casey Sullivanu,48,264-30-0705,Developer,1/8/2023,2025-11-09,2023-08,features_attributes.csv
CUS_0xb5c0,Nick Browne,40,556-58-1200,_______,1/8/2023,2025-11-09,2023-08,features_attributes.csv
CUS_0xb5d4,Kaustubh Kulkarnis,23,156-33-8200,Entrepreneur,1/8/2023,2025-11-09,2023-08,features_attributes.csv
CUS_0xb5dd,Jamesn,22,848-97-1120,Journalist,1/8/2023,2025-11-09,2023-08,features_attributes.csv
CUS_0xb68f,Huetx,22,#F%$D@*&8,Scientist,1/8/2023,2025-11-09,2023-08,features_attributes.csv
CUS_0xb6be,Michael Flahertyg,35,695-71-7676,Journalist,1/8/2023,2025-11-09,2023-08,features_attributes.csv
CUS_0xb76e,Seetharamans,19_,064-07-9323,Media_Manager,1/8/2023,2025-11-09,2023-08,features_attributes.csv
CUS_0xb87d,Alexs,50,586-20-2678,Mechanic,1/8/2023,2025-11-09,2023-08,features_attributes.csv
CUS_0xb948,Mikez,29,341-45-1822,Writer,1/8/2023,2025-11-09,2023-08,features_attributes.csv
CUS_0xb949,Sedau,53,275-16-8434,Journalist,1/8/2023,2025-11-09,2023-08,features_attributes.csv
CUS_0xb96c,rian Growy,-500,930-28-6972,Engineer,1/8/2023,2025-11-09,2023-08,features_attributes.csv
CUS_0xb971,Davidv,50,644-26-7468,Journalist,1/8/2023,2025-11-09,2023-08,features_attributes.csv
CUS_0xb9e6,Adam Jourdang,18,860-04-7636,Journalist,1/8/2023,2025-11-09,2023-08,features_attributes.csv
CUS_0xba1d,Zhou Xint,34,837-57-6588,Scientist,1/8/2023,2025-11-09,2023-08,features_attributes.csv
CUS_0xba6,Mia Shanleyz,46,808-86-3684,Engineer,1/8/2023,2025-11-09,2023-08,features_attributes.csv
CUS_0xbb02,Phil Wahbaj,29,404-71-8835,Developer,1/8/2023,2025-11-09,2023-08,features_attributes.csv
CUS_0xbb4e,Karenu,5261,618-14-8027,Manager,1/8/2023,2025-11-09,2023-08,features_attributes.csv
CUS_0xbbaa,Gellery,49,432-85-0397,Media_Manager,1/8/2023,2025-11-09,2023-08,features_attributes.csv
CUS_0xbc6a,Andreasz,52,669-33-2894,Media_Manager,1/8/2023,2025-11-09,2023-08,features_attributes.csv
CUS_0xbcda,Padraic Halpini,37,297-59-7628,Doctor,1/8/2023,2025-11-09,2023-08,features_attributes.csv
CUS_0xbce2,Shihx,44,968-51-7695,_______,1/8/2023,2025-11-09,2023-08,features_attributes.csv
CUS_0xbd85,Vikramm,16,843-90-4151,Accountant,1/8/2023,2025-11-09,2023-08,features_attributes.csv
CUS_0xbe14,Mirna Sleimanq,55,045-24-1440,Media_Manager,1/8/2023,2025-11-09,2023-08,features_attributes.csv
CUS_0xbe54,Mari Saitoa,54,736-33-6781,_______,1/8/2023,2025-11-09,2023-08,features_attributes.csv
CUS_0xbeb0,Daveq,49,420-57-3195,Manager,1/8/2023,2025-11-09,2023-08,features_attributes.csv
CUS_0xbecb,Laessingk,29,052-29-4200,Journalist,1/8/2023,2025-11-09,2023-08,features_attributes.csv
CUS_0xbeec,Cremerx,28,204-07-8662,Doctor,1/8/2023,2025-11-09,2023-08,features_attributes.csv
CUS_0xbef7,Ashutosh Pi,37,511-48-7019,Doctor,1/8/2023,2025-11-09,2023-08,features_attributes.csv
CUS_0xbfd5,Jennifer Sabag,53,452-29-0142,Musician,1/8/2023,2025-11-09,2023-08,features_attributes.csv
CUS_0xc17f,Caroline Copleyl,35,177-97-1122,_______,1/8/2023,2025-11-09,2023-08,features_attributes.csv
CUS_0xc1a6,Rr,32,008-57-6946,Manager,1/8/2023,2025-11-09,2023-08,features_attributes.csv
CUS_0xc22f,McMillanw,34,795-34-9348,Scientist,1/8/2023,2025-11-09,2023-08,features_attributes.csv
CUS_0xc271,Emmotth,50,871-72-6391,Developer,1/8/2023,2025-11-09,2023-08,features_attributes.csv
CUS_0xc272,Jana J.h,45,404-87-5591,Mechanic,1/8/2023,2025-11-09,2023-08,features_attributes.csv
CUS_0xc420,"\"John ODonnell\"h",29,233-86-9353,Media_Manager,1/8/2023,2025-11-09,2023-08,features_attributes.csv
CUS_0xc44a,Nate Raymonds,49,855-76-7431,Lawyer,1/8/2023,2025-11-09,2023-08,features_attributes.csv
CUS_0xc45d,Alastair Sharpy,39,232-02-1071,Writer,1/8/2023,2025-11-09,2023-08,features_attributes.csv
CUS_0xc4b2,Poornimah,35,713-13-2504,Journalist,1/8/2023,2025-11-09,2023-08,features_attributes.csv
CUS_0xc55a,Rodrigou,32,374-42-2129,Accountant,1/8/2023,2025-11-09,2023-08,features_attributes.csv
CUS_0xc5d6,Tomf,25,291-84-1220,Doctor,1/8/2023,2025-11-09,2023-08,features_attributes.csv
CUS_0xc5f8,Nadiaa,22,697-34-9092,Musician,1/8/2023,2025-11-09,2023-08,features_attributes.csv
CUS_0xc61e,Lucia Mutikanih,37,#F%$D@*&8,Manager,1/8/2023,2025-11-09,2023-08,features_attributes.csv
CUS_0xc6cb,Sarah McBrides,21,716-93-2424,Accountant,1/8/2023,2025-11-09,2023-08,features_attributes.csv
CUS_0xd0c,Kiharap,22,191-87-1257,Musician,1/8/2023,2025-11-09,2023-08,features_attributes.csv
CUS_0xd7d,Aaronk,15,356-30-8640,Entrepreneur,1/8/2023,2025-11-09,2023-08,features_attributes.csv
CUS_0xe75,ernard Vaughanu,48,630-86-9475,Manager,1/8/2023,2025-11-09,2023-08,features_attributes.csv
CUS_0xeb6,ing Langia,22,495-96-8811,Developer,1/8/2023,2025-11-09,2023-08,features_attributes.csv
CUS_0xf79,Zeidlern,56,798-34-6017,Media_Manager,1/8/2023,2025-11-09,2023-08,features_attributes.csv
