Customer_ID,Name,Age,SSN,Occupation,snapshot_date,ingest_dt,snap_ym,source_file
CUS_0x1038,B.h,28,355-00-7832,Architect,1/10/2024,2025-11-09,2024-10,features_attributes.csv
CUS_0x104f,Markm,20,264-84-8069,_______,1/10/2024,2025-11-09,2024-10,features_attributes.csv
CUS_0x10a9,ini Kristenr,41,514-08-4156,Journalist,1/10/2024,2025-11-09,2024-10,features_attributes.csv
CUS_0x111b,Poornima Guptab,40,880-90-6663,Manager,1/10/2024,2025-11-09,2024-10,features_attributes.csv
CUS_0x1123,Suzannep,15,917-49-8240,Writer,1/10/2024,2025-11-09,2024-10,features_attributes.csv
CUS_0x1151,Hopkinsv,41,587-07-3210,Journalist,1/10/2024,2025-11-09,2024-10,features_attributes.csv
CUS_0x1193,Peter Lauriap,46,239-12-4495,Developer,1/10/2024,2025-11-09,2024-10,features_attributes.csv
CUS_0x1277,Baileyt,23,682-00-8701,Engineer,1/10/2024,2025-11-09,2024-10,features_attributes.csv
CUS_0x1278,Rothackern,20,144-54-2861,Teacher,1/10/2024,2025-11-09,2024-10,features_attributes.csv
CUS_0x132f,Mark Felsenthald,41,561-60-9294,Musician,1/10/2024,2025-11-09,2024-10,features_attributes.csv
CUS_0x13fa,Olivia Oranh,22,158-05-0970,Manager,1/10/2024,2025-11-09,2024-10,features_attributes.csv
CUS_0x1410,Kiharaj,43,087-58-6247,Teacher,1/10/2024,2025-11-09,2024-10,features_attributes.csv
CUS_0x1436,Jonesn,23,988-70-0775,Developer,1/10/2024,2025-11-09,2024-10,features_attributes.csv
CUS_0x1447,Fool,22,836-93-7211,Doctor,1/10/2024,2025-11-09,2024-10,features_attributes.csv
CUS_0x14d9,Subhedarm,36,225-59-9039,Writer,1/10/2024,2025-11-09,2024-10,features_attributes.csv
CUS_0x1540,Soyoung Kimf,26,742-16-8468,Engineer,1/10/2024,2025-11-09,2024-10,features_attributes.csv
CUS_0x155b,Vellacottv,26,642-53-3146,_______,1/10/2024,2025-11-09,2024-10,features_attributes.csv
CUS_0x157d,Thompsonf,24_,901-97-7993,Teacher,1/10/2024,2025-11-09,2024-10,features_attributes.csv
CUS_0x1600,Megan Daviesb,30_,871-12-8955,Media_Manager,1/10/2024,2025-11-09,2024-10,features_attributes.csv
CUS_0x1607,Nicolacif,45,994-40-1980,Architect,1/10/2024,2025-11-09,2024-10,features_attributes.csv
CUS_0x1612,en Klaymanf,38,147-97-2500,Media_Manager,1/10/2024,2025-11-09,2024-10,features_attributes.csv
CUS_0x1663,Soham Chatterjeem,33,773-73-1932,Lawyer,1/10/2024,2025-11-09,2024-10,features_attributes.csv
CUS_0x1673,Annad,28,002-93-9888,Doctor,1/10/2024,2025-11-09,2024-10,features_attributes.csv
CUS_0x1680,"ODonnell\"i",28,385-98-7605,Doctor,1/10/2024,2025-11-09,2024-10,features_attributes.csv
CUS_0x16be,Agnieszkac,38,241-14-6353,Doctor,1/10/2024,2025-11-09,2024-10,features_attributes.csv
CUS_0x16f5,Annj,53_,138-08-3421,Scientist,1/10/2024,2025-11-09,2024-10,features_attributes.csv
CUS_0x176b,Mike Dolanj,25,917-47-6490,Journalist,1/10/2024,2025-11-09,2024-10,features_attributes.csv
CUS_0x17b5,Kiharak,51,714-28-0746,Doctor,1/10/2024,2025-11-09,2024-10,features_attributes.csv
CUS_0x17ff,Michaelk,21,280-03-3060,Scientist,1/10/2024,2025-11-09,2024-10,features_attributes.csv
CUS_0x1820,ra Alpers,27,654-71-1742,Engineer,1/10/2024,2025-11-09,2024-10,features_attributes.csv
CUS_0x18e1,Dowsettx,37,536-82-6071,Media_Manager,1/10/2024,2025-11-09,2024-10,features_attributes.csv
CUS_0x18f3,Miyoung Kimj,40,838-71-4191,Manager,1/10/2024,2025-11-09,2024-10,features_attributes.csv
CUS_0x195b,Rodrigo Camposl,42_,185-13-1410,Scientist,1/10/2024,2025-11-09,2024-10,features_attributes.csv
CUS_0x1ad6,Ilona Wissenbachm,14,127-10-3342,Lawyer,1/10/2024,2025-11-09,2024-10,features_attributes.csv
CUS_0x1ae8,Greg Roumeliotish,42,302-22-0779,Entrepreneur,1/10/2024,2025-11-09,2024-10,features_attributes.csv
CUS_0x1b9c,Martin Santad,42,253-28-5253,Media_Manager,1/10/2024,2025-11-09,2024-10,features_attributes.csv
CUS_0x1c06,Scuffhamx,22,051-71-5276,_______,1/10/2024,2025-11-09,2024-10,features_attributes.csv
CUS_0x1c58,Palmerp,43,190-08-2429,Writer,1/10/2024,2025-11-09,2024-10,features_attributes.csv
CUS_0x1dfd,Praveenq,25,926-46-8089,Engineer,1/10/2024,2025-11-09,2024-10,features_attributes.csv
CUS_0x1ea5,Abhijit Neogye,31,799-33-1118,Lawyer,1/10/2024,2025-11-09,2024-10,features_attributes.csv
CUS_0x1ebe,Ernestl,52,721-47-3071,Media_Manager,1/10/2024,2025-11-09,2024-10,features_attributes.csv
CUS_0x1edd,Maloneu,18,784-29-8491,Manager,1/10/2024,2025-11-09,2024-10,features_attributes.csv
CUS_0x1efa,Dagenborgq,44,644-35-1776,Accountant,1/10/2024,2025-11-09,2024-10,features_attributes.csv
CUS_0x1f19,Alastair Sharpn,21,734-45-8783,_______,1/10/2024,2025-11-09,2024-10,features_attributes.csv
CUS_0x1f34,Nickq,55,554-15-1394,_______,1/10/2024,2025-11-09,2024-10,features_attributes.csv
CUS_0x1f42,Simon Meadsn,31,773-22-5016,Lawyer,1/10/2024,2025-11-09,2024-10,features_attributes.csv
CUS_0x1f7d,Jonathano,17,697-78-8723,Architect,1/10/2024,2025-11-09,2024-10,features_attributes.csv
CUS_0x1f97,Hitoshio,50,346-14-6418,Journalist,1/10/2024,2025-11-09,2024-10,features_attributes.csv
CUS_0x1fcb,Herbst-Baylissn,44,448-72-4083,Developer,1/10/2024,2025-11-09,2024-10,features_attributes.csv
CUS_0x1fdc,Angela Moona,29,896-78-0268,Accountant,1/10/2024,2025-11-09,2024-10,features_attributes.csv
CUS_0x1fec,Michael Ermanp,49,#F%$D@*&8,Media_Manager,1/10/2024,2025-11-09,2024-10,features_attributes.csv
CUS_0x20b5,Langic,35,153-31-3249,Teacher,1/10/2024,2025-11-09,2024-10,features_attributes.csv
CUS_0x20b8,Markj,39,187-58-8843,Architect,1/10/2024,2025-11-09,2024-10,features_attributes.csv
CUS_0x219a,Phil Wahbav,24,034-67-1193,Engineer,1/10/2024,2025-11-09,2024-10,features_attributes.csv
CUS_0x2208,Ryan Vlastelicax,37,322-64-6039,Entrepreneur,1/10/2024,2025-11-09,2024-10,features_attributes.csv
CUS_0x22a1,Michaelr,29,181-78-0271,Lawyer,1/10/2024,2025-11-09,2024-10,features_attributes.csv
CUS_0x22d4,Piersonm,46,167-27-4056,Doctor,1/10/2024,2025-11-09,2024-10,features_attributes.csv
CUS_0x232d,Freifeldw,48,330-34-5249,Engineer,1/10/2024,2025-11-09,2024-10,features_attributes.csv
CUS_0x23a5,Horowitze,25,618-88-5996,Lawyer,1/10/2024,2025-11-09,2024-10,features_attributes.csv
CUS_0x23cc,Brownj,39,798-10-4126,_______,1/10/2024,2025-11-09,2024-10,features_attributes.csv
CUS_0x2413,Felsenthalv,27,133-83-2285,Manager,1/10/2024,2025-11-09,2024-10,features_attributes.csv
CUS_0x2507,Padraicw,30,#F%$D@*&8,Architect,1/10/2024,2025-11-09,2024-10,features_attributes.csv
CUS_0x2543,Robertai,34,272-87-2927,_______,1/10/2024,2025-11-09,2024-10,features_attributes.csv
CUS_0x25c4,Zieminskia,40,967-73-5542,Accountant,1/10/2024,2025-11-09,2024-10,features_attributes.csv
CUS_0x2665,Kolkern,36,366-98-6938,Accountant,1/10/2024,2025-11-09,2024-10,features_attributes.csv
CUS_0x2683,Mariya Gordeyevaw,39,#F%$D@*&8,Developer,1/10/2024,2025-11-09,2024-10,features_attributes.csv
CUS_0x269a,Alexv,41,530-21-7776,Scientist,1/10/2024,2025-11-09,2024-10,features_attributes.csv
CUS_0x26ac,Ryanz,26,023-06-5608,Musician,1/10/2024,2025-11-09,2024-10,features_attributes.csv
CUS_0x2887,Gerry Shihq,43,055-75-4532,_______,1/10/2024,2025-11-09,2024-10,features_attributes.csv
CUS_0x2947,Carolinew,48_,742-36-4668,Accountant,1/10/2024,2025-11-09,2024-10,features_attributes.csv
CUS_0x2993,Gregl,17,572-75-0922,Accountant,1/10/2024,2025-11-09,2024-10,features_attributes.csv
CUS_0x2b4c,Patrick Ruckerw,35,362-46-3183,_______,1/10/2024,2025-11-09,2024-10,features_attributes.csv
CUS_0x2d22,ills,23,911-53-5148,Accountant,1/10/2024,2025-11-09,2024-10,features_attributes.csv
CUS_0x2d8c,Davidr,38,316-30-8022,Musician,1/10/2024,2025-11-09,2024-10,features_attributes.csv
CUS_0x2d93,Annika Breidthardtn,34,713-04-5687,Architect,1/10/2024,2025-11-09,2024-10,features_attributes.csv
CUS_0x2f22,Archana Narayanang,24,151-96-9989,Entrepreneur,1/10/2024,2025-11-09,2024-10,features_attributes.csv
CUS_0x2fb0,Alexei Oreskovicf,28,855-00-3668,Architect,1/10/2024,2025-11-09,2024-10,features_attributes.csv
CUS_0x2fca,Vinocury,46,279-66-3207,Musician,1/10/2024,2025-11-09,2024-10,features_attributes.csv
CUS_0x2fda,Jonathan Spicerr,20,336-19-9190,Developer,1/10/2024,2025-11-09,2024-10,features_attributes.csv
CUS_0x307b,Lisa Baertleiny,39,782-04-9961,Writer,1/10/2024,2025-11-09,2024-10,features_attributes.csv
CUS_0x30cf,Dan Leviner,-500,489-98-9033,Scientist,1/10/2024,2025-11-09,2024-10,features_attributes.csv
CUS_0x30ed,Gladstone Phili,30,310-48-0958,Scientist,1/10/2024,2025-11-09,2024-10,features_attributes.csv
CUS_0x31ce,Carrelg,36,854-78-1111,Developer,1/10/2024,2025-11-09,2024-10,features_attributes.csv
CUS_0x3215,Jan Strupczewskia,34,400-46-0837,Developer,1/10/2024,2025-11-09,2024-10,features_attributes.csv
CUS_0x324b,Jeffreyk,20,376-98-8873,Entrepreneur,1/10/2024,2025-11-09,2024-10,features_attributes.csv
CUS_0x330c,Ju-mini,16,970-80-1015,Journalist,1/10/2024,2025-11-09,2024-10,features_attributes.csv
CUS_0x3361,Jonathan Spicere,335,028-38-5655,Accountant,1/10/2024,2025-11-09,2024-10,features_attributes.csv
CUS_0x33b6,Sagarikak,5027,175-88-4935,Accountant,1/10/2024,2025-11-09,2024-10,features_attributes.csv
CUS_0x3422,Lauren Tarab,56,425-99-3813,Journalist,1/10/2024,2025-11-09,2024-10,features_attributes.csv
CUS_0x346d,Kevinu,33,049-22-6295,Manager,1/10/2024,2025-11-09,2024-10,features_attributes.csv
CUS_0x3474,Ransdellv,39,995-56-2550,Entrepreneur,1/10/2024,2025-11-09,2024-10,features_attributes.csv
CUS_0x3486,Rascoeb,54,451-36-9674,Scientist,1/10/2024,2025-11-09,2024-10,features_attributes.csv
CUS_0x3542,Webbj,23,410-12-2742,Writer,1/10/2024,2025-11-09,2024-10,features_attributes.csv
CUS_0x35b9,Tiisetso Motsoenengk,18,854-53-4727,Developer,1/10/2024,2025-11-09,2024-10,features_attributes.csv
CUS_0x35ea,Walterr,40,741-57-0740,Architect,1/10/2024,2025-11-09,2024-10,features_attributes.csv
CUS_0x36ec,Carlos Ruanoy,32,837-30-3669,Accountant,1/10/2024,2025-11-09,2024-10,features_attributes.csv
CUS_0x3710,Tim Hephert,41,981-14-0079,Architect,1/10/2024,2025-11-09,2024-10,features_attributes.csv
CUS_0x3797,ini Lisaq,42,683-12-2435,Musician,1/10/2024,2025-11-09,2024-10,features_attributes.csv
CUS_0x37bd,Barrn,33,849-09-5390,Lawyer,1/10/2024,2025-11-09,2024-10,features_attributes.csv
CUS_0x37db,Berginy,18,585-94-4096,Entrepreneur,1/10/2024,2025-11-09,2024-10,features_attributes.csv
CUS_0x387d,Annk,33,761-53-5627,Doctor,1/10/2024,2025-11-09,2024-10,features_attributes.csv
CUS_0x38aa,Rodrigo Camposk,42,132-95-9102,Media_Manager,1/10/2024,2025-11-09,2024-10,features_attributes.csv
CUS_0x38b6,Tiziana Barghiniu,24,698-45-9293,Musician,1/10/2024,2025-11-09,2024-10,features_attributes.csv
CUS_0x38c0,Abhishekx,33,083-35-9736,Musician,1/10/2024,2025-11-09,2024-10,features_attributes.csv
CUS_0x3937,Victoria Bryano,25,#F%$D@*&8,Media_Manager,1/10/2024,2025-11-09,2024-10,features_attributes.csv
CUS_0x39cf,Tonyz,33,614-64-3223,Engineer,1/10/2024,2025-11-09,2024-10,features_attributes.csv
CUS_0x3a96,Matt Scuffhaml,46,416-49-7815,Developer,1/10/2024,2025-11-09,2024-10,features_attributes.csv
CUS_0x3b1b,Nick Brownk,30,260-72-0235,Accountant,1/10/2024,2025-11-09,2024-10,features_attributes.csv
CUS_0x3b2e,arbara Goldbergo,15,527-96-0772,_______,1/10/2024,2025-11-09,2024-10,features_attributes.csv
CUS_0x3bac,le Paule,21_,601-70-2993,_______,1/10/2024,2025-11-09,2024-10,features_attributes.csv
CUS_0x3c23,Chadbournl,44,257-46-1070,Developer,1/10/2024,2025-11-09,2024-10,features_attributes.csv
CUS_0x3ca6,Paritoshs,51,059-86-1986,Journalist,1/10/2024,2025-11-09,2024-10,features_attributes.csv
CUS_0x3e36,Vlastelicap,26,758-48-3253,Doctor,1/10/2024,2025-11-09,2024-10,features_attributes.csv
CUS_0x3e47,Davet,40,818-53-8754,Doctor,1/10/2024,2025-11-09,2024-10,features_attributes.csv
CUS_0x3e4a,Takadax,39,612-57-3265,Manager,1/10/2024,2025-11-09,2024-10,features_attributes.csv
CUS_0x3e51,Vladimirr,31,052-80-3776,Accountant,1/10/2024,2025-11-09,2024-10,features_attributes.csv
CUS_0x3ec8,Jennifer Clarkv,38,477-64-2087,Media_Manager,1/10/2024,2025-11-09,2024-10,features_attributes.csv
CUS_0x3f16,Tom Polansekt,45,045-47-2495,Media_Manager,1/10/2024,2025-11-09,2024-10,features_attributes.csv
CUS_0x3f69,Martinnef,27,420-51-6685,Journalist,1/10/2024,2025-11-09,2024-10,features_attributes.csv
CUS_0x3f6b,Anthonyo,-500,178-14-1700,Manager,1/10/2024,2025-11-09,2024-10,features_attributes.csv
CUS_0x3f74,Foo Yuni,45,135-39-2875,Developer,1/10/2024,2025-11-09,2024-10,features_attributes.csv
CUS_0x3f8b,Klaymanz,43,591-31-9513,_______,1/10/2024,2025-11-09,2024-10,features_attributes.csv
CUS_0x3f99,Euan Rochav,28,155-22-9607,Media_Manager,1/10/2024,2025-11-09,2024-10,features_attributes.csv
CUS_0x4067,Mike Peacockf,36,230-06-8689,Teacher,1/10/2024,2025-11-09,2024-10,features_attributes.csv
CUS_0x4156,Nadia Damounio,38,807-73-5861,Developer,1/10/2024,2025-11-09,2024-10,features_attributes.csv
CUS_0x41b8,Binniez,16_,393-98-4443,_______,1/10/2024,2025-11-09,2024-10,features_attributes.csv
CUS_0x41f0,Katen,18,803-57-7987,Teacher,1/10/2024,2025-11-09,2024-10,features_attributes.csv
CUS_0x41f5,Douwec,33_,749-34-5405,Doctor,1/10/2024,2025-11-09,2024-10,features_attributes.csv
CUS_0x424c,Carolinet,22,237-56-1887,Developer,1/10/2024,2025-11-09,2024-10,features_attributes.csv
CUS_0x42b1,Ransdell Piersone,21,468-45-3404,Entrepreneur,1/10/2024,2025-11-09,2024-10,features_attributes.csv
CUS_0x43e7,Poornimad,54,200-09-2850,Mechanic,1/10/2024,2025-11-09,2024-10,features_attributes.csv
CUS_0x4450,Nadia Damounix,22,066-49-5269,Teacher,1/10/2024,2025-11-09,2024-10,features_attributes.csv
CUS_0x454c,Roumeliotisa,33,441-33-1920,Journalist,1/10/2024,2025-11-09,2024-10,features_attributes.csv
CUS_0x458d,Vlastelicau,19,327-28-8071,Journalist,1/10/2024,2025-11-09,2024-10,features_attributes.csv
CUS_0x45cc,Jonesu,39,687-09-1058,Entrepreneur,1/10/2024,2025-11-09,2024-10,features_attributes.csv
CUS_0x45e2,Lewis Krauskopfd,25,264-39-4694,Teacher,1/10/2024,2025-11-09,2024-10,features_attributes.csv
CUS_0x461f,Saeedp,55,352-50-3065,Media_Manager,1/10/2024,2025-11-09,2024-10,features_attributes.csv
CUS_0x4628,Jonesz,23,#F%$D@*&8,_______,1/10/2024,2025-11-09,2024-10,features_attributes.csv
CUS_0x4697,Alan Wheatleyh,25,353-93-4632,Architect,1/10/2024,2025-11-09,2024-10,features_attributes.csv
CUS_0x46bd,Claire Ruckini,42,791-21-8450,Scientist,1/10/2024,2025-11-09,2024-10,features_attributes.csv
CUS_0x4732,Yokou,27,393-18-8678,Scientist,1/10/2024,2025-11-09,2024-10,features_attributes.csv
CUS_0x4802,Edwardsn,45,509-17-8630,Scientist,1/10/2024,2025-11-09,2024-10,features_attributes.csv
CUS_0x4845,Ferreira-Marquesb,22,623-80-6676,Mechanic,1/10/2024,2025-11-09,2024-10,features_attributes.csv
CUS_0x487b,Tunv,29,709-05-6923,Architect,1/10/2024,2025-11-09,2024-10,features_attributes.csv
CUS_0x488b,Halsh,26,504-16-8903,Engineer,1/10/2024,2025-11-09,2024-10,features_attributes.csv
CUS_0x48e1,Sinead Carewb,23,738-31-5725,Media_Manager,1/10/2024,2025-11-09,2024-10,features_attributes.csv
CUS_0x4937,Chris Vellacottm,42,706-41-2399,Architect,1/10/2024,2025-11-09,2024-10,features_attributes.csv
CUS_0x494b,rian Wintere,16,710-98-6480,Engineer,1/10/2024,2025-11-09,2024-10,features_attributes.csv
CUS_0x4981,Paul Taylorm,42,960-55-7671,Scientist,1/10/2024,2025-11-09,2024-10,features_attributes.csv
CUS_0x4982,Juccac,19_,405-29-5229,Mechanic,1/10/2024,2025-11-09,2024-10,features_attributes.csv
CUS_0x4a11,Layneo,20,955-34-2486,Architect,1/10/2024,2025-11-09,2024-10,features_attributes.csv
CUS_0x4a3c,Wilchinsd,34,886-78-4089,Engineer,1/10/2024,2025-11-09,2024-10,features_attributes.csv
CUS_0x4a93,Fabib,36,#F%$D@*&8,Musician,1/10/2024,2025-11-09,2024-10,features_attributes.csv
CUS_0x4c13,Wachtelh,49,#F%$D@*&8,Lawyer,1/10/2024,2025-11-09,2024-10,features_attributes.csv
CUS_0x4c33,Vlastelicad,15,511-02-6078,Lawyer,1/10/2024,2025-11-09,2024-10,features_attributes.csv
CUS_0x4c7d,Jamesb,20,165-68-6225,Manager,1/10/2024,2025-11-09,2024-10,features_attributes.csv
CUS_0x4c95,asil Katzh,21,397-40-3219,Architect,1/10/2024,2025-11-09,2024-10,features_attributes.csv
CUS_0x4c9c,Luke Bakerh,26,324-91-7263,Accountant,1/10/2024,2025-11-09,2024-10,features_attributes.csv
CUS_0x4caa,Mutikanie,16,715-08-6034,Scientist,1/10/2024,2025-11-09,2024-10,features_attributes.csv
CUS_0x4cb5,Clarel,37,762-98-8448,Mechanic,1/10/2024,2025-11-09,2024-10,features_attributes.csv
CUS_0x4d12,Sarah Whitel,37,176-95-2803,_______,1/10/2024,2025-11-09,2024-10,features_attributes.csv
CUS_0x4d43,Reijik,48,#F%$D@*&8,Entrepreneur,1/10/2024,2025-11-09,2024-10,features_attributes.csv
CUS_0x4d9c,Grantl,29,059-80-7682,Manager,1/10/2024,2025-11-09,2024-10,features_attributes.csv
CUS_0x4dac,Jochelle Mendoncah,42,221-32-4172,Manager,1/10/2024,2025-11-09,2024-10,features_attributes.csv
CUS_0x4db9,Deepa Seetharamanz,19,641-29-5684,Accountant,1/10/2024,2025-11-09,2024-10,features_attributes.csv
CUS_0x4ddb,Dmitry Zhdannikovc,53,#F%$D@*&8,Architect,1/10/2024,2025-11-09,2024-10,features_attributes.csv
CUS_0x4e1f,Jonathanf,21,611-79-9351,_______,1/10/2024,2025-11-09,2024-10,features_attributes.csv
CUS_0x4e52,lew,38,983-62-4894,Lawyer,1/10/2024,2025-11-09,2024-10,features_attributes.csv
CUS_0x4e9c,Jonasp,29,049-89-7426,Musician,1/10/2024,2025-11-09,2024-10,features_attributes.csv
CUS_0x4f0d,Christiew,31,462-09-7916,Manager,1/10/2024,2025-11-09,2024-10,features_attributes.csv
CUS_0x4f28,Anthony Deutscht,3610,015-78-1852,Developer,1/10/2024,2025-11-09,2024-10,features_attributes.csv
CUS_0x4f32,Andjarsario,51,916-10-7140,Musician,1/10/2024,2025-11-09,2024-10,features_attributes.csv
CUS_0x4f92,Anjuli Daviesx,26,659-08-8401,_______,1/10/2024,2025-11-09,2024-10,features_attributes.csv
CUS_0x4ff7,Chatterjeem,15,366-35-7290,_______,1/10/2024,2025-11-09,2024-10,features_attributes.csv
CUS_0x505f,ernard Vaughang,42,687-21-4004,Manager,1/10/2024,2025-11-09,2024-10,features_attributes.csv
CUS_0x50fe,Leongs,43,721-27-1795,Architect,1/10/2024,2025-11-09,2024-10,features_attributes.csv
CUS_0x51e9,Ermany,28_,581-30-4988,Lawyer,1/10/2024,2025-11-09,2024-10,features_attributes.csv
CUS_0x52b6,Seetharamano,41,866-67-0663,Scientist,1/10/2024,2025-11-09,2024-10,features_attributes.csv
CUS_0x5300,Schnurri,20,857-13-4456,Musician,1/10/2024,2025-11-09,2024-10,features_attributes.csv
CUS_0x533c,Slatern,39,510-89-3050,Scientist,1/10/2024,2025-11-09,2024-10,features_attributes.csv
CUS_0x535a,Mari Saitot,50,359-11-2781,Manager,1/10/2024,2025-11-09,2024-10,features_attributes.csv
CUS_0x53aa,en Klaymanp,39,291-32-9772,Writer,1/10/2024,2025-11-09,2024-10,features_attributes.csv
CUS_0x540e,Oreskovicq,31,238-20-2884,Mechanic,1/10/2024,2025-11-09,2024-10,features_attributes.csv
CUS_0x554,arbarab,43,320-64-2724,Engineer,1/10/2024,2025-11-09,2024-10,features_attributes.csv
CUS_0x5548,Gerry Shihe,27,505-47-4262,Architect,1/10/2024,2025-11-09,2024-10,features_attributes.csv
CUS_0x5591,Peter Hendersonk,35,191-72-1156,Media_Manager,1/10/2024,2025-11-09,2024-10,features_attributes.csv
CUS_0x559e,Izumiu,29,588-53-0534,Engineer,1/10/2024,2025-11-09,2024-10,features_attributes.csv
CUS_0x55b3,Zar,30,505-50-3068,Journalist,1/10/2024,2025-11-09,2024-10,features_attributes.csv
CUS_0x56ce,Mariust,49,337-32-2714,Writer,1/10/2024,2025-11-09,2024-10,features_attributes.csv
CUS_0x585b,Bakerm,35,104-57-7353,Manager,1/10/2024,2025-11-09,2024-10,features_attributes.csv
CUS_0x58d8,Grovera,16,600-58-1259,Journalist,1/10/2024,2025-11-09,2024-10,features_attributes.csv
CUS_0x591b,Jeff Masonb,49,061-35-8180,Manager,1/10/2024,2025-11-09,2024-10,features_attributes.csv
CUS_0x5993,Stephensonq,41,120-48-2348,Developer,1/10/2024,2025-11-09,2024-10,features_attributes.csv
CUS_0x5a6b,Charmiant,40,567-66-4662,Architect,1/10/2024,2025-11-09,2024-10,features_attributes.csv
CUS_0x5aa2,Badawym,29,121-25-0802,Entrepreneur,1/10/2024,2025-11-09,2024-10,features_attributes.csv
CUS_0x5b60,Yaol,43,433-01-0917,Writer,1/10/2024,2025-11-09,2024-10,features_attributes.csv
CUS_0x5b77,Marci,22,659-51-2259,Manager,1/10/2024,2025-11-09,2024-10,features_attributes.csv
CUS_0x5b80,Edward Taylorz,44,549-37-6666,Journalist,1/10/2024,2025-11-09,2024-10,features_attributes.csv
CUS_0x5b87,Janeman Latulu,31,871-60-8862,Scientist,1/10/2024,2025-11-09,2024-10,features_attributes.csv
CUS_0x5bd2,Stempelh,31,647-63-9696,Architect,1/10/2024,2025-11-09,2024-10,features_attributes.csv
CUS_0x5c7d,Sophie Sassardm,38,#F%$D@*&8,Developer,1/10/2024,2025-11-09,2024-10,features_attributes.csv
CUS_0x5d51,Greg Roumeliotiso,24,970-66-1276,Entrepreneur,1/10/2024,2025-11-09,2024-10,features_attributes.csv
CUS_0x5d7e,Huw Jonesc,16,670-18-2990,Musician,1/10/2024,2025-11-09,2024-10,features_attributes.csv
CUS_0x5ebd,Deepa Seetharamanm,24,883-40-7232,Doctor,1/10/2024,2025-11-09,2024-10,features_attributes.csv
CUS_0x5ede,N.o,28,881-30-7249,_______,1/10/2024,2025-11-09,2024-10,features_attributes.csv
CUS_0x5f28,Kazunoric,31,463-12-9842,Architect,1/10/2024,2025-11-09,2024-10,features_attributes.csv
CUS_0x6081,Poornima Guptay,46,424-83-6470,Mechanic,1/10/2024,2025-11-09,2024-10,features_attributes.csv
CUS_0x60c9,Kreijgern,34,975-94-2594,Manager,1/10/2024,2025-11-09,2024-10,features_attributes.csv
CUS_0x610a,Johnsonq,52,572-99-2496,Mechanic,1/10/2024,2025-11-09,2024-10,features_attributes.csv
CUS_0x6228,Kellya,36,951-96-0569,Doctor,1/10/2024,2025-11-09,2024-10,features_attributes.csv
CUS_0x625d,Eileen Houlihanh,46,656-18-8525,_______,1/10/2024,2025-11-09,2024-10,features_attributes.csv
CUS_0x626e,Natalia Zinetsd,52,728-24-1498,Entrepreneur,1/10/2024,2025-11-09,2024-10,features_attributes.csv
CUS_0x628d,Janb,25,173-51-3586,Engineer,1/10/2024,2025-11-09,2024-10,features_attributes.csv
CUS_0x62b7,Timz,45,055-47-7711,Musician,1/10/2024,2025-11-09,2024-10,features_attributes.csv
CUS_0x62d,Danl,44,245-17-7550,Developer,1/10/2024,2025-11-09,2024-10,features_attributes.csv
CUS_0x63af,Barkine,24,368-67-4929,Lawyer,1/10/2024,2025-11-09,2024-10,features_attributes.csv
CUS_0x63e0,Nicolap,2997,693-74-3562,Architect,1/10/2024,2025-11-09,2024-10,features_attributes.csv
CUS_0x6423,Nick Brownr,29,701-26-8627,Entrepreneur,1/10/2024,2025-11-09,2024-10,features_attributes.csv
CUS_0x652e,Lopezw,53,179-42-1358,Accountant,1/10/2024,2025-11-09,2024-10,features_attributes.csv
CUS_0x657f,Edwardsr,41,674-46-3199,Accountant,1/10/2024,2025-11-09,2024-10,features_attributes.csv
CUS_0x65e9,Chiangt,29,083-42-9959,Mechanic,1/10/2024,2025-11-09,2024-10,features_attributes.csv
CUS_0x660d,Guernigou Danielr,35,162-98-1418,Teacher,1/10/2024,2025-11-09,2024-10,features_attributes.csv
CUS_0x6632,Arunag,18_,958-93-2024,Journalist,1/10/2024,2025-11-09,2024-10,features_attributes.csv
CUS_0x669c,Sakari Suoninenb,19_,276-33-9286,Entrepreneur,1/10/2024,2025-11-09,2024-10,features_attributes.csv
CUS_0x669f,Daniel Flynnq,42,329-48-8705,Engineer,1/10/2024,2025-11-09,2024-10,features_attributes.csv
CUS_0x66e5,Jamesi,20,932-28-3481,Media_Manager,1/10/2024,2025-11-09,2024-10,features_attributes.csv
CUS_0x6732,alazsh,50,060-69-0738,Journalist,1/10/2024,2025-11-09,2024-10,features_attributes.csv
CUS_0x67e3,Frankela,45,357-37-6454,Architect,1/10/2024,2025-11-09,2024-10,features_attributes.csv
CUS_0x6818,Nick Brownh,27,817-44-1544,Journalist,1/10/2024,2025-11-09,2024-10,features_attributes.csv
CUS_0x691e,Wendellk,55,521-46-3587,Media_Manager,1/10/2024,2025-11-09,2024-10,features_attributes.csv
CUS_0x691f,Tom Milesc,15,633-68-4376,Musician,1/10/2024,2025-11-09,2024-10,features_attributes.csv
CUS_0x6975,Ernest Scheyderu,37,947-51-5706,Engineer,1/10/2024,2025-11-09,2024-10,features_attributes.csv
CUS_0x697a,Carolinek,24,508-44-2013,Mechanic,1/10/2024,2025-11-09,2024-10,features_attributes.csv
CUS_0x6a6f,LaCaprae,42,898-93-3892,Lawyer,1/10/2024,2025-11-09,2024-10,features_attributes.csv
CUS_0x6a73,Katya Wachtell,55,790-24-1252,Musician,1/10/2024,2025-11-09,2024-10,features_attributes.csv
CUS_0x6b2,Tetsushi Kajimotor,53,675-07-5555,Engineer,1/10/2024,2025-11-09,2024-10,features_attributes.csv
CUS_0x6ba,Richard Leongu,25,669-57-9425,Developer,1/10/2024,2025-11-09,2024-10,features_attributes.csv
CUS_0x6bc0,Stella Dawsonx,29,191-18-9591,Accountant,1/10/2024,2025-11-09,2024-10,features_attributes.csv
CUS_0x6c23,Pachymuthuh,28,684-18-9943,Engineer,1/10/2024,2025-11-09,2024-10,features_attributes.csv
CUS_0x6c2e,Dowsettk,47,558-25-1337,Mechanic,1/10/2024,2025-11-09,2024-10,features_attributes.csv
CUS_0x6c6d,Akinz,38,093-21-1258,Manager,1/10/2024,2025-11-09,2024-10,features_attributes.csv
CUS_0x6cc4,Carewc,43,070-13-3774,Mechanic,1/10/2024,2025-11-09,2024-10,features_attributes.csv
CUS_0x6ccb,Nickx,41,095-39-2430,Writer,1/10/2024,2025-11-09,2024-10,features_attributes.csv
CUS_0x6d54,Patrick Temple-Westv,26,433-84-2151,_______,1/10/2024,2025-11-09,2024-10,features_attributes.csv
CUS_0x6d8,Tom Halsu,27,997-08-4281,Journalist,1/10/2024,2025-11-09,2024-10,features_attributes.csv
CUS_0x6e8b,Alex Frewm,47,388-81-5443,Scientist,1/10/2024,2025-11-09,2024-10,features_attributes.csv
CUS_0x6e98,Flaki,25,096-42-8765,Accountant,1/10/2024,2025-11-09,2024-10,features_attributes.csv
CUS_0x6f1b,Yanh,39,155-11-7973,Scientist,1/10/2024,2025-11-09,2024-10,features_attributes.csv
CUS_0x6f2a,Kanekov,36,268-16-4575,Journalist,1/10/2024,2025-11-09,2024-10,features_attributes.csv
CUS_0x6f65,Dougg,34,822-04-9375,Teacher,1/10/2024,2025-11-09,2024-10,features_attributes.csv
CUS_0x6f71,Brianr,34,445-60-2482,Lawyer,1/10/2024,2025-11-09,2024-10,features_attributes.csv
CUS_0x711b,Leahy,48,805-81-7847,Accountant,1/10/2024,2025-11-09,2024-10,features_attributes.csv
CUS_0x7127,Mollenkampj,44,#F%$D@*&8,Writer,1/10/2024,2025-11-09,2024-10,features_attributes.csv
CUS_0x7145,Grantn,27,640-19-4763,Media_Manager,1/10/2024,2025-11-09,2024-10,features_attributes.csv
CUS_0x716,Greg Roumeliotisv,44,356-20-4069,Lawyer,1/10/2024,2025-11-09,2024-10,features_attributes.csv
CUS_0x716d,enm,54,226-32-8949,Musician,1/10/2024,2025-11-09,2024-10,features_attributes.csv
CUS_0x7180,Lorraine Turneru,21,729-89-1122,Accountant,1/10/2024,2025-11-09,2024-10,features_attributes.csv
CUS_0x7189,Ryand,20,889-45-9570,Media_Manager,1/10/2024,2025-11-09,2024-10,features_attributes.csv
CUS_0x720e,Andye,27,807-95-6893,Entrepreneur,1/10/2024,2025-11-09,2024-10,features_attributes.csv
CUS_0x7264,Estelle Shirbonr,44,452-90-1470,Engineer,1/10/2024,2025-11-09,2024-10,features_attributes.csv
CUS_0x7269,Qingl,19,600-08-5407,Lawyer,1/10/2024,2025-11-09,2024-10,features_attributes.csv
CUS_0x7279,Blamonts,45,891-67-3760,Entrepreneur,1/10/2024,2025-11-09,2024-10,features_attributes.csv
CUS_0x7347,Juliaq,43,611-53-0923,Teacher,1/10/2024,2025-11-09,2024-10,features_attributes.csv
CUS_0x735c,Sarahu,42,#F%$D@*&8,Lawyer,1/10/2024,2025-11-09,2024-10,features_attributes.csv
CUS_0x73c2,Bartuneks,6556_,145-67-6657,Mechanic,1/10/2024,2025-11-09,2024-10,features_attributes.csv
CUS_0x73d5,Jamesc,21,282-90-3051,Journalist,1/10/2024,2025-11-09,2024-10,features_attributes.csv
CUS_0x7423,Nate Raymondn,52,866-11-3352,Musician,1/10/2024,2025-11-09,2024-10,features_attributes.csv
CUS_0x7443,Emmotte,20,120-25-8979,Musician,1/10/2024,2025-11-09,2024-10,features_attributes.csv
CUS_0x74f9,Thomass,24_,739-35-4103,Mechanic,1/10/2024,2025-11-09,2024-10,features_attributes.csv
CUS_0x751c,Jessican,19,220-63-1416,Accountant,1/10/2024,2025-11-09,2024-10,features_attributes.csv
CUS_0x752b,Nick Browni,25,863-32-1538,Accountant,1/10/2024,2025-11-09,2024-10,features_attributes.csv
CUS_0x753f,Lee Lucym,56,359-26-2390,Entrepreneur,1/10/2024,2025-11-09,2024-10,features_attributes.csv
CUS_0x767f,Whited,31,306-61-2861,Architect,1/10/2024,2025-11-09,2024-10,features_attributes.csv
CUS_0x76ed,en Berkowitzm,46,776-21-6006,Mechanic,1/10/2024,2025-11-09,2024-10,features_attributes.csv
CUS_0x7749,inig,45,999-79-9012,Lawyer,1/10/2024,2025-11-09,2024-10,features_attributes.csv
CUS_0x77c,Silviag,37,074-98-8131,Mechanic,1/10/2024,2025-11-09,2024-10,features_attributes.csv
CUS_0x77fe,David Adamsa,19,158-34-8392,Entrepreneur,1/10/2024,2025-11-09,2024-10,features_attributes.csv
CUS_0x788a,Lasha,52,168-85-5169,Teacher,1/10/2024,2025-11-09,2024-10,features_attributes.csv
CUS_0x788b,Ben Klaymane,19_,276-42-6585,Musician,1/10/2024,2025-11-09,2024-10,features_attributes.csv
CUS_0x7928,Rs,40,984-81-3172,Media_Manager,1/10/2024,2025-11-09,2024-10,features_attributes.csv
CUS_0x79bd,Flitterk,33,419-74-7436,Accountant,1/10/2024,2025-11-09,2024-10,features_attributes.csv
CUS_0x79ce,Tom Halsz,39,957-10-9944,Developer,1/10/2024,2025-11-09,2024-10,features_attributes.csv
CUS_0x79ef,Alina Selyukhe,38,288-80-7664,Manager,1/10/2024,2025-11-09,2024-10,features_attributes.csv
CUS_0x7a4a,ita Bosex,19,012-49-4059,Architect,1/10/2024,2025-11-09,2024-10,features_attributes.csv
CUS_0x7b0,Clara Ferreira-Marquesr,27,992-16-3962,Scientist,1/10/2024,2025-11-09,2024-10,features_attributes.csv
CUS_0x7b2c,Langee,25,805-29-2042,Manager,1/10/2024,2025-11-09,2024-10,features_attributes.csv
CUS_0x7be,Denny Thomasw,36,706-58-3472,Teacher,1/10/2024,2025-11-09,2024-10,features_attributes.csv
CUS_0x7c47,David Adamsm,21,443-64-5382,Developer,1/10/2024,2025-11-09,2024-10,features_attributes.csv
CUS_0x7c73,Foo Yuno,42,737-28-4078,Architect,1/10/2024,2025-11-09,2024-10,features_attributes.csv
CUS_0x7ccf,Thomasi,15,365-87-0558,Media_Manager,1/10/2024,2025-11-09,2024-10,features_attributes.csv
CUS_0x7d0a,Timo,40,017-46-9829,Architect,1/10/2024,2025-11-09,2024-10,features_attributes.csv
CUS_0x7dec,Ryanc,19,871-76-8159,Journalist,1/10/2024,2025-11-09,2024-10,features_attributes.csv
CUS_0x7df9,Wheatleyh,38,546-95-1373,Musician,1/10/2024,2025-11-09,2024-10,features_attributes.csv
CUS_0x7e94,Costas Pitasw,32,446-63-0451,Engineer,1/10/2024,2025-11-09,2024-10,features_attributes.csv
CUS_0x80ed,Protarde,25,#F%$D@*&8,Teacher,1/10/2024,2025-11-09,2024-10,features_attributes.csv
CUS_0x8176,Deepas,15,869-30-8189,Accountant,1/10/2024,2025-11-09,2024-10,features_attributes.csv
CUS_0x82b3,Anna Yukhananovy,53,#F%$D@*&8,Accountant,1/10/2024,2025-11-09,2024-10,features_attributes.csv
CUS_0x8337,Nick Tatev,50,018-34-8385,Engineer,1/10/2024,2025-11-09,2024-10,features_attributes.csv
CUS_0x843e,Kreijgerz,54,654-01-6120,Writer,1/10/2024,2025-11-09,2024-10,features_attributes.csv
CUS_0x8563,Melc,18,762-82-6147,Teacher,1/10/2024,2025-11-09,2024-10,features_attributes.csv
CUS_0x85b2,Groverp,38,135-32-7932,Journalist,1/10/2024,2025-11-09,2024-10,features_attributes.csv
CUS_0x860,Spicern,17,801-07-1693,Manager,1/10/2024,2025-11-09,2024-10,features_attributes.csv
CUS_0x8603,David Millikenj,20,464-87-3935,Manager,1/10/2024,2025-11-09,2024-10,features_attributes.csv
CUS_0x864,Emmottf,30,610-69-9615,Teacher,1/10/2024,2025-11-09,2024-10,features_attributes.csv
CUS_0x8697,Patrick Temple-Westm,23_,427-61-8430,Teacher,1/10/2024,2025-11-09,2024-10,features_attributes.csv
CUS_0x86ab,Lim,55,498-78-4795,Mechanic,1/10/2024,2025-11-09,2024-10,features_attributes.csv
CUS_0x87a3,Miyoung Kimt,31,980-07-6877,Manager,1/10/2024,2025-11-09,2024-10,features_attributes.csv
CUS_0x87c5,Jonathan Cableo,40,362-65-9938,Doctor,1/10/2024,2025-11-09,2024-10,features_attributes.csv
CUS_0x87d0,Yeretht,18,018-45-3826,Doctor,1/10/2024,2025-11-09,2024-10,features_attributes.csv
CUS_0x87df,Vidyas,29,876-74-5642,Media_Manager,1/10/2024,2025-11-09,2024-10,features_attributes.csv
CUS_0x883b,Jessica Wohlg,44,436-25-6139,Mechanic,1/10/2024,2025-11-09,2024-10,features_attributes.csv
CUS_0x885,Jessica Wohls,32,830-83-6678,Journalist,1/10/2024,2025-11-09,2024-10,features_attributes.csv
CUS_0x88f2,Himank Sharmag,27,460-29-2746,Media_Manager,1/10/2024,2025-11-09,2024-10,features_attributes.csv
CUS_0x8988,ethi,32,599-51-7510,Writer,1/10/2024,2025-11-09,2024-10,features_attributes.csv
CUS_0x899,Klaymanm,18,797-96-0406,Journalist,1/10/2024,2025-11-09,2024-10,features_attributes.csv
CUS_0x8b2d,en Klaymana,19,#F%$D@*&8,Journalist,1/10/2024,2025-11-09,2024-10,features_attributes.csv
CUS_0x8b85,Jessicak,47,927-54-7427,Entrepreneur,1/10/2024,2025-11-09,2024-10,features_attributes.csv
CUS_0x8bb5,Jason Langei,23,531-59-5314,Journalist,1/10/2024,2025-11-09,2024-10,features_attributes.csv
CUS_0x8c9c,Atossal,44,863-98-6928,Accountant,1/10/2024,2025-11-09,2024-10,features_attributes.csv
CUS_0x8ccd,Tomz,45,514-58-5414,_______,1/10/2024,2025-11-09,2024-10,features_attributes.csv
CUS_0x8d39,Timothys,41,801-53-9308,Teacher,1/10/2024,2025-11-09,2024-10,features_attributes.csv
CUS_0x8d45,Terril Yued,38,239-07-9719,Mechanic,1/10/2024,2025-11-09,2024-10,features_attributes.csv
CUS_0x8d6b,Huwk,43,275-55-2149,Scientist,1/10/2024,2025-11-09,2024-10,features_attributes.csv
CUS_0x8e72,Freifeldz,49,767-92-0166,Lawyer,1/10/2024,2025-11-09,2024-10,features_attributes.csv
CUS_0x8f05,Krishnanp,15_,261-87-4617,Engineer,1/10/2024,2025-11-09,2024-10,features_attributes.csv
CUS_0x8ff5,Andreas,29,538-49-5240,Teacher,1/10/2024,2025-11-09,2024-10,features_attributes.csv
CUS_0x9000,Yaow,6506,844-17-9667,_______,1/10/2024,2025-11-09,2024-10,features_attributes.csv
CUS_0x9014,Grantu,19,561-30-9378,Engineer,1/10/2024,2025-11-09,2024-10,features_attributes.csv
CUS_0x9021,Franciscoi,25,133-36-7095,Journalist,1/10/2024,2025-11-09,2024-10,features_attributes.csv
CUS_0x9199,Alawadhiw,26,149-67-5279,Journalist,1/10/2024,2025-11-09,2024-10,features_attributes.csv
CUS_0x91b,Soyoung Kimy,32,128-22-7100,Developer,1/10/2024,2025-11-09,2024-10,features_attributes.csv
CUS_0x924,Rodrigop,26,409-92-8008,Mechanic,1/10/2024,2025-11-09,2024-10,features_attributes.csv
CUS_0x92a3,Schnurrg,38,754-00-4261,Engineer,1/10/2024,2025-11-09,2024-10,features_attributes.csv
CUS_0x92e3,Camposu,30,811-73-6476,Journalist,1/10/2024,2025-11-09,2024-10,features_attributes.csv
CUS_0x937d,Stephen Aldredv,28,385-63-1732,Journalist,1/10/2024,2025-11-09,2024-10,features_attributes.csv
CUS_0x9388,Oksana Kobzevaz,29,146-82-6777,Musician,1/10/2024,2025-11-09,2024-10,features_attributes.csv
CUS_0x93cd,Farahn,41,357-20-4131,Engineer,1/10/2024,2025-11-09,2024-10,features_attributes.csv
CUS_0x94b,Stevenp,15,140-03-1325,Journalist,1/10/2024,2025-11-09,2024-10,features_attributes.csv
CUS_0x9509,John Whitesidesr,15_,337-89-7502,Architect,1/10/2024,2025-11-09,2024-10,features_attributes.csv
CUS_0x9533,Sakariq,40,596-51-3326,Media_Manager,1/10/2024,2025-11-09,2024-10,features_attributes.csv
CUS_0x953c,Aruna Viswanathag,30,380-11-4962,Engineer,1/10/2024,2025-11-09,2024-10,features_attributes.csv
CUS_0x959b,LaCaprac,49_,262-60-9767,Architect,1/10/2024,2025-11-09,2024-10,features_attributes.csv
CUS_0x95cf,Lashw,25,685-36-3528,Writer,1/10/2024,2025-11-09,2024-10,features_attributes.csv
CUS_0x95d,Mike Peacockn,24,055-19-9599,Media_Manager,1/10/2024,2025-11-09,2024-10,features_attributes.csv
CUS_0x95d4,Chrisn,54,957-80-4516,Entrepreneur,1/10/2024,2025-11-09,2024-10,features_attributes.csv
CUS_0x9673,Alexeiz,25,713-38-9516,Architect,1/10/2024,2025-11-09,2024-10,features_attributes.csv
CUS_0x96bc,Kylie MacLellant,35,936-79-7779,Musician,1/10/2024,2025-11-09,2024-10,features_attributes.csv
CUS_0x972a,Kajimotou,33,297-34-8639,Entrepreneur,1/10/2024,2025-11-09,2024-10,features_attributes.csv
CUS_0x9776,Carolinex,41,703-80-5465,Manager,1/10/2024,2025-11-09,2024-10,features_attributes.csv
CUS_0x979f,Jenniferi,22,435-19-5149,Media_Manager,1/10/2024,2025-11-09,2024-10,features_attributes.csv
CUS_0x9836,N.k,26,079-48-0859,Scientist,1/10/2024,2025-11-09,2024-10,features_attributes.csv
CUS_0x98f9,da Costaa,34,704-68-7178,Entrepreneur,1/10/2024,2025-11-09,2024-10,features_attributes.csv
CUS_0x992c,Gellery,36,755-10-0575,Architect,1/10/2024,2025-11-09,2024-10,features_attributes.csv
CUS_0x9972,Sujata Raoa,22,429-32-6803,Entrepreneur,1/10/2024,2025-11-09,2024-10,features_attributes.csv
CUS_0x997e,Leigh Thomasr,40,491-56-9204,Accountant,1/10/2024,2025-11-09,2024-10,features_attributes.csv
CUS_0x99ae,Ingramh,45,207-98-9735,_______,1/10/2024,2025-11-09,2024-10,features_attributes.csv
CUS_0x99e5,Mari Saitod,29,146-62-6806,Manager,1/10/2024,2025-11-09,2024-10,features_attributes.csv
CUS_0x9ae0,Matt Scuffhamk,26,527-72-6430,Doctor,1/10/2024,2025-11-09,2024-10,features_attributes.csv
CUS_0x9bd1,Noriyuki Hiratay,24,304-90-3014,Doctor,1/10/2024,2025-11-09,2024-10,features_attributes.csv
CUS_0x9bd6,Alisong,15,617-54-3571,Teacher,1/10/2024,2025-11-09,2024-10,features_attributes.csv
CUS_0x9bf5,Schnurry,27,781-77-4633,Manager,1/10/2024,2025-11-09,2024-10,features_attributes.csv
CUS_0x9c0,Kevin Yaot,50,435-27-9315,Writer,1/10/2024,2025-11-09,2024-10,features_attributes.csv
CUS_0x9c7f,Emily Stephensond,43,207-33-7022,Musician,1/10/2024,2025-11-09,2024-10,features_attributes.csv
CUS_0x9c96,Sineadg,17,980-77-1350,Teacher,1/10/2024,2025-11-09,2024-10,features_attributes.csv
CUS_0x9c98,Willb,35,575-65-4411,Journalist,1/10/2024,2025-11-09,2024-10,features_attributes.csv
CUS_0x9cec,Scott Haggettt,31,766-16-0803,Musician,1/10/2024,2025-11-09,2024-10,features_attributes.csv
CUS_0x9d23,Alistairw,35,670-67-9282,Engineer,1/10/2024,2025-11-09,2024-10,features_attributes.csv
CUS_0x9d3e,Rodrigo Camposw,41,527-86-3924,Accountant,1/10/2024,2025-11-09,2024-10,features_attributes.csv
CUS_0x9d4c,Sineadf,29,548-47-7441,_______,1/10/2024,2025-11-09,2024-10,features_attributes.csv
CUS_0x9d7,Zahariap,25,239-32-4942,Journalist,1/10/2024,2025-11-09,2024-10,features_attributes.csv
CUS_0x9dd5,"ODonnell\"y",39,802-37-0612,Entrepreneur,1/10/2024,2025-11-09,2024-10,features_attributes.csv
CUS_0x9e28,Vaughanq,43,#F%$D@*&8,_______,1/10/2024,2025-11-09,2024-10,features_attributes.csv
CUS_0x9f1a,Yamaguchig,23,211-56-2000,_______,1/10/2024,2025-11-09,2024-10,features_attributes.csv
CUS_0x9f63,Kirschbaumy,54,350-61-4067,Lawyer,1/10/2024,2025-11-09,2024-10,features_attributes.csv
CUS_0xa00a,Sarah McBridex,18,221-91-6056,Writer,1/10/2024,2025-11-09,2024-10,features_attributes.csv
CUS_0xa1c3,Helenp,44,822-25-5726,Manager,1/10/2024,2025-11-09,2024-10,features_attributes.csv
CUS_0xa23d,Laurencek,44,458-00-2343,Developer,1/10/2024,2025-11-09,2024-10,features_attributes.csv
CUS_0xa2a8,Neilf,31,586-33-6787,Doctor,1/10/2024,2025-11-09,2024-10,features_attributes.csv
CUS_0xa2cd,Matt Dailyf,33,670-07-0195,Musician,1/10/2024,2025-11-09,2024-10,features_attributes.csv
CUS_0xa37f,Danielz,41,189-57-2479,Developer,1/10/2024,2025-11-09,2024-10,features_attributes.csv
CUS_0xa387,Mikolajczaku,27,959-82-5575,Writer,1/10/2024,2025-11-09,2024-10,features_attributes.csv
CUS_0xa414,Seetharamans,22_,545-94-2096,Journalist,1/10/2024,2025-11-09,2024-10,features_attributes.csv
CUS_0xa548,Costa Alisterq,16_,064-39-6784,Mechanic,1/10/2024,2025-11-09,2024-10,features_attributes.csv
CUS_0xa54e,Aubinj,20,436-91-6957,Engineer,1/10/2024,2025-11-09,2024-10,features_attributes.csv
CUS_0xa5b4,Feastp,55,374-96-8477,Scientist,1/10/2024,2025-11-09,2024-10,features_attributes.csv
CUS_0xa651,Giuseppe Fontel,27,722-69-2109,Developer,1/10/2024,2025-11-09,2024-10,features_attributes.csv
CUS_0xa677,Stanley Whitef,50,256-86-1956,_______,1/10/2024,2025-11-09,2024-10,features_attributes.csv
CUS_0xa74e,Tim Reidz,30,108-21-3481,Lawyer,1/10/2024,2025-11-09,2024-10,features_attributes.csv
CUS_0xa756,Peacocke,40,360-64-9577,Musician,1/10/2024,2025-11-09,2024-10,features_attributes.csv
CUS_0xa789,Toyerr,18,058-06-1493,Media_Manager,1/10/2024,2025-11-09,2024-10,features_attributes.csv
CUS_0xa7b8,rian Rohanv,42,915-93-5464,Entrepreneur,1/10/2024,2025-11-09,2024-10,features_attributes.csv
CUS_0xa849,Gerryn,27,639-16-1766,Media_Manager,1/10/2024,2025-11-09,2024-10,features_attributes.csv
CUS_0xa862,Sam Forgionef,28,452-26-8614,Developer,1/10/2024,2025-11-09,2024-10,features_attributes.csv
CUS_0xa90a,Andreas,35,584-75-6404,Mechanic,1/10/2024,2025-11-09,2024-10,features_attributes.csv
CUS_0xaa0b,Polansekh,26,160-86-7194,Accountant,1/10/2024,2025-11-09,2024-10,features_attributes.csv
CUS_0xaa27,Stellad,43,688-44-0329,Journalist,1/10/2024,2025-11-09,2024-10,features_attributes.csv
CUS_0xaa66,Freifelds,32,841-06-2917,Architect,1/10/2024,2025-11-09,2024-10,features_attributes.csv
CUS_0xab2b,Richard Leongp,35,559-25-3277,Entrepreneur,1/10/2024,2025-11-09,2024-10,features_attributes.csv
CUS_0xab65,Tim Kellym,18,514-55-7653,Accountant,1/10/2024,2025-11-09,2024-10,features_attributes.csv
CUS_0xac23,Mark Johnf,26,738-28-1028,Accountant,1/10/2024,2025-11-09,2024-10,features_attributes.csv
CUS_0xad1f,Swatik,1149,922-54-1284,Lawyer,1/10/2024,2025-11-09,2024-10,features_attributes.csv
CUS_0xadbe,Tomaszw,36,616-05-6626,Manager,1/10/2024,2025-11-09,2024-10,features_attributes.csv
CUS_0xadf2,Fayeny,24,098-99-7773,Architect,1/10/2024,2025-11-09,2024-10,features_attributes.csv
CUS_0xaee3,renton Cordeiror,28,568-87-8837,Musician,1/10/2024,2025-11-09,2024-10,features_attributes.csv
CUS_0xaf47,Mariusa,29,078-24-5894,Accountant,1/10/2024,2025-11-09,2024-10,features_attributes.csv
CUS_0xaf78,Lauren Taraf,25,037-62-3280,Journalist,1/10/2024,2025-11-09,2024-10,features_attributes.csv
CUS_0xb019,Steve Slatery,48,328-52-8554,Entrepreneur,1/10/2024,2025-11-09,2024-10,features_attributes.csv
CUS_0xb033,Raji Menons,16,425-35-6996,Scientist,1/10/2024,2025-11-09,2024-10,features_attributes.csv
CUS_0xb0b7,Langif,32,597-34-5694,Architect,1/10/2024,2025-11-09,2024-10,features_attributes.csv
CUS_0xb0c9,Dianel,35,095-06-9651,Developer,1/10/2024,2025-11-09,2024-10,features_attributes.csv
CUS_0xb0f6,Herbertc,33,124-49-2598,Doctor,1/10/2024,2025-11-09,2024-10,features_attributes.csv
CUS_0xb209,Katyav,30,547-23-1873,Musician,1/10/2024,2025-11-09,2024-10,features_attributes.csv
CUS_0xb32e,Bakers,32,645-78-2989,Developer,1/10/2024,2025-11-09,2024-10,features_attributes.csv
CUS_0xb3e,Falloonl,40,615-28-5029,Musician,1/10/2024,2025-11-09,2024-10,features_attributes.csv
CUS_0xb453,Elzio Barretoc,36,002-04-1319,Doctor,1/10/2024,2025-11-09,2024-10,features_attributes.csv
CUS_0xb50f,Blenkinsopd,43,319-70-2154,Engineer,1/10/2024,2025-11-09,2024-10,features_attributes.csv
CUS_0xb515,Annag,21,534-57-1077,Accountant,1/10/2024,2025-11-09,2024-10,features_attributes.csv
CUS_0xb5c3,Chucky,29,197-53-4663,_______,1/10/2024,2025-11-09,2024-10,features_attributes.csv
CUS_0xb5fd,Gellerx,39,178-59-4165,Architect,1/10/2024,2025-11-09,2024-10,features_attributes.csv
CUS_0xb653,Shalal-Esam,42_,447-22-1289,Writer,1/10/2024,2025-11-09,2024-10,features_attributes.csv
CUS_0xb6ae,Janowskix,34,587-82-9256,Journalist,1/10/2024,2025-11-09,2024-10,features_attributes.csv
CUS_0xb741,Lynche,38,689-14-0832,Developer,1/10/2024,2025-11-09,2024-10,features_attributes.csv
CUS_0xb7b3,Stempelb,17,809-15-0659,Mechanic,1/10/2024,2025-11-09,2024-10,features_attributes.csv
CUS_0xb8d5,Clare Jimd,48,276-46-7680,Architect,1/10/2024,2025-11-09,2024-10,features_attributes.csv
CUS_0xb907,Maria Sheahany,7371,193-12-4981,Journalist,1/10/2024,2025-11-09,2024-10,features_attributes.csv
CUS_0xb913,McCrankg,17,967-01-9201,Media_Manager,1/10/2024,2025-11-09,2024-10,features_attributes.csv
CUS_0xba8a,Joan Grallat,43,665-95-2418,Media_Manager,1/10/2024,2025-11-09,2024-10,features_attributes.csv
CUS_0xbb04,Terrym,42,580-11-8949,Doctor,1/10/2024,2025-11-09,2024-10,features_attributes.csv
CUS_0xbb25,Mordanti,44,922-22-3171,Writer,1/10/2024,2025-11-09,2024-10,features_attributes.csv
CUS_0xbb4a,Klaymanx,38,245-68-4355,Architect,1/10/2024,2025-11-09,2024-10,features_attributes.csv
CUS_0xbba7,Saraht,23,795-84-0084,Manager,1/10/2024,2025-11-09,2024-10,features_attributes.csv
CUS_0xbc67,Robertm,28,888-76-7145,Scientist,1/10/2024,2025-11-09,2024-10,features_attributes.csv
CUS_0xbcbe,Kirstin Ridleyx,47,152-41-0084,Lawyer,1/10/2024,2025-11-09,2024-10,features_attributes.csv
CUS_0xbded,Martony,28,682-05-4804,Journalist,1/10/2024,2025-11-09,2024-10,features_attributes.csv
CUS_0xbf6b,Lauren Taraf,33,948-73-3405,Lawyer,1/10/2024,2025-11-09,2024-10,features_attributes.csv
CUS_0xbf99,Douglask,38,744-68-1419,Media_Manager,1/10/2024,2025-11-09,2024-10,features_attributes.csv
CUS_0xc03a,Edward Krudyh,44,932-28-9901,Manager,1/10/2024,2025-11-09,2024-10,features_attributes.csv
CUS_0xc064,Vagnoniw,47,410-04-2124,Writer,1/10/2024,2025-11-09,2024-10,features_attributes.csv
CUS_0xc1b6,Kerbert,41,191-90-7135,Teacher,1/10/2024,2025-11-09,2024-10,features_attributes.csv
CUS_0xc3f1,David Ljunggrenx,19,169-02-0611,Media_Manager,1/10/2024,2025-11-09,2024-10,features_attributes.csv
CUS_0xc4bd,Sinead Cruisem,31,740-66-1214,Accountant,1/10/2024,2025-11-09,2024-10,features_attributes.csv
CUS_0xc566,Chris Reesen,5018,703-64-8535,Teacher,1/10/2024,2025-11-09,2024-10,features_attributes.csv
CUS_0xc60a,Suzanne Barlynt,26,451-63-9436,_______,1/10/2024,2025-11-09,2024-10,features_attributes.csv
CUS_0xc629,Taraa,18,774-80-0114,Scientist,1/10/2024,2025-11-09,2024-10,features_attributes.csv
CUS_0xc70b,Phili,38,941-16-2592,Musician,1/10/2024,2025-11-09,2024-10,features_attributes.csv
CUS_0xc718,Michael Sinl,39,870-81-1433,Engineer,1/10/2024,2025-11-09,2024-10,features_attributes.csv
CUS_0xc723,Soyoung Kimt,32,305-49-2524,Mechanic,1/10/2024,2025-11-09,2024-10,features_attributes.csv
CUS_0xc734,Koh Guia,38,946-82-3382,Media_Manager,1/10/2024,2025-11-09,2024-10,features_attributes.csv
CUS_0xcc4,Luke Bakerq,37,794-41-6711,Engineer,1/10/2024,2025-11-09,2024-10,features_attributes.csv
CUS_0xd07,Blenkinsoph,24,958-58-8885,Teacher,1/10/2024,2025-11-09,2024-10,features_attributes.csv
CUS_0xd29,Bakerb,22,881-90-2681,Media_Manager,1/10/2024,2025-11-09,2024-10,features_attributes.csv
CUS_0xd50,Hudsonz,41,943-43-6814,Entrepreneur,1/10/2024,2025-11-09,2024-10,features_attributes.csv
CUS_0xde4,Deepah,30,733-85-7446,Architect,1/10/2024,2025-11-09,2024-10,features_attributes.csv
CUS_0xe16,Camposv,18,490-40-5564,Writer,1/10/2024,2025-11-09,2024-10,features_attributes.csv
CUS_0xe7a,Richard Cowang,32,909-77-3458,Lawyer,1/10/2024,2025-11-09,2024-10,features_attributes.csv
CUS_0xff6,Shieldsb,19,541-92-8371,Doctor,1/10/2024,2025-11-09,2024-10,features_attributes.csv
