Customer_ID,Name,Age,SSN,Occupation,snapshot_date,ingest_dt,snap_ym,source_file
CUS_0x1011,Schneyerh,44,793-05-8223,Doctor,1/11/2023,2025-11-09,2023-11,features_attributes.csv
CUS_0x1018,Felsenthalq,15,731-19-8119,Accountant,1/11/2023,2025-11-09,2023-11,features_attributes.csv
CUS_0x1041,Jonathan Stempela,15,675-80-2033,Teacher,1/11/2023,2025-11-09,2023-11,features_attributes.csv
CUS_0x105b,Patricia Zengerlel,24,#F%$D@*&8,Accountant,1/11/2023,2025-11-09,2023-11,features_attributes.csv
CUS_0x107c,Karenh,15,712-17-7369,Journalist,1/11/2023,2025-11-09,2023-11,features_attributes.csv
CUS_0x1107,Felsenthalv,31,118-70-6277,Writer,1/11/2023,2025-11-09,2023-11,features_attributes.csv
CUS_0x117f,Kevinj,51,082-69-3410,Scientist,1/11/2023,2025-11-09,2023-11,features_attributes.csv
CUS_0x11a4,Caroline Humerc,44,000-40-3312,Manager,1/11/2023,2025-11-09,2023-11,features_attributes.csv
CUS_0x123d,James Reganl,31,736-67-4134,Architect,1/11/2023,2025-11-09,2023-11,features_attributes.csv
CUS_0x1281,ernardop,18,728-18-4971,Writer,1/11/2023,2025-11-09,2023-11,features_attributes.csv
CUS_0x12fa,Kathrinw,46,966-60-1936,Manager,1/11/2023,2025-11-09,2023-11,features_attributes.csv
CUS_0x1358,Narayanan Somasundaramg,18,967-90-7262,Teacher,1/11/2023,2025-11-09,2023-11,features_attributes.csv
CUS_0x1367,Caroline Valetkevitchi,45,434-08-1310,Engineer,1/11/2023,2025-11-09,2023-11,features_attributes.csv
CUS_0x13b2,Horowitze,27,404-97-1261,Musician,1/11/2023,2025-11-09,2023-11,features_attributes.csv
CUS_0x13bc,Rie Ishiguroi,23,934-82-6083,Engineer,1/11/2023,2025-11-09,2023-11,features_attributes.csv
CUS_0x1416,Valentinaz,20,036-32-2011,Accountant,1/11/2023,2025-11-09,2023-11,features_attributes.csv
CUS_0x14c1,Denny Thomasz,37,695-59-2005,Media_Manager,1/11/2023,2025-11-09,2023-11,features_attributes.csv
CUS_0x14ea,Tom Polanseks,42,298-76-0431,Teacher,1/11/2023,2025-11-09,2023-11,features_attributes.csv
CUS_0x159f,Millikenw,34,554-38-9690,Engineer,1/11/2023,2025-11-09,2023-11,features_attributes.csv
CUS_0x1604,Sam Forgioneb,43_,078-26-7485,Developer,1/11/2023,2025-11-09,2023-11,features_attributes.csv
CUS_0x1807,Carstenc,55,967-06-5986,Manager,1/11/2023,2025-11-09,2023-11,features_attributes.csv
CUS_0x181c,Johnb,20,255-78-5791,Manager,1/11/2023,2025-11-09,2023-11,features_attributes.csv
CUS_0x18ea,Jasond,28,411-59-6345,Musician,1/11/2023,2025-11-09,2023-11,features_attributes.csv
CUS_0x18fa,Wachteln,55,177-06-9070,Journalist,1/11/2023,2025-11-09,2023-11,features_attributes.csv
CUS_0x19de,Sudipi,34,162-12-7993,Lawyer,1/11/2023,2025-11-09,2023-11,features_attributes.csv
CUS_0x1ab7,Adrianu,34,528-43-8765,Lawyer,1/11/2023,2025-11-09,2023-11,features_attributes.csv
CUS_0x1ab8,Chuckh,23,777-84-6423,Doctor,1/11/2023,2025-11-09,2023-11,features_attributes.csv
CUS_0x1afd,Katya Golubkovay,35,662-00-3287,Teacher,1/11/2023,2025-11-09,2023-11,features_attributes.csv
CUS_0x1c40,Giannonet,35,602-19-3236,Accountant,1/11/2023,2025-11-09,2023-11,features_attributes.csv
CUS_0x1c65,Kubotay,24,238-12-2167,Media_Manager,1/11/2023,2025-11-09,2023-11,features_attributes.csv
CUS_0x1c96,Ryan Vlastelicaw,53,725-99-5987,_______,1/11/2023,2025-11-09,2023-11,features_attributes.csv
CUS_0x1d72,Jedx,18,034-71-6292,Mechanic,1/11/2023,2025-11-09,2023-11,features_attributes.csv
CUS_0x1d8f,Katyay,27,977-87-4804,Teacher,1/11/2023,2025-11-09,2023-11,features_attributes.csv
CUS_0x1ed8,McCoolf,20,819-43-0968,Media_Manager,1/11/2023,2025-11-09,2023-11,features_attributes.csv
CUS_0x1f1a,Marcin Goettigj,39,189-83-4148,Media_Manager,1/11/2023,2025-11-09,2023-11,features_attributes.csv
CUS_0x1f36,Ingramj,26,263-16-8350,Scientist,1/11/2023,2025-11-09,2023-11,features_attributes.csv
CUS_0x1f9b,Tommy Wilkesb,23,#F%$D@*&8,Entrepreneur,1/11/2023,2025-11-09,2023-11,features_attributes.csv
CUS_0x1fb0,Ingridt,46,746-29-2596,Engineer,1/11/2023,2025-11-09,2023-11,features_attributes.csv
CUS_0x1fb5,Cruiseu,39,474-15-7091,Scientist,1/11/2023,2025-11-09,2023-11,features_attributes.csv
CUS_0x1fef,Cruiseb,21,#F%$D@*&8,Journalist,1/11/2023,2025-11-09,2023-11,features_attributes.csv
CUS_0x202e,Nanette Byrnesg,25,718-69-3114,Teacher,1/11/2023,2025-11-09,2023-11,features_attributes.csv
CUS_0x205f,er Davids,19,914-68-1323,Architect,1/11/2023,2025-11-09,2023-11,features_attributes.csv
CUS_0x20a6,Jason Langeb,42,011-41-0287,Media_Manager,1/11/2023,2025-11-09,2023-11,features_attributes.csv
CUS_0x20ba,Chang-Ranm,41,595-90-1107,Manager,1/11/2023,2025-11-09,2023-11,features_attributes.csv
CUS_0x2206,Sebastian Moffettw,-500,176-45-5890,Architect,1/11/2023,2025-11-09,2023-11,features_attributes.csv
CUS_0x229d,Chuckf,16_,131-92-1105,Mechanic,1/11/2023,2025-11-09,2023-11,features_attributes.csv
CUS_0x22be,arbara Lewish,47,552-02-3722,Accountant,1/11/2023,2025-11-09,2023-11,features_attributes.csv
CUS_0x22bf,Herbert Lashh,25,682-14-2267,_______,1/11/2023,2025-11-09,2023-11,features_attributes.csv
CUS_0x2599,ra Alperp,25,118-17-4711,Accountant,1/11/2023,2025-11-09,2023-11,features_attributes.csv
CUS_0x264b,Dmitry Zhdannikovv,52,214-29-8583,Manager,1/11/2023,2025-11-09,2023-11,features_attributes.csv
CUS_0x2708,ernien,28_,287-44-5880,Scientist,1/11/2023,2025-11-09,2023-11,features_attributes.csv
CUS_0x2748,Euan Rochac,36,497-31-1000,Accountant,1/11/2023,2025-11-09,2023-11,features_attributes.csv
CUS_0x2800,ernieg,45,503-91-9302,Entrepreneur,1/11/2023,2025-11-09,2023-11,features_attributes.csv
CUS_0x2883,Stanley Whitex,17,354-08-5738,Journalist,1/11/2023,2025-11-09,2023-11,features_attributes.csv
CUS_0x2912,Paul Taylorq,26,517-78-6058,Doctor,1/11/2023,2025-11-09,2023-11,features_attributes.csv
CUS_0x2999,Palmerz,38,945-07-8144,Mechanic,1/11/2023,2025-11-09,2023-11,features_attributes.csv
CUS_0x2a05,"\"Michael OBoyle\"g",16,164-42-3473,Media_Manager,1/11/2023,2025-11-09,2023-11,features_attributes.csv
CUS_0x2a09,Matt Scuffhamn,40,271-31-5302,Architect,1/11/2023,2025-11-09,2023-11,features_attributes.csv
CUS_0x2a1b,ewich Noely,30,782-94-3133,Developer,1/11/2023,2025-11-09,2023-11,features_attributes.csv
CUS_0x2a4e,Atossa Araxiaa,54,897-53-0248,Doctor,1/11/2023,2025-11-09,2023-11,features_attributes.csv
CUS_0x2a52,Busvineg,47,039-02-7101,Developer,1/11/2023,2025-11-09,2023-11,features_attributes.csv
CUS_0x2b15,Christopherf,37,307-21-8840,_______,1/11/2023,2025-11-09,2023-11,features_attributes.csv
CUS_0x2b1a,Grafft,39,300-01-6032,Manager,1/11/2023,2025-11-09,2023-11,features_attributes.csv
CUS_0x2c06,Lisa Baertleinq,29,395-47-1287,_______,1/11/2023,2025-11-09,2023-11,features_attributes.csv
CUS_0x2c3e,Holly,33,803-62-3706,Lawyer,1/11/2023,2025-11-09,2023-11,features_attributes.csv
CUS_0x2ca6,Alicey,46,477-91-2380,Lawyer,1/11/2023,2025-11-09,2023-11,features_attributes.csv
CUS_0x2d17,Wangf,32,821-45-9270,Media_Manager,1/11/2023,2025-11-09,2023-11,features_attributes.csv
CUS_0x2d25,Maria Sheahanb,16,877-32-5574,Entrepreneur,1/11/2023,2025-11-09,2023-11,features_attributes.csv
CUS_0x2dbc,Langep,34,486-85-3974,Engineer,1/11/2023,2025-11-09,2023-11,features_attributes.csv
CUS_0x2e28,Dawsony,34,792-16-3996,Doctor,1/11/2023,2025-11-09,2023-11,features_attributes.csv
CUS_0x2e79,Cruisek,31,670-14-6375,Engineer,1/11/2023,2025-11-09,2023-11,features_attributes.csv
CUS_0x2ef3,Anno,50,741-45-4523,Mechanic,1/11/2023,2025-11-09,2023-11,features_attributes.csv
CUS_0x303b,Foo Yuns,52,482-28-5175,Journalist,1/11/2023,2025-11-09,2023-11,features_attributes.csv
CUS_0x30c8,Karolina Tagarisj,23,073-19-8370,Media_Manager,1/11/2023,2025-11-09,2023-11,features_attributes.csv
CUS_0x312c,Charlesd,15,650-51-5112,Architect,1/11/2023,2025-11-09,2023-11,features_attributes.csv
CUS_0x3149,Cowani,27,271-04-2423,_______,1/11/2023,2025-11-09,2023-11,features_attributes.csv
CUS_0x3188,Sullivanr,55,731-41-2167,_______,1/11/2023,2025-11-09,2023-11,features_attributes.csv
CUS_0x31e3,Kaustubh Kulkarnin,48,202-11-6489,_______,1/11/2023,2025-11-09,2023-11,features_attributes.csv
CUS_0x3260,Swati Bhatd,40,750-67-7525,Accountant,1/11/2023,2025-11-09,2023-11,features_attributes.csv
CUS_0x328e,Peter Griffithss,25,560-60-4464,Journalist,1/11/2023,2025-11-09,2023-11,features_attributes.csv
CUS_0x32ed,Alexei Oreskovicl,55,110-76-4956,Mechanic,1/11/2023,2025-11-09,2023-11,features_attributes.csv
CUS_0x3336,Timothy Gardnerq,48,190-33-8702,Manager,1/11/2023,2025-11-09,2023-11,features_attributes.csv
CUS_0x3352,Arginc,23,882-89-4787,Scientist,1/11/2023,2025-11-09,2023-11,features_attributes.csv
CUS_0x33b4,Grant McCooln,831,656-60-6101,Musician,1/11/2023,2025-11-09,2023-11,features_attributes.csv
CUS_0x3434,"\"Eileen OGrady\"t",17,#F%$D@*&8,Teacher,1/11/2023,2025-11-09,2023-11,features_attributes.csv
CUS_0x348a,Emman,24,358-20-1467,Media_Manager,1/11/2023,2025-11-09,2023-11,features_attributes.csv
CUS_0x352f,Whiteo,14,333-78-0103,Teacher,1/11/2023,2025-11-09,2023-11,features_attributes.csv
CUS_0x3570,Takadaz,-500,224-76-2218,Mechanic,1/11/2023,2025-11-09,2023-11,features_attributes.csv
CUS_0x35a4,Jonathan Stempelh,39,200-57-9926,Engineer,1/11/2023,2025-11-09,2023-11,features_attributes.csv
CUS_0x3608,Yaod,46_,070-52-8558,Teacher,1/11/2023,2025-11-09,2023-11,features_attributes.csv
CUS_0x3621,Martin Santaj,21,048-48-0205,Mechanic,1/11/2023,2025-11-09,2023-11,features_attributes.csv
CUS_0x3636,Daniel Flynnz,32,477-19-4895,Scientist,1/11/2023,2025-11-09,2023-11,features_attributes.csv
CUS_0x363d,Annb,22,387-97-9961,Architect,1/11/2023,2025-11-09,2023-11,features_attributes.csv
CUS_0x3650,Ryan Vlastelicaz,37,581-79-3977,Journalist,1/11/2023,2025-11-09,2023-11,features_attributes.csv
CUS_0x36c5,Mehraq,30,051-60-7823,Developer,1/11/2023,2025-11-09,2023-11,features_attributes.csv
CUS_0x3708,Richardf,27,433-78-1443,Writer,1/11/2023,2025-11-09,2023-11,features_attributes.csv
CUS_0x376b,Pallavii,25,915-69-8780,_______,1/11/2023,2025-11-09,2023-11,features_attributes.csv
CUS_0x3799,Scuffhamf,55,821-63-1934,Journalist,1/11/2023,2025-11-09,2023-11,features_attributes.csv
CUS_0x37e1,Lisa Baertleino,40,242-28-3294,Accountant,1/11/2023,2025-11-09,2023-11,features_attributes.csv
CUS_0x391a,Bullu,29,020-38-9385,Lawyer,1/11/2023,2025-11-09,2023-11,features_attributes.csv
CUS_0x39ad,Raybouldd,31,149-63-5296,Mechanic,1/11/2023,2025-11-09,2023-11,features_attributes.csv
CUS_0x3a41,Tim McLaughlink,42,745-44-6523,Musician,1/11/2023,2025-11-09,2023-11,features_attributes.csv
CUS_0x3a93,Mattr,20,892-22-1956,Mechanic,1/11/2023,2025-11-09,2023-11,features_attributes.csv
CUS_0x3ace,Shirbonf,30,409-44-5696,Engineer,1/11/2023,2025-11-09,2023-11,features_attributes.csv
CUS_0x3ad0,Abhirup Roym,50_,630-81-4444,Musician,1/11/2023,2025-11-09,2023-11,features_attributes.csv
CUS_0x3bad,Prasadc,29,510-25-2095,Musician,1/11/2023,2025-11-09,2023-11,features_attributes.csv
CUS_0x3bbe,Neilp,30,017-53-1609,Lawyer,1/11/2023,2025-11-09,2023-11,features_attributes.csv
CUS_0x3c6a,Zieminskiv,45,791-08-6233,Mechanic,1/11/2023,2025-11-09,2023-11,features_attributes.csv
CUS_0x3c90,A.u,19,337-71-0334,Doctor,1/11/2023,2025-11-09,2023-11,features_attributes.csv
CUS_0x3c9b,Angela Moont,30,532-23-8409,Scientist,1/11/2023,2025-11-09,2023-11,features_attributes.csv
CUS_0x3e6b,Adinarayanx,22,763-33-5170,_______,1/11/2023,2025-11-09,2023-11,features_attributes.csv
CUS_0x3ee9,Mollenkampr,50,459-66-4683,Media_Manager,1/11/2023,2025-11-09,2023-11,features_attributes.csv
CUS_0x3ef,Soyoung Kimu,48,964-81-2710,Manager,1/11/2023,2025-11-09,2023-11,features_attributes.csv
CUS_0x3f12,", Europeanx",15,710-29-0360,Mechanic,1/11/2023,2025-11-09,2023-11,features_attributes.csv
CUS_0x3f43,Leika Kiharaf,17,145-24-7049,Architect,1/11/2023,2025-11-09,2023-11,features_attributes.csv
CUS_0x3fcf,Pedro dau,34,204-93-4852,Mechanic,1/11/2023,2025-11-09,2023-11,features_attributes.csv
CUS_0x403a,Jenniferj,29_,#F%$D@*&8,Media_Manager,1/11/2023,2025-11-09,2023-11,features_attributes.csv
CUS_0x406c,Garciaw,33,744-01-6955,Scientist,1/11/2023,2025-11-09,2023-11,features_attributes.csv
CUS_0x4075,Sarah McBrideo,32,208-19-2290,Engineer,1/11/2023,2025-11-09,2023-11,features_attributes.csv
CUS_0x40d7,Murain,18,480-05-6444,Engineer,1/11/2023,2025-11-09,2023-11,features_attributes.csv
CUS_0x411e,Tom Polansekg,48,487-02-9121,Doctor,1/11/2023,2025-11-09,2023-11,features_attributes.csv
CUS_0x41e4,Leika Kiharad,46,803-07-6149,Teacher,1/11/2023,2025-11-09,2023-11,features_attributes.csv
CUS_0x41e5,Georgiopouloso,45,127-49-4016,Lawyer,1/11/2023,2025-11-09,2023-11,features_attributes.csv
CUS_0x42ac,Lawrencea,37_,700-60-3660,Musician,1/11/2023,2025-11-09,2023-11,features_attributes.csv
CUS_0x4329,Papadimasy,27_,845-73-4848,Doctor,1/11/2023,2025-11-09,2023-11,features_attributes.csv
CUS_0x442e,Johnu,36_,549-81-5604,Media_Manager,1/11/2023,2025-11-09,2023-11,features_attributes.csv
CUS_0x4488,Noahg,35,#F%$D@*&8,Scientist,1/11/2023,2025-11-09,2023-11,features_attributes.csv
CUS_0x448c,Samuel Shena,16,028-69-9480,Mechanic,1/11/2023,2025-11-09,2023-11,features_attributes.csv
CUS_0x44f,Nate Raymondr,35,690-43-7279,Journalist,1/11/2023,2025-11-09,2023-11,features_attributes.csv
CUS_0x451e,Kim Dixone,36,773-49-8622,Engineer,1/11/2023,2025-11-09,2023-11,features_attributes.csv
CUS_0x455e,Dowsettx,44,297-53-4131,Teacher,1/11/2023,2025-11-09,2023-11,features_attributes.csv
CUS_0x4588,Erin Geigerg,25,392-39-3654,Entrepreneur,1/11/2023,2025-11-09,2023-11,features_attributes.csv
CUS_0x45df,Katya Wachtelw,22_,632-93-2072,Musician,1/11/2023,2025-11-09,2023-11,features_attributes.csv
CUS_0x465c,Douwe Miedemay,24,312-92-8664,Media_Manager,1/11/2023,2025-11-09,2023-11,features_attributes.csv
CUS_0x46dc,Ellenj,44,073-85-4368,Teacher,1/11/2023,2025-11-09,2023-11,features_attributes.csv
CUS_0x4715,Martinneb,17,890-82-7544,_______,1/11/2023,2025-11-09,2023-11,features_attributes.csv
CUS_0x4795,Steven,46,896-78-3151,Entrepreneur,1/11/2023,2025-11-09,2023-11,features_attributes.csv
CUS_0x4798,Prodhane,36,265-88-4094,Accountant,1/11/2023,2025-11-09,2023-11,features_attributes.csv
CUS_0x47bc,Jamie McGeeverb,52,176-01-8718,Lawyer,1/11/2023,2025-11-09,2023-11,features_attributes.csv
CUS_0x4811,Time,32,373-42-2979,Entrepreneur,1/11/2023,2025-11-09,2023-11,features_attributes.csv
CUS_0x4843,Christopherw,44,036-30-1880,Lawyer,1/11/2023,2025-11-09,2023-11,features_attributes.csv
CUS_0x489,Suzanne Barlynd,22,#F%$D@*&8,Writer,1/11/2023,2025-11-09,2023-11,features_attributes.csv
CUS_0x48a8,Tom Milesx,40,955-63-6307,Writer,1/11/2023,2025-11-09,2023-11,features_attributes.csv
CUS_0x48c0,David Sheppardk,48,272-75-4382,Manager,1/11/2023,2025-11-09,2023-11,features_attributes.csv
CUS_0x49bf,Ahmannz,31,067-13-9000,Musician,1/11/2023,2025-11-09,2023-11,features_attributes.csv
CUS_0x4a7,Simon Gardnerl,-500,865-33-5347,Architect,1/11/2023,2025-11-09,2023-11,features_attributes.csv
CUS_0x4a7a,Anthonym,44,725-15-5087,Writer,1/11/2023,2025-11-09,2023-11,features_attributes.csv
CUS_0x4a9b,Mattm,19,873-48-7202,Manager,1/11/2023,2025-11-09,2023-11,features_attributes.csv
CUS_0x4af0,Nicolacih,18,397-45-5329,Developer,1/11/2023,2025-11-09,2023-11,features_attributes.csv
CUS_0x4af1,Melissa Akinw,34,708-55-1426,_______,1/11/2023,2025-11-09,2023-11,features_attributes.csv
CUS_0x4b89,Deepa Seetharamant,22,920-87-0240,Lawyer,1/11/2023,2025-11-09,2023-11,features_attributes.csv
CUS_0x4bcf,Maloned,46,739-73-1176,Engineer,1/11/2023,2025-11-09,2023-11,features_attributes.csv
CUS_0x4c5a,Vikram Subhedarr,41,589-58-1945,Media_Manager,1/11/2023,2025-11-09,2023-11,features_attributes.csv
CUS_0x4c76,Miyoungv,35,584-57-7987,Scientist,1/11/2023,2025-11-09,2023-11,features_attributes.csv
CUS_0x4c7e,Chris Baltimorel,29,570-70-2382,Writer,1/11/2023,2025-11-09,2023-11,features_attributes.csv
CUS_0x4cd8,Wutkowskio,24,934-58-9958,Manager,1/11/2023,2025-11-09,2023-11,features_attributes.csv
CUS_0x4de8,Mattheww,33,283-06-4422,Media_Manager,1/11/2023,2025-11-09,2023-11,features_attributes.csv
CUS_0x4df6,Malonek,42,920-71-9716,_______,1/11/2023,2025-11-09,2023-11,features_attributes.csv
CUS_0x4e3,Jessicau,31,389-73-1750,Lawyer,1/11/2023,2025-11-09,2023-11,features_attributes.csv
CUS_0x4e55,Jasonp,52,653-19-8238,Writer,1/11/2023,2025-11-09,2023-11,features_attributes.csv
CUS_0x4f62,Caroline Valetkevitchb,47,082-15-0381,Journalist,1/11/2023,2025-11-09,2023-11,features_attributes.csv
CUS_0x4faf,Longstrethh,35,017-71-4068,Engineer,1/11/2023,2025-11-09,2023-11,features_attributes.csv
CUS_0x4fed,Oreskovict,28_,153-53-5786,Musician,1/11/2023,2025-11-09,2023-11,features_attributes.csv
CUS_0x5012,Rodrigo Camposo,30,#F%$D@*&8,Accountant,1/11/2023,2025-11-09,2023-11,features_attributes.csv
CUS_0x507a,Humeru,43,949-56-4266,Musician,1/11/2023,2025-11-09,2023-11,features_attributes.csv
CUS_0x5088,Kirschbauml,47,058-85-7676,Teacher,1/11/2023,2025-11-09,2023-11,features_attributes.csv
CUS_0x5204,Kiml,37,503-20-4145,Developer,1/11/2023,2025-11-09,2023-11,features_attributes.csv
CUS_0x5222,Pomfrets,50,837-01-6937,Musician,1/11/2023,2025-11-09,2023-11,features_attributes.csv
CUS_0x523b,Karen Freifeldg,46,967-55-6862,Developer,1/11/2023,2025-11-09,2023-11,features_attributes.csv
CUS_0x5376,David Gaffend,41,025-25-1011,_______,1/11/2023,2025-11-09,2023-11,features_attributes.csv
CUS_0x53fc,Paulb,39,777-57-0144,Engineer,1/11/2023,2025-11-09,2023-11,features_attributes.csv
CUS_0x549d,Charlie Zhud,41,828-71-0914,_______,1/11/2023,2025-11-09,2023-11,features_attributes.csv
CUS_0x54c7,Jewkesx,33,397-67-6292,Lawyer,1/11/2023,2025-11-09,2023-11,features_attributes.csv
CUS_0x5534,Aubinr,40,246-34-3138,Developer,1/11/2023,2025-11-09,2023-11,features_attributes.csv
CUS_0x557,Rick Rothackeri,20,767-97-7844,Musician,1/11/2023,2025-11-09,2023-11,features_attributes.csv
CUS_0x56d7,Peterg,44,015-14-5182,Manager,1/11/2023,2025-11-09,2023-11,features_attributes.csv
CUS_0x5718,Sumantax,34,888-84-4641,Media_Manager,1/11/2023,2025-11-09,2023-11,features_attributes.csv
CUS_0x575b,Wohlc,20,#F%$D@*&8,Engineer,1/11/2023,2025-11-09,2023-11,features_attributes.csv
CUS_0x57a2,ra Hudsona,38,202-32-5051,Teacher,1/11/2023,2025-11-09,2023-11,features_attributes.csv
CUS_0x57c6,Araxiad,50,976-38-2581,Engineer,1/11/2023,2025-11-09,2023-11,features_attributes.csv
CUS_0x57ef,Gavin Jonesc,36,205-36-8507,Journalist,1/11/2023,2025-11-09,2023-11,features_attributes.csv
CUS_0x588e,Steve Slateri,32,192-93-2734,Teacher,1/11/2023,2025-11-09,2023-11,features_attributes.csv
CUS_0x58b0,John McCrankb,22,868-95-3928,Doctor,1/11/2023,2025-11-09,2023-11,features_attributes.csv
CUS_0x58fb,Chatterjeej,45,343-66-3569,Manager,1/11/2023,2025-11-09,2023-11,features_attributes.csv
CUS_0x5937,Silvioh,23,771-83-2093,Musician,1/11/2023,2025-11-09,2023-11,features_attributes.csv
CUS_0x59c7,Jennifer Ablanp,29,650-76-1704,Mechanic,1/11/2023,2025-11-09,2023-11,features_attributes.csv
CUS_0x5a42,Carrick Mollenkampo,33,040-17-5715,Writer,1/11/2023,2025-11-09,2023-11,features_attributes.csv
CUS_0x5a5a,Leikat,20,422-77-3211,Accountant,1/11/2023,2025-11-09,2023-11,features_attributes.csv
CUS_0x5a90,Scuffhamq,46,264-53-1943,Engineer,1/11/2023,2025-11-09,2023-11,features_attributes.csv
CUS_0x5c2d,Benr,49,241-31-0106,Manager,1/11/2023,2025-11-09,2023-11,features_attributes.csv
CUS_0x5c68,Braden Reddallw,33,112-40-8747,Scientist,1/11/2023,2025-11-09,2023-11,features_attributes.csv
CUS_0x5cdc,Megan Daviesd,44,784-26-3375,Mechanic,1/11/2023,2025-11-09,2023-11,features_attributes.csv
CUS_0x5cf2,Eva Kuehneno,33,949-81-4492,Architect,1/11/2023,2025-11-09,2023-11,features_attributes.csv
CUS_0x5d94,Tom Milese,40,653-16-0086,Developer,1/11/2023,2025-11-09,2023-11,features_attributes.csv
CUS_0x5db0,Soyoung Kimo,37,799-61-3504,Writer,1/11/2023,2025-11-09,2023-11,features_attributes.csv
CUS_0x5df7,Sarah N.w,18,324-19-5816,Mechanic,1/11/2023,2025-11-09,2023-11,features_attributes.csv
CUS_0x5e02,Hirschlerh,21,864-61-5672,Writer,1/11/2023,2025-11-09,2023-11,features_attributes.csv
CUS_0x5e28,Jant,19,545-26-7513,Entrepreneur,1/11/2023,2025-11-09,2023-11,features_attributes.csv
CUS_0x5e34,Atossav,39,028-39-5974,Journalist,1/11/2023,2025-11-09,2023-11,features_attributes.csv
CUS_0x5e8f,dam,31,332-50-9349,Musician,1/11/2023,2025-11-09,2023-11,features_attributes.csv
CUS_0x5f97,Nick Zieminskiq,27,568-79-7786,Lawyer,1/11/2023,2025-11-09,2023-11,features_attributes.csv
CUS_0x5fca,aranio,47,861-77-2590,Doctor,1/11/2023,2025-11-09,2023-11,features_attributes.csv
CUS_0x5fcd,Svea Herbst-Baylissc,45,824-25-3641,Lawyer,1/11/2023,2025-11-09,2023-11,features_attributes.csv
CUS_0x5fd1,Antonie,28,856-19-6470,_______,1/11/2023,2025-11-09,2023-11,features_attributes.csv
CUS_0x5ff9,Carewc,20,455-98-9966,Doctor,1/11/2023,2025-11-09,2023-11,features_attributes.csv
CUS_0x6079,Berginn,25,420-25-3263,Writer,1/11/2023,2025-11-09,2023-11,features_attributes.csv
CUS_0x60a2,Lionel Laurents,44,#F%$D@*&8,_______,1/11/2023,2025-11-09,2023-11,features_attributes.csv
CUS_0x60af,Whiteq,27,010-29-7035,Media_Manager,1/11/2023,2025-11-09,2023-11,features_attributes.csv
CUS_0x60ec,Shalal-Esar,42,211-05-3339,Musician,1/11/2023,2025-11-09,2023-11,features_attributes.csv
CUS_0x60f1,Emeliay,25,199-66-4993,Lawyer,1/11/2023,2025-11-09,2023-11,features_attributes.csv
CUS_0x6136,Paul Thomaschr,25,398-44-5320,Writer,1/11/2023,2025-11-09,2023-11,features_attributes.csv
CUS_0x613c,Andrea Shalal-Esam,44,227-22-1686,Entrepreneur,1/11/2023,2025-11-09,2023-11,features_attributes.csv
CUS_0x6172,Lefteris Papadimasd,32,794-09-7808,Manager,1/11/2023,2025-11-09,2023-11,features_attributes.csv
CUS_0x621,Thomasl,55_,913-83-2018,Architect,1/11/2023,2025-11-09,2023-11,features_attributes.csv
CUS_0x624b,Bernieo,15,847-17-3721,Accountant,1/11/2023,2025-11-09,2023-11,features_attributes.csv
CUS_0x6273,Josephine Masond,27,213-04-5662,Developer,1/11/2023,2025-11-09,2023-11,features_attributes.csv
CUS_0x62d2,Lauraf,17,980-57-4123,Accountant,1/11/2023,2025-11-09,2023-11,features_attributes.csv
CUS_0x62e9,Woodallf,33,678-34-4743,Teacher,1/11/2023,2025-11-09,2023-11,features_attributes.csv
CUS_0x6324,Nicholas Vinocurr,55,342-38-4793,Manager,1/11/2023,2025-11-09,2023-11,features_attributes.csv
CUS_0x6325,Andyc,31,964-44-0435,Lawyer,1/11/2023,2025-11-09,2023-11,features_attributes.csv
CUS_0x6331,Hepherp,38_,664-06-1739,Lawyer,1/11/2023,2025-11-09,2023-11,features_attributes.csv
CUS_0x63db,Fredrik Dahlf,39,925-34-6619,Accountant,1/11/2023,2025-11-09,2023-11,features_attributes.csv
CUS_0x63dd,Rodrigo Camposw,37,706-84-4068,Doctor,1/11/2023,2025-11-09,2023-11,features_attributes.csv
CUS_0x644,Slaterz,20,968-80-7886,Engineer,1/11/2023,2025-11-09,2023-11,features_attributes.csv
CUS_0x646,Alistair Barrg,54,758-52-6298,_______,1/11/2023,2025-11-09,2023-11,features_attributes.csv
CUS_0x64ce,Lopezu,21,066-73-7172,Lawyer,1/11/2023,2025-11-09,2023-11,features_attributes.csv
CUS_0x64d6,Gareth Goreu,33,560-35-4678,Lawyer,1/11/2023,2025-11-09,2023-11,features_attributes.csv
CUS_0x650f,B.f,46,015-91-3257,Accountant,1/11/2023,2025-11-09,2023-11,features_attributes.csv
CUS_0x6540,Ronald Groverk,52,884-14-0880,Writer,1/11/2023,2025-11-09,2023-11,features_attributes.csv
CUS_0x65a9,Matti,28,369-89-6459,_______,1/11/2023,2025-11-09,2023-11,features_attributes.csv
CUS_0x65d2,Nia Williamsf,22,659-77-0885,Entrepreneur,1/11/2023,2025-11-09,2023-11,features_attributes.csv
CUS_0x66bb,Caroline Valetkevitchu,46,310-18-5191,Scientist,1/11/2023,2025-11-09,2023-11,features_attributes.csv
CUS_0x66d9,tg,22_,289-20-3745,Teacher,1/11/2023,2025-11-09,2023-11,features_attributes.csv
CUS_0x6714,Dayp,22_,460-92-1394,Musician,1/11/2023,2025-11-09,2023-11,features_attributes.csv
CUS_0x676b,Kumaro,31,580-25-6454,Manager,1/11/2023,2025-11-09,2023-11,features_attributes.csv
CUS_0x67b0,Joe Silhav,15,136-79-3729,Engineer,1/11/2023,2025-11-09,2023-11,features_attributes.csv
CUS_0x67c7,Wachtelx,18,220-80-3397,Mechanic,1/11/2023,2025-11-09,2023-11,features_attributes.csv
CUS_0x68a7,Huw Jonest,30,437-07-5714,Mechanic,1/11/2023,2025-11-09,2023-11,features_attributes.csv
CUS_0x691c,Hamadat,44,387-54-0443,Engineer,1/11/2023,2025-11-09,2023-11,features_attributes.csv
CUS_0x6972,Sherileea,42,926-84-8661,Musician,1/11/2023,2025-11-09,2023-11,features_attributes.csv
CUS_0x6992,Dan Levinef,20,460-46-3317,Teacher,1/11/2023,2025-11-09,2023-11,features_attributes.csv
CUS_0x6a74,Dana,19,876-18-9837,Entrepreneur,1/11/2023,2025-11-09,2023-11,features_attributes.csv
CUS_0x6acb,Anna Yukhananova,45,823-08-6138,Engineer,1/11/2023,2025-11-09,2023-11,features_attributes.csv
CUS_0x6ae5,Jenniferd,45,084-73-9482,Developer,1/11/2023,2025-11-09,2023-11,features_attributes.csv
CUS_0x6b8,Fooy,30,011-05-8096,Scientist,1/11/2023,2025-11-09,2023-11,features_attributes.csv
CUS_0x6be3,Anns,47,037-33-2929,Doctor,1/11/2023,2025-11-09,2023-11,features_attributes.csv
CUS_0x6c9e,Emily Flitterl,30,769-05-9517,Journalist,1/11/2023,2025-11-09,2023-11,features_attributes.csv
CUS_0x6d41,Pedro Nicolacif,45,794-86-1129,Journalist,1/11/2023,2025-11-09,2023-11,features_attributes.csv
CUS_0x6dd6,McAllistero,15,919-89-2002,Scientist,1/11/2023,2025-11-09,2023-11,features_attributes.csv
CUS_0x6e05,Gilles Guillaumet,45,957-54-6785,Musician,1/11/2023,2025-11-09,2023-11,features_attributes.csv
CUS_0x6e5d,Emily Stephensonn,39,238-58-8923,Entrepreneur,1/11/2023,2025-11-09,2023-11,features_attributes.csv
CUS_0x6ec9,Kevin Yaom,19,941-59-4410,Mechanic,1/11/2023,2025-11-09,2023-11,features_attributes.csv
CUS_0x6eec,Alex Frewy,48,184-10-9959,_______,1/11/2023,2025-11-09,2023-11,features_attributes.csv
CUS_0x6eee,Daniel Flynnu,55,215-69-1291,Engineer,1/11/2023,2025-11-09,2023-11,features_attributes.csv
CUS_0x6f3e,Deepa Seetharamanu,25,663-61-7502,Developer,1/11/2023,2025-11-09,2023-11,features_attributes.csv
CUS_0x6fca,Viswanathao,35,#F%$D@*&8,Lawyer,1/11/2023,2025-11-09,2023-11,features_attributes.csv
CUS_0x7007,Dougw,41,819-79-8796,Accountant,1/11/2023,2025-11-09,2023-11,features_attributes.csv
CUS_0x7045,Whites,37,356-25-9324,Developer,1/11/2023,2025-11-09,2023-11,features_attributes.csv
CUS_0x7071,Taral,20,331-61-1751,Lawyer,1/11/2023,2025-11-09,2023-11,features_attributes.csv
CUS_0x709d,Palmers,40,042-91-6695,Lawyer,1/11/2023,2025-11-09,2023-11,features_attributes.csv
CUS_0x70c9,Oliviaq,37,813-21-1686,Scientist,1/11/2023,2025-11-09,2023-11,features_attributes.csv
CUS_0x70e,Steves,20,216-87-5046,Developer,1/11/2023,2025-11-09,2023-11,features_attributes.csv
CUS_0x71dd,Falloonz,3986,176-18-3723,Accountant,1/11/2023,2025-11-09,2023-11,features_attributes.csv
CUS_0x720a,Basiln,27,093-22-4351,Mechanic,1/11/2023,2025-11-09,2023-11,features_attributes.csv
CUS_0x73e4,Angelab,6460,147-91-6333,Lawyer,1/11/2023,2025-11-09,2023-11,features_attributes.csv
CUS_0x7409,Koltrowitzn,38,562-04-5412,Developer,1/11/2023,2025-11-09,2023-11,features_attributes.csv
CUS_0x754e,Groverw,22,359-07-6992,Musician,1/11/2023,2025-11-09,2023-11,features_attributes.csv
CUS_0x756f,Jeaninec,49,857-91-7840,_______,1/11/2023,2025-11-09,2023-11,features_attributes.csv
CUS_0x7595,"\"Eileenr",47,#F%$D@*&8,Architect,1/11/2023,2025-11-09,2023-11,features_attributes.csv
CUS_0x75aa,Jean-Baptistez,22,899-15-1889,Writer,1/11/2023,2025-11-09,2023-11,features_attributes.csv
CUS_0x75b1,Jeds,31,774-41-3721,Entrepreneur,1/11/2023,2025-11-09,2023-11,features_attributes.csv
CUS_0x75c6,"\"John ODonnell\"p",30,587-65-8904,Teacher,1/11/2023,2025-11-09,2023-11,features_attributes.csv
CUS_0x75ef,Rascoet,45,340-31-0387,Developer,1/11/2023,2025-11-09,2023-11,features_attributes.csv
CUS_0x761f,Leffc,54,498-34-2763,Teacher,1/11/2023,2025-11-09,2023-11,features_attributes.csv
CUS_0x7623,LaCapral,19,315-73-7611,Musician,1/11/2023,2025-11-09,2023-11,features_attributes.csv
CUS_0x769a,Brl,56,565-87-6956,Scientist,1/11/2023,2025-11-09,2023-11,features_attributes.csv
CUS_0x76c2,Jind,50,768-36-3850,Musician,1/11/2023,2025-11-09,2023-11,features_attributes.csv
CUS_0x76c4,Izumiy,43,861-27-0906,Developer,1/11/2023,2025-11-09,2023-11,features_attributes.csv
CUS_0x76fb,Margaret Chadbourni,40,823-20-1441,Lawyer,1/11/2023,2025-11-09,2023-11,features_attributes.csv
CUS_0x787b,Kathym,34,121-75-0461,Doctor,1/11/2023,2025-11-09,2023-11,features_attributes.csv
CUS_0x78eb,Douwe Miedemap,38,172-46-1166,Musician,1/11/2023,2025-11-09,2023-11,features_attributes.csv
CUS_0x7953,Martinag,45,281-10-4083,_______,1/11/2023,2025-11-09,2023-11,features_attributes.csv
CUS_0x797a,Wohlh,18,303-89-6328,Media_Manager,1/11/2023,2025-11-09,2023-11,features_attributes.csv
CUS_0x79d7,Nate Raymondd,19_,060-18-9691,Developer,1/11/2023,2025-11-09,2023-11,features_attributes.csv
CUS_0x7a35,Klotza,41,869-37-6295,Musician,1/11/2023,2025-11-09,2023-11,features_attributes.csv
CUS_0x7aa9,Karinai,25,760-24-6735,Doctor,1/11/2023,2025-11-09,2023-11,features_attributes.csv
CUS_0x7aaa,Rickm,41,559-82-7560,Accountant,1/11/2023,2025-11-09,2023-11,features_attributes.csv
CUS_0x7b5,Huwp,24,156-06-2245,Mechanic,1/11/2023,2025-11-09,2023-11,features_attributes.csv
CUS_0x7b5a,Martinan,23,137-81-2602,Journalist,1/11/2023,2025-11-09,2023-11,features_attributes.csv
CUS_0x7bbb,Krista Hughesu,36,189-26-3266,Accountant,1/11/2023,2025-11-09,2023-11,features_attributes.csv
CUS_0x7bff,Raom,17,084-18-2608,Manager,1/11/2023,2025-11-09,2023-11,features_attributes.csv
CUS_0x7cac,Lauren Taral,30,268-85-1527,Mechanic,1/11/2023,2025-11-09,2023-11,features_attributes.csv
CUS_0x7d05,Orann,32,877-25-6063,Scientist,1/11/2023,2025-11-09,2023-11,features_attributes.csv
CUS_0x7d43,Noah Barkinl,39,971-56-5281,Media_Manager,1/11/2023,2025-11-09,2023-11,features_attributes.csv
CUS_0x7d4b,Jason Langej,43,975-45-7784,Doctor,1/11/2023,2025-11-09,2023-11,features_attributes.csv
CUS_0x7e09,Smithn,51,829-75-6996,_______,1/11/2023,2025-11-09,2023-11,features_attributes.csv
CUS_0x7e12,Sophie Knightg,25,717-56-5604,Engineer,1/11/2023,2025-11-09,2023-11,features_attributes.csv
CUS_0x7edf,Skariachanl,27,229-64-4916,Teacher,1/11/2023,2025-11-09,2023-11,features_attributes.csv
CUS_0x7eed,Dyek,21,488-25-4904,Scientist,1/11/2023,2025-11-09,2023-11,features_attributes.csv
CUS_0x7fb0,Williamsc,39,433-96-3729,_______,1/11/2023,2025-11-09,2023-11,features_attributes.csv
CUS_0x8090,Jeffrey Kerrn,35,560-15-3729,Musician,1/11/2023,2025-11-09,2023-11,features_attributes.csv
CUS_0x80b4,Tophamp,31,638-28-1217,Journalist,1/11/2023,2025-11-09,2023-11,features_attributes.csv
CUS_0x80ce,Nishantx,49,635-01-2991,Engineer,1/11/2023,2025-11-09,2023-11,features_attributes.csv
CUS_0x820c,Karent,20,464-41-9296,Developer,1/11/2023,2025-11-09,2023-11,features_attributes.csv
CUS_0x8281,Lauren Youngu,17,101-27-4002,Engineer,1/11/2023,2025-11-09,2023-11,features_attributes.csv
CUS_0x82a6,Andreaj,28,057-97-1445,Scientist,1/11/2023,2025-11-09,2023-11,features_attributes.csv
CUS_0x82bd,Blenkinsopw,33,199-83-0023,Scientist,1/11/2023,2025-11-09,2023-11,features_attributes.csv
CUS_0x831d,Nater,17,300-65-8240,Teacher,1/11/2023,2025-11-09,2023-11,features_attributes.csv
CUS_0x835,Matt Scuffhamr,44,036-30-8679,Journalist,1/11/2023,2025-11-09,2023-11,features_attributes.csv
CUS_0x836e,Nicola Leskey,19,970-91-7807,_______,1/11/2023,2025-11-09,2023-11,features_attributes.csv
CUS_0x83ea,Lucia Mutikanif,34_,869-20-6910,Media_Manager,1/11/2023,2025-11-09,2023-11,features_attributes.csv
CUS_0x841f,Tomasp,32,666-99-6722,Journalist,1/11/2023,2025-11-09,2023-11,features_attributes.csv
CUS_0x8448,David Ljunggrenw,52,693-00-8476,Entrepreneur,1/11/2023,2025-11-09,2023-11,features_attributes.csv
CUS_0x84b4,Julien Ponthusi,26,803-33-0206,Manager,1/11/2023,2025-11-09,2023-11,features_attributes.csv
CUS_0x84cc,Pedrol,33,241-89-4857,Writer,1/11/2023,2025-11-09,2023-11,features_attributes.csv
CUS_0x85be,Danubrataj,25,808-96-6273,Writer,1/11/2023,2025-11-09,2023-11,features_attributes.csv
CUS_0x8672,Robin Emmottk,27,#F%$D@*&8,Writer,1/11/2023,2025-11-09,2023-11,features_attributes.csv
CUS_0x867a,Weirf,32,061-69-2674,Entrepreneur,1/11/2023,2025-11-09,2023-11,features_attributes.csv
CUS_0x8763,Viswanathay,24,038-13-2033,Scientist,1/11/2023,2025-11-09,2023-11,features_attributes.csv
CUS_0x8771,Dhanya Skariachanz,51,562-85-4128,Developer,1/11/2023,2025-11-09,2023-11,features_attributes.csv
CUS_0x8773,Valetkevitchy,29_,640-70-7221,Scientist,1/11/2023,2025-11-09,2023-11,features_attributes.csv
CUS_0x87be,Novakz,46,268-75-5454,Doctor,1/11/2023,2025-11-09,2023-11,features_attributes.csv
CUS_0x8907,Poornimab,33,885-60-3879,Architect,1/11/2023,2025-11-09,2023-11,features_attributes.csv
CUS_0x8962,Lisai,40,400-08-0195,Lawyer,1/11/2023,2025-11-09,2023-11,features_attributes.csv
CUS_0x896f,Dominic Lauv,35,815-92-5350,Architect,1/11/2023,2025-11-09,2023-11,features_attributes.csv
CUS_0x897f,Eva Kuehnenl,24,821-96-4140,_______,1/11/2023,2025-11-09,2023-11,features_attributes.csv
CUS_0x89e3,LaCapraa,27,943-71-2069,Teacher,1/11/2023,2025-11-09,2023-11,features_attributes.csv
CUS_0x8a1,Danb,33,022-55-1988,Musician,1/11/2023,2025-11-09,2023-11,features_attributes.csv
CUS_0x8a39,Julienf,19,339-94-9110,Manager,1/11/2023,2025-11-09,2023-11,features_attributes.csv
CUS_0x8a45,Stephent,28,296-65-4508,Developer,1/11/2023,2025-11-09,2023-11,features_attributes.csv
CUS_0x8a64,Barreran,31,890-19-7542,Accountant,1/11/2023,2025-11-09,2023-11,features_attributes.csv
CUS_0x8ae5,Kyliem,37_,396-24-8172,Entrepreneur,1/11/2023,2025-11-09,2023-11,features_attributes.csv
CUS_0x8b2c,Janw,26,183-84-8459,Entrepreneur,1/11/2023,2025-11-09,2023-11,features_attributes.csv
CUS_0x8b9a,Marc Jonest,39,231-81-6258,Musician,1/11/2023,2025-11-09,2023-11,features_attributes.csv
CUS_0x8bce,Noahx,51,037-36-2156,Mechanic,1/11/2023,2025-11-09,2023-11,features_attributes.csv
CUS_0x8c1d,Howleyr,27_,916-54-9792,Lawyer,1/11/2023,2025-11-09,2023-11,features_attributes.csv
CUS_0x8d96,Paul Taylori,33,671-41-2038,Engineer,1/11/2023,2025-11-09,2023-11,features_attributes.csv
CUS_0x8e28,Paul Taylorn,50,163-41-4240,Mechanic,1/11/2023,2025-11-09,2023-11,features_attributes.csv
CUS_0x8e75,Alisteri,47,854-67-0053,Doctor,1/11/2023,2025-11-09,2023-11,features_attributes.csv
CUS_0x8e7d,Sinead Carewn,36,930-67-4045,Lawyer,1/11/2023,2025-11-09,2023-11,features_attributes.csv
CUS_0x8e94,Pascale Denisa,56,055-08-1093,Architect,1/11/2023,2025-11-09,2023-11,features_attributes.csv
CUS_0x8f84,Saphirf,27,709-75-8028,Mechanic,1/11/2023,2025-11-09,2023-11,features_attributes.csv
CUS_0x903b,LaCapray,35,908-24-4478,Entrepreneur,1/11/2023,2025-11-09,2023-11,features_attributes.csv
CUS_0x9073,Matt Falloono,19,751-65-6458,Journalist,1/11/2023,2025-11-09,2023-11,features_attributes.csv
CUS_0x9079,Phild,44,732-80-4889,Lawyer,1/11/2023,2025-11-09,2023-11,features_attributes.csv
CUS_0x91ac,Jonathan Leffh,43,290-99-0089,_______,1/11/2023,2025-11-09,2023-11,features_attributes.csv
CUS_0x926b,Driverx,27,016-34-5925,Manager,1/11/2023,2025-11-09,2023-11,features_attributes.csv
CUS_0x92f9,Chang-Ran Kimp,21,818-22-3188,Lawyer,1/11/2023,2025-11-09,2023-11,features_attributes.csv
CUS_0x93d0,Dianez,34,967-86-3838,Architect,1/11/2023,2025-11-09,2023-11,features_attributes.csv
CUS_0x949,Herbst-Baylissc,46,#F%$D@*&8,Teacher,1/11/2023,2025-11-09,2023-11,features_attributes.csv
CUS_0x955b,Paul Taylori,44,696-78-4933,Media_Manager,1/11/2023,2025-11-09,2023-11,features_attributes.csv
CUS_0x9574,Viswanathan,50,778-83-5214,_______,1/11/2023,2025-11-09,2023-11,features_attributes.csv
CUS_0x95ec,LaCaprad,17,572-46-2711,Accountant,1/11/2023,2025-11-09,2023-11,features_attributes.csv
CUS_0x961b,Tim Hepherj,20,620-89-0592,Teacher,1/11/2023,2025-11-09,2023-11,features_attributes.csv
CUS_0x96b1,Jessica Wohlz,42,805-95-8957,Musician,1/11/2023,2025-11-09,2023-11,features_attributes.csv
CUS_0x96c8,David Jonese,21_,945-50-6965,Entrepreneur,1/11/2023,2025-11-09,2023-11,features_attributes.csv
CUS_0x972f,Berkowitzk,23,789-04-4761,Scientist,1/11/2023,2025-11-09,2023-11,features_attributes.csv
CUS_0x9737,Denae,54,103-47-1109,Scientist,1/11/2023,2025-11-09,2023-11,features_attributes.csv
CUS_0x97a4,Svea Herbst-Baylissg,24,900-82-5231,Teacher,1/11/2023,2025-11-09,2023-11,features_attributes.csv
CUS_0x9891,Veronica Ekn,-500,429-24-8661,Developer,1/11/2023,2025-11-09,2023-11,features_attributes.csv
CUS_0x99a9,Jennifer Sabam,21,665-44-5354,Developer,1/11/2023,2025-11-09,2023-11,features_attributes.csv
CUS_0x99ba,Andreaf,49,542-49-0323,Journalist,1/11/2023,2025-11-09,2023-11,features_attributes.csv
CUS_0x99bc,Katzu,23,184-56-2277,Accountant,1/11/2023,2025-11-09,2023-11,features_attributes.csv
CUS_0x99ca,Pedro dad,35,172-28-1630,Mechanic,1/11/2023,2025-11-09,2023-11,features_attributes.csv
CUS_0x9ae,Julien Toyerj,33,121-14-9806,Engineer,1/11/2023,2025-11-09,2023-11,features_attributes.csv
CUS_0x9b60,Ricka,33,624-63-2071,Architect,1/11/2023,2025-11-09,2023-11,features_attributes.csv
CUS_0x9bf4,Wadec,31,544-05-0223,Manager,1/11/2023,2025-11-09,2023-11,features_attributes.csv
CUS_0x9bfa,Vaughanl,31,531-98-7848,Scientist,1/11/2023,2025-11-09,2023-11,features_attributes.csv
CUS_0x9c03,Harich anq,19,511-89-6968,_______,1/11/2023,2025-11-09,2023-11,features_attributes.csv
CUS_0x9c19,Chavez-Dreyfusse,23,470-98-3389,Scientist,1/11/2023,2025-11-09,2023-11,features_attributes.csv
CUS_0x9c79,Rick Rothackerf,19,666-69-1793,Scientist,1/11/2023,2025-11-09,2023-11,features_attributes.csv
CUS_0x9cdb,Edwardsy,30,278-40-5330,Teacher,1/11/2023,2025-11-09,2023-11,features_attributes.csv
CUS_0x9d3,Goldsteiny,39,380-56-6739,_______,1/11/2023,2025-11-09,2023-11,features_attributes.csv
CUS_0x9dc2,Dinesh Nairc,37,#F%$D@*&8,Engineer,1/11/2023,2025-11-09,2023-11,features_attributes.csv
CUS_0x9e8d,Emi Emotof,35,348-93-6719,Entrepreneur,1/11/2023,2025-11-09,2023-11,features_attributes.csv
CUS_0x9ed1,Vikram Subhedarh,48,397-13-1501,Journalist,1/11/2023,2025-11-09,2023-11,features_attributes.csv
CUS_0x9f40,Jessica Dyek,50,588-98-4510,Musician,1/11/2023,2025-11-09,2023-11,features_attributes.csv
CUS_0x9f5,Pascale Denisq,28,526-02-8810,Media_Manager,1/11/2023,2025-11-09,2023-11,features_attributes.csv
CUS_0x9f7a,Dave Clarkes,56,692-62-0934,Writer,1/11/2023,2025-11-09,2023-11,features_attributes.csv
CUS_0xa058,Kellyn,20,607-05-1842,Manager,1/11/2023,2025-11-09,2023-11,features_attributes.csv
CUS_0xa1a0,Ritsuko Andon,23,894-75-4637,Scientist,1/11/2023,2025-11-09,2023-11,features_attributes.csv
CUS_0xa219,Michael Taylorz,38,814-08-0159,Engineer,1/11/2023,2025-11-09,2023-11,features_attributes.csv
CUS_0xa250,Bhattacharjeey,25,910-69-7452,Engineer,1/11/2023,2025-11-09,2023-11,features_attributes.csv
CUS_0xa30f,Boselliy,27,823-14-6544,Architect,1/11/2023,2025-11-09,2023-11,features_attributes.csv
CUS_0xa31,Kime,36,#F%$D@*&8,Mechanic,1/11/2023,2025-11-09,2023-11,features_attributes.csv
CUS_0xa352,Leah Schnurrp,27,017-80-4174,Mechanic,1/11/2023,2025-11-09,2023-11,features_attributes.csv
CUS_0xa3aa,Philipk,28,924-27-9758,Architect,1/11/2023,2025-11-09,2023-11,features_attributes.csv
CUS_0xa49c,Sayantanit,45,835-58-9367,Entrepreneur,1/11/2023,2025-11-09,2023-11,features_attributes.csv
CUS_0xa4f3,Gaiero,40,958-52-5986,Accountant,1/11/2023,2025-11-09,2023-11,features_attributes.csv
CUS_0xa509,Spicern,27,501-02-4055,Engineer,1/11/2023,2025-11-09,2023-11,features_attributes.csv
CUS_0xa587,Yukov,55,879-08-9684,Writer,1/11/2023,2025-11-09,2023-11,features_attributes.csv
CUS_0xa618,Soyoung Kimw,41,418-01-6196,_______,1/11/2023,2025-11-09,2023-11,features_attributes.csv
CUS_0xa65f,Brownz,-500,468-32-1247,Media_Manager,1/11/2023,2025-11-09,2023-11,features_attributes.csv
CUS_0xa672,Glenn Somervilleo,32,874-58-8010,Entrepreneur,1/11/2023,2025-11-09,2023-11,features_attributes.csv
CUS_0xa67d,Carrickm,31,094-71-6973,Teacher,1/11/2023,2025-11-09,2023-11,features_attributes.csv
CUS_0xa6d1,Michelle Martinh,6835,121-79-9310,Mechanic,1/11/2023,2025-11-09,2023-11,features_attributes.csv
CUS_0xa729,radenr,34,904-50-0399,Journalist,1/11/2023,2025-11-09,2023-11,features_attributes.csv
CUS_0xa788,Skariachann,25,144-05-2864,Entrepreneur,1/11/2023,2025-11-09,2023-11,features_attributes.csv
CUS_0xa7a3,Herbertm,22,195-25-1423,Engineer,1/11/2023,2025-11-09,2023-11,features_attributes.csv
CUS_0xa7ae,Kohc,53_,932-88-7756,_______,1/11/2023,2025-11-09,2023-11,features_attributes.csv
CUS_0xa7be,Alanf,43,901-06-2888,Journalist,1/11/2023,2025-11-09,2023-11,features_attributes.csv
CUS_0xa7d4,Paul Taylorh,42,363-17-2182,Journalist,1/11/2023,2025-11-09,2023-11,features_attributes.csv
CUS_0xa7e9,radn,51,200-96-3819,_______,1/11/2023,2025-11-09,2023-11,features_attributes.csv
CUS_0xa872,arani Krishnanj,32,247-23-2005,Doctor,1/11/2023,2025-11-09,2023-11,features_attributes.csv
CUS_0xa90,Stevenj,38,752-12-8085,Teacher,1/11/2023,2025-11-09,2023-11,features_attributes.csv
CUS_0xa94f,Nicolacij,36,375-86-0761,Journalist,1/11/2023,2025-11-09,2023-11,features_attributes.csv
CUS_0xa98a,Bullw,35,675-04-9882,Manager,1/11/2023,2025-11-09,2023-11,features_attributes.csv
CUS_0xa9ad,Swetha Gopinathu,30,081-80-5156,Mechanic,1/11/2023,2025-11-09,2023-11,features_attributes.csv
CUS_0xaa5a,Julien Toyeri,21,622-18-5455,Doctor,1/11/2023,2025-11-09,2023-11,features_attributes.csv
CUS_0xabaf,Jessica Wohlx,48,#F%$D@*&8,Manager,1/11/2023,2025-11-09,2023-11,features_attributes.csv
CUS_0xabd,Sophie Sassardo,41,283-39-0778,Lawyer,1/11/2023,2025-11-09,2023-11,features_attributes.csv
CUS_0xac1,Holtonr,51,081-26-8313,Architect,1/11/2023,2025-11-09,2023-11,features_attributes.csv
CUS_0xac5a,Lionel Laurentx,26,#F%$D@*&8,Accountant,1/11/2023,2025-11-09,2023-11,features_attributes.csv
CUS_0xace2,Greg Roumeliotisd,20,444-33-6428,Accountant,1/11/2023,2025-11-09,2023-11,features_attributes.csv
CUS_0xad3c,inis,27,886-35-0858,Media_Manager,1/11/2023,2025-11-09,2023-11,features_attributes.csv
CUS_0xae17,Mia Tahara-Stubbsw,39,555-86-2423,Manager,1/11/2023,2025-11-09,2023-11,features_attributes.csv
CUS_0xaf18,Scottq,22,627-46-2774,Lawyer,1/11/2023,2025-11-09,2023-11,features_attributes.csv
CUS_0xaf3,Siddharth Cavalef,52,472-46-7482,Mechanic,1/11/2023,2025-11-09,2023-11,features_attributes.csv
CUS_0xafb,Zahariag,36,027-97-5117,Accountant,1/11/2023,2025-11-09,2023-11,features_attributes.csv
CUS_0xaff8,Wroughtonx,51,649-97-0569,Entrepreneur,1/11/2023,2025-11-09,2023-11,features_attributes.csv
CUS_0xb096,Marke,23,249-75-5523,Writer,1/11/2023,2025-11-09,2023-11,features_attributes.csv
CUS_0xb102,Grayq,27,421-85-2245,Musician,1/11/2023,2025-11-09,2023-11,features_attributes.csv
CUS_0xb132,Martinne Gellerm,16,363-21-7557,Doctor,1/11/2023,2025-11-09,2023-11,features_attributes.csv
CUS_0xb17a,Dyeb,55,034-87-0785,Musician,1/11/2023,2025-11-09,2023-11,features_attributes.csv
CUS_0xb18d,Yeep,41,#F%$D@*&8,Musician,1/11/2023,2025-11-09,2023-11,features_attributes.csv
CUS_0xb19c,Tajitsut,36,997-35-3816,Mechanic,1/11/2023,2025-11-09,2023-11,features_attributes.csv
CUS_0xb24c,Gernot Hellerf,31,098-71-9240,Doctor,1/11/2023,2025-11-09,2023-11,features_attributes.csv
CUS_0xb2d3,Kevin Yaob,30,867-10-9609,Developer,1/11/2023,2025-11-09,2023-11,features_attributes.csv
CUS_0xb329,Natalia Shurminaq,50,892-70-8758,Writer,1/11/2023,2025-11-09,2023-11,features_attributes.csv
CUS_0xb38b,Jed Horowitzr,20,700-56-1712,Accountant,1/11/2023,2025-11-09,2023-11,features_attributes.csv
CUS_0xb3bd,Solarinaa,42,642-73-7670,Architect,1/11/2023,2025-11-09,2023-11,features_attributes.csv
CUS_0xb482,James Reganw,50,417-57-5463,Accountant,1/11/2023,2025-11-09,2023-11,features_attributes.csv
CUS_0xb49,Poornimav,35,659-50-4581,Journalist,1/11/2023,2025-11-09,2023-11,features_attributes.csv
CUS_0xb4c5,Michaelj,52,873-29-1123,Journalist,1/11/2023,2025-11-09,2023-11,features_attributes.csv
CUS_0xb4d6,Sruthi Ramakrishnanu,49,724-66-1705,Musician,1/11/2023,2025-11-09,2023-11,features_attributes.csv
CUS_0xb5f3,Barrerak,20_,942-76-6919,Architect,1/11/2023,2025-11-09,2023-11,features_attributes.csv
CUS_0xb6dd,Nate Raymondj,35,532-19-8738,Scientist,1/11/2023,2025-11-09,2023-11,features_attributes.csv
CUS_0xb734,Habboushg,49,021-51-1139,Manager,1/11/2023,2025-11-09,2023-11,features_attributes.csv
CUS_0xb743,Callusc,8663,688-56-1839,Mechanic,1/11/2023,2025-11-09,2023-11,features_attributes.csv
CUS_0xb761,Dominique Vidalonz,39,528-98-1987,Scientist,1/11/2023,2025-11-09,2023-11,features_attributes.csv
CUS_0xb78e,Zeidlerr,45,340-07-6293,Journalist,1/11/2023,2025-11-09,2023-11,features_attributes.csv
CUS_0xb7eb,Henningm,36,856-58-2613,Entrepreneur,1/11/2023,2025-11-09,2023-11,features_attributes.csv
CUS_0xb811,imarte Waltere,24,898-01-1841,Scientist,1/11/2023,2025-11-09,2023-11,features_attributes.csv
CUS_0xb828,Kuehnens,36_,045-34-1946,Journalist,1/11/2023,2025-11-09,2023-11,features_attributes.csv
CUS_0xb85c,Costa Alisterj,39_,236-77-8820,Journalist,1/11/2023,2025-11-09,2023-11,features_attributes.csv
CUS_0xb873,Guir,43_,622-15-4188,Accountant,1/11/2023,2025-11-09,2023-11,features_attributes.csv
CUS_0xb8a7,Leighd,29,630-52-9597,Lawyer,1/11/2023,2025-11-09,2023-11,features_attributes.csv
CUS_0xb928,Camberor,51,#F%$D@*&8,Scientist,1/11/2023,2025-11-09,2023-11,features_attributes.csv
CUS_0xb970,Jeffreyy,15,210-36-3488,Engineer,1/11/2023,2025-11-09,2023-11,features_attributes.csv
CUS_0xb9bd,Tim McLaughlind,42_,702-26-0572,Entrepreneur,1/11/2023,2025-11-09,2023-11,features_attributes.csv
CUS_0xb9c7,Koh Guil,18,708-66-1961,Manager,1/11/2023,2025-11-09,2023-11,features_attributes.csv
CUS_0xb9d,Kokm,21,030-76-7737,Mechanic,1/11/2023,2025-11-09,2023-11,features_attributes.csv
CUS_0xb9d5,Danv,29_,858-65-5945,Doctor,1/11/2023,2025-11-09,2023-11,features_attributes.csv
CUS_0xb9d8,Dena Aubine,28,220-53-7123,Musician,1/11/2023,2025-11-09,2023-11,features_attributes.csv
CUS_0xba18,Baertleinb,16,542-02-2519,Media_Manager,1/11/2023,2025-11-09,2023-11,features_attributes.csv
CUS_0xba1c,Langep,33,419-82-4747,Lawyer,1/11/2023,2025-11-09,2023-11,features_attributes.csv
CUS_0xbab8,Bernie Woodallc,48,624-51-5781,Musician,1/11/2023,2025-11-09,2023-11,features_attributes.csv
CUS_0xbb23,Reynoldse,43_,345-90-0825,_______,1/11/2023,2025-11-09,2023-11,features_attributes.csv
CUS_0xbc88,Matthew Goldsteinb,25,648-41-8012,Developer,1/11/2023,2025-11-09,2023-11,features_attributes.csv
CUS_0xbcfa,Viswanathau,40,556-18-4640,Journalist,1/11/2023,2025-11-09,2023-11,features_attributes.csv
CUS_0xbdfe,Rickm,36,210-38-6296,Architect,1/11/2023,2025-11-09,2023-11,features_attributes.csv
CUS_0xbe32,Smith Paritoshd,28,979-89-1794,Lawyer,1/11/2023,2025-11-09,2023-11,features_attributes.csv
CUS_0xbe6f,Emotoy,41,749-18-8231,Journalist,1/11/2023,2025-11-09,2023-11,features_attributes.csv
CUS_0xbedd,Flynnp,39,215-69-2225,Accountant,1/11/2023,2025-11-09,2023-11,features_attributes.csv
CUS_0xbef3,Abboudq,22,239-39-4735,Manager,1/11/2023,2025-11-09,2023-11,features_attributes.csv
CUS_0xbefe,Rebaudoq,20,544-36-0883,Manager,1/11/2023,2025-11-09,2023-11,features_attributes.csv
CUS_0xbf0b,all Palmerl,21_,296-68-3706,Scientist,1/11/2023,2025-11-09,2023-11,features_attributes.csv
CUS_0xc01a,Carolineg,56,084-85-3392,Teacher,1/11/2023,2025-11-09,2023-11,features_attributes.csv
CUS_0xc03f,Miyoungt,18,190-20-8188,Writer,1/11/2023,2025-11-09,2023-11,features_attributes.csv
CUS_0xc0f8,ey Swatiy,42,346-22-6698,Mechanic,1/11/2023,2025-11-09,2023-11,features_attributes.csv
CUS_0xc106,Andreax,6360,957-59-3053,Teacher,1/11/2023,2025-11-09,2023-11,features_attributes.csv
CUS_0xc216,Dawsont,16_,011-44-1570,Scientist,1/11/2023,2025-11-09,2023-11,features_attributes.csv
CUS_0xc23d,Luciax,30,031-88-3485,Scientist,1/11/2023,2025-11-09,2023-11,features_attributes.csv
CUS_0xc2a4,Olivia Oranu,50,589-36-3821,_______,1/11/2023,2025-11-09,2023-11,features_attributes.csv
CUS_0xc3ae,Masono,38,218-10-0201,Developer,1/11/2023,2025-11-09,2023-11,features_attributes.csv
CUS_0xc3cf,Michele Kambasq,37,126-62-0007,Journalist,1/11/2023,2025-11-09,2023-11,features_attributes.csv
CUS_0xc4ad,Christiaan Hetznerq,26,212-17-4981,Accountant,1/11/2023,2025-11-09,2023-11,features_attributes.csv
CUS_0xc4f5,Jessica Wohlf,23,062-13-0532,Musician,1/11/2023,2025-11-09,2023-11,features_attributes.csv
CUS_0xc594,Jan Harveyh,56_,#F%$D@*&8,_______,1/11/2023,2025-11-09,2023-11,features_attributes.csv
CUS_0xc5a3,Alexei Oreskovicb,19,512-47-9593,Doctor,1/11/2023,2025-11-09,2023-11,features_attributes.csv
CUS_0xc669,Arakalil,17,946-81-7489,Doctor,1/11/2023,2025-11-09,2023-11,features_attributes.csv
CUS_0xc727,Lionel Laurentl,37,559-56-3897,Media_Manager,1/11/2023,2025-11-09,2023-11,features_attributes.csv
CUS_0xc74,Helen Massy-Beresfordq,24,474-28-4743,Entrepreneur,1/11/2023,2025-11-09,2023-11,features_attributes.csv
CUS_0xd40,Aaron Maashoh,23,#F%$D@*&8,Scientist,1/11/2023,2025-11-09,2023-11,features_attributes.csv
CUS_0xddf,Herbert Lasha,35,528-66-3364,Lawyer,1/11/2023,2025-11-09,2023-11,features_attributes.csv
CUS_0xe10,Mikolajczakj,28,583-35-0246,Teacher,1/11/2023,2025-11-09,2023-11,features_attributes.csv
CUS_0xe57,Karolinal,39,863-54-4919,Journalist,1/11/2023,2025-11-09,2023-11,features_attributes.csv
CUS_0xeda,Ringstrom Johanm,43,445-18-7956,Mechanic,1/11/2023,2025-11-09,2023-11,features_attributes.csv
CUS_0xf19,Orhanz,44,148-07-6236,Musician,1/11/2023,2025-11-09,2023-11,features_attributes.csv
CUS_0xf3e,Marit,43,690-21-5356,Journalist,1/11/2023,2025-11-09,2023-11,features_attributes.csv
CUS_0xf50,Baghdjianv,20,026-23-7011,Journalist,1/11/2023,2025-11-09,2023-11,features_attributes.csv
