Customer_ID,Name,Age,SSN,Occupation,snapshot_date,ingest_dt,snap_ym,source_file
CUS_0x1075,Dorfmanv,39,225-94-8383,Manager,1/5/2024,2025-11-09,2024-05,features_attributes.csv
CUS_0x1185,Groverj,25,238-50-2115,Accountant,1/5/2024,2025-11-09,2024-05,features_attributes.csv
CUS_0x1190,Toonkelc,45,#F%$D@*&8,Media_Manager,1/5/2024,2025-11-09,2024-05,features_attributes.csv
CUS_0x122f,Donovang,236,179-85-5358,Media_Manager,1/5/2024,2025-11-09,2024-05,features_attributes.csv
CUS_0x1233,Tetsushi Kajimotox,51,816-01-8282,Entrepreneur,1/5/2024,2025-11-09,2024-05,features_attributes.csv
CUS_0x1236,Felsenthalq,25,144-88-9752,Scientist,1/5/2024,2025-11-09,2024-05,features_attributes.csv
CUS_0x1249,Soyoung Kimm,32,851-75-4209,Teacher,1/5/2024,2025-11-09,2024-05,features_attributes.csv
CUS_0x125c,Luciae,35,298-95-1359,Manager,1/5/2024,2025-11-09,2024-05,features_attributes.csv
CUS_0x128f,David Gaffenk,32,015-60-0619,Teacher,1/5/2024,2025-11-09,2024-05,features_attributes.csv
CUS_0x131f,Silke Koltrowitzl,46,006-11-7238,Developer,1/5/2024,2025-11-09,2024-05,features_attributes.csv
CUS_0x133b,Bernard Vaughanz,33,072-54-2150,Lawyer,1/5/2024,2025-11-09,2024-05,features_attributes.csv
CUS_0x1382,Olesya Dmitracovaq,45,#F%$D@*&8,Entrepreneur,1/5/2024,2025-11-09,2024-05,features_attributes.csv
CUS_0x148e,N.o,45,942-00-5565,Accountant,1/5/2024,2025-11-09,2024-05,features_attributes.csv
CUS_0x150b,Pete Sweeneyw,21,459-49-6464,Entrepreneur,1/5/2024,2025-11-09,2024-05,features_attributes.csv
CUS_0x15a7,Philippy,22,755-77-1230,Mechanic,1/5/2024,2025-11-09,2024-05,features_attributes.csv
CUS_0x15b4,Virkid,23,648-00-4817,Musician,1/5/2024,2025-11-09,2024-05,features_attributes.csv
CUS_0x15dd,Annq,7490,794-51-3706,Architect,1/5/2024,2025-11-09,2024-05,features_attributes.csv
CUS_0x162f,"OLeary\"k",35,170-70-1371,Engineer,1/5/2024,2025-11-09,2024-05,features_attributes.csv
CUS_0x1631,Karen Jacobsy,45,453-64-2565,Mechanic,1/5/2024,2025-11-09,2024-05,features_attributes.csv
CUS_0x17e5,Alison Griswoldo,27,175-33-5803,Scientist,1/5/2024,2025-11-09,2024-05,features_attributes.csv
CUS_0x19c1,Mattq,43,246-36-9292,Teacher,1/5/2024,2025-11-09,2024-05,features_attributes.csv
CUS_0x1a22,Hoytb,29,570-38-5531,Developer,1/5/2024,2025-11-09,2024-05,features_attributes.csv
CUS_0x1a5c,Jedb,40,691-48-1115,_______,1/5/2024,2025-11-09,2024-05,features_attributes.csv
CUS_0x1b55,Matthew Robinsonp,41,468-81-7192,Lawyer,1/5/2024,2025-11-09,2024-05,features_attributes.csv
CUS_0x1b62,Huffstutterh,24,564-56-0485,Developer,1/5/2024,2025-11-09,2024-05,features_attributes.csv
CUS_0x1cb8,Antoniolil,53_,550-64-9594,Mechanic,1/5/2024,2025-11-09,2024-05,features_attributes.csv
CUS_0x1ce6,Gertrude Chavez-Dreyfussy,34,006-25-8423,Journalist,1/5/2024,2025-11-09,2024-05,features_attributes.csv
CUS_0x1d28,Mutikanim,22,075-04-2227,Entrepreneur,1/5/2024,2025-11-09,2024-05,features_attributes.csv
CUS_0x1dab,Jonathan Stempeld,30,#F%$D@*&8,Writer,1/5/2024,2025-11-09,2024-05,features_attributes.csv
CUS_0x1dac,Dhanya Skariachanr,29_,235-35-8527,Mechanic,1/5/2024,2025-11-09,2024-05,features_attributes.csv
CUS_0x1dc4,Doeringr,42,809-45-0364,Journalist,1/5/2024,2025-11-09,2024-05,features_attributes.csv
CUS_0x1e76,Ransdello,20,600-30-3371,Musician,1/5/2024,2025-11-09,2024-05,features_attributes.csv
CUS_0x1e84,Suev,49,000-08-1349,Media_Manager,1/5/2024,2025-11-09,2024-05,features_attributes.csv
CUS_0x1ea8,Deepaz,30,686-34-7861,Teacher,1/5/2024,2025-11-09,2024-05,features_attributes.csv
CUS_0x1f46,Emily Kaiserq,49,361-05-2128,Lawyer,1/5/2024,2025-11-09,2024-05,features_attributes.csv
CUS_0x1f64,Piersonq,41,477-78-7314,Accountant,1/5/2024,2025-11-09,2024-05,features_attributes.csv
CUS_0x1f70,ewich Noelf,55,976-79-4462,Scientist,1/5/2024,2025-11-09,2024-05,features_attributes.csv
CUS_0x1fbe,Barrg,29,325-49-4807,Writer,1/5/2024,2025-11-09,2024-05,features_attributes.csv
CUS_0x1fd1,Marcin Goettigd,32,005-25-5327,Writer,1/5/2024,2025-11-09,2024-05,features_attributes.csv
CUS_0x2004,Henning Gloysteinb,27_,925-81-5909,Entrepreneur,1/5/2024,2025-11-09,2024-05,features_attributes.csv
CUS_0x2009,er Huebnerp,41,572-47-1898,Doctor,1/5/2024,2025-11-09,2024-05,features_attributes.csv
CUS_0x2040,David Jonesv,24,420-67-6873,Entrepreneur,1/5/2024,2025-11-09,2024-05,features_attributes.csv
CUS_0x20a1,Luciana Lopezw,23,212-13-0498,Manager,1/5/2024,2025-11-09,2024-05,features_attributes.csv
CUS_0x218e,Richardu,15,687-39-9703,Accountant,1/5/2024,2025-11-09,2024-05,features_attributes.csv
CUS_0x21c8,Aditi Shrivastavau,45,074-08-0931,Engineer,1/5/2024,2025-11-09,2024-05,features_attributes.csv
CUS_0x2205,Raymondy,18,668-83-2820,Manager,1/5/2024,2025-11-09,2024-05,features_attributes.csv
CUS_0x22b7,Gellert,41,366-16-4398,Doctor,1/5/2024,2025-11-09,2024-05,features_attributes.csv
CUS_0x22e5,Foo Yund,50,253-38-4576,Mechanic,1/5/2024,2025-11-09,2024-05,features_attributes.csv
CUS_0x2306,George Georgiopoulosh,54,260-24-2546,Teacher,1/5/2024,2025-11-09,2024-05,features_attributes.csv
CUS_0x230a,Lashx,48,902-99-6202,_______,1/5/2024,2025-11-09,2024-05,features_attributes.csv
CUS_0x23e5,Liana B.t,15,788-23-1545,_______,1/5/2024,2025-11-09,2024-05,features_attributes.csv
CUS_0x240e,Lukex,37,944-76-1544,Writer,1/5/2024,2025-11-09,2024-05,features_attributes.csv
CUS_0x2452,Juccak,17,144-82-6902,_______,1/5/2024,2025-11-09,2024-05,features_attributes.csv
CUS_0x246a,Frenchx,41,300-96-4100,Mechanic,1/5/2024,2025-11-09,2024-05,features_attributes.csv
CUS_0x2472,Bradenl,54,530-80-8025,Teacher,1/5/2024,2025-11-09,2024-05,features_attributes.csv
CUS_0x2477,Jasone,27,931-19-6828,_______,1/5/2024,2025-11-09,2024-05,features_attributes.csv
CUS_0x24f6,Vlastelicaw,27,557-51-8001,Manager,1/5/2024,2025-11-09,2024-05,features_attributes.csv
CUS_0x258c,Rhys Joness,56,653-75-3150,Journalist,1/5/2024,2025-11-09,2024-05,features_attributes.csv
CUS_0x25f6,Nishant Kumard,15,781-55-7343,Mechanic,1/5/2024,2025-11-09,2024-05,features_attributes.csv
CUS_0x25f8,Wilchinsc,15,309-78-5676,_______,1/5/2024,2025-11-09,2024-05,features_attributes.csv
CUS_0x260b,Angela Moonn,15_,858-17-9511,Doctor,1/5/2024,2025-11-09,2024-05,features_attributes.csv
CUS_0x26f2,Margaret Chadbournt,39,893-10-4881,Media_Manager,1/5/2024,2025-11-09,2024-05,features_attributes.csv
CUS_0x26f5,Angelan,36,452-24-7475,Writer,1/5/2024,2025-11-09,2024-05,features_attributes.csv
CUS_0x2703,Maltezouc,38,188-67-4231,Doctor,1/5/2024,2025-11-09,2024-05,features_attributes.csv
CUS_0x2811,Paul Lienertz,35,470-38-8761,Architect,1/5/2024,2025-11-09,2024-05,features_attributes.csv
CUS_0x289b,Krista Hughest,39,543-28-4296,_______,1/5/2024,2025-11-09,2024-05,features_attributes.csv
CUS_0x28a6,Davidc,49,695-78-8170,Writer,1/5/2024,2025-11-09,2024-05,features_attributes.csv
CUS_0x290b,Emmottk,29,833-02-7565,Scientist,1/5/2024,2025-11-09,2024-05,features_attributes.csv
CUS_0x2916,LaCaprax,43,794-99-9113,Mechanic,1/5/2024,2025-11-09,2024-05,features_attributes.csv
CUS_0x291b,Kubotad,29,711-53-7330,Lawyer,1/5/2024,2025-11-09,2024-05,features_attributes.csv
CUS_0x2984,Dhanyay,19,044-39-3966,Lawyer,1/5/2024,2025-11-09,2024-05,features_attributes.csv
CUS_0x29e7,Anna Drivery,18,987-86-2554,_______,1/5/2024,2025-11-09,2024-05,features_attributes.csv
CUS_0x29fd,Steven C.g,29,165-17-6571,Developer,1/5/2024,2025-11-09,2024-05,features_attributes.csv
CUS_0x29ff,Herbert Lashz,52,145-67-9263,Musician,1/5/2024,2025-11-09,2024-05,features_attributes.csv
CUS_0x2a57,Meganx,20,274-80-1161,Engineer,1/5/2024,2025-11-09,2024-05,features_attributes.csv
CUS_0x2be1,Aradhana Aravindanz,32,463-18-6967,Media_Manager,1/5/2024,2025-11-09,2024-05,features_attributes.csv
CUS_0x2c10,Erin Geigerm,32,561-72-0012,Engineer,1/5/2024,2025-11-09,2024-05,features_attributes.csv
CUS_0x2c75,Takadaw,27,#F%$D@*&8,Accountant,1/5/2024,2025-11-09,2024-05,features_attributes.csv
CUS_0x2d1a,Gavin Jonesa,53,174-58-5556,Musician,1/5/2024,2025-11-09,2024-05,features_attributes.csv
CUS_0x2e01,Stq,29,639-31-4177,Writer,1/5/2024,2025-11-09,2024-05,features_attributes.csv
CUS_0x2e4c,Karen Freifeldg,20,354-71-3215,Lawyer,1/5/2024,2025-11-09,2024-05,features_attributes.csv
CUS_0x2e65,Felipe Iturrietae,21,236-72-3822,Architect,1/5/2024,2025-11-09,2024-05,features_attributes.csv
CUS_0x2e8a,Lefteriss,52,807-46-9616,Lawyer,1/5/2024,2025-11-09,2024-05,features_attributes.csv
CUS_0x2e9e,Dan Wilchinsr,50,450-66-5479,Developer,1/5/2024,2025-11-09,2024-05,features_attributes.csv
CUS_0x2ebb,Johns,49,293-19-6593,Developer,1/5/2024,2025-11-09,2024-05,features_attributes.csv
CUS_0x2f78,Emilyj,50,#F%$D@*&8,Entrepreneur,1/5/2024,2025-11-09,2024-05,features_attributes.csv
CUS_0x302f,Alistair Barri,30,971-08-8220,Accountant,1/5/2024,2025-11-09,2024-05,features_attributes.csv
CUS_0x315f,Vladimird,54,940-94-4342,Mechanic,1/5/2024,2025-11-09,2024-05,features_attributes.csv
CUS_0x31e0,Chrisx,42,404-17-9909,Media_Manager,1/5/2024,2025-11-09,2024-05,features_attributes.csv
CUS_0x3229,Poornima Guptaz,38,297-70-4360,Writer,1/5/2024,2025-11-09,2024-05,features_attributes.csv
CUS_0x32a9,Yara Bayoumyd,23,708-76-8725,Manager,1/5/2024,2025-11-09,2024-05,features_attributes.csv
CUS_0x32ce,Nate Raymondd,31,153-11-6855,Accountant,1/5/2024,2025-11-09,2024-05,features_attributes.csv
CUS_0x331a,Clare Baldwinr,-500,708-93-5779,Developer,1/5/2024,2025-11-09,2024-05,features_attributes.csv
CUS_0x3385,Anna Yukhananovy,26,#F%$D@*&8,Mechanic,1/5/2024,2025-11-09,2024-05,features_attributes.csv
CUS_0x3678,Alistair Barrv,16,018-45-4860,Entrepreneur,1/5/2024,2025-11-09,2024-05,features_attributes.csv
CUS_0x3716,Bartv,55,979-93-9286,Musician,1/5/2024,2025-11-09,2024-05,features_attributes.csv
CUS_0x37be,Grantl,23,137-14-1045,Writer,1/5/2024,2025-11-09,2024-05,features_attributes.csv
CUS_0x386c,Helen Nyambura-Mwaurar,23,810-66-9223,Media_Manager,1/5/2024,2025-11-09,2024-05,features_attributes.csv
CUS_0x387b,Thomas Ferraroy,17,845-39-5956,Developer,1/5/2024,2025-11-09,2024-05,features_attributes.csv
CUS_0x38c4,Yooq,35,381-41-6439,Doctor,1/5/2024,2025-11-09,2024-05,features_attributes.csv
CUS_0x399d,Nick Olivaris,26,276-27-5074,Developer,1/5/2024,2025-11-09,2024-05,features_attributes.csv
CUS_0x39a0,Guillaumeo,33,365-78-5880,Scientist,1/5/2024,2025-11-09,2024-05,features_attributes.csv
CUS_0x39ce,C.l,25,988-45-2984,Media_Manager,1/5/2024,2025-11-09,2024-05,features_attributes.csv
CUS_0x39d8,Clareu,32,741-13-7939,Writer,1/5/2024,2025-11-09,2024-05,features_attributes.csv
CUS_0x3b60,Skariachanx,44,279-38-5027,Mechanic,1/5/2024,2025-11-09,2024-05,features_attributes.csv
CUS_0x3bba,LaCapram,40,625-83-8662,Musician,1/5/2024,2025-11-09,2024-05,features_attributes.csv
CUS_0x3cb6,Davenportj,34,918-41-4565,Musician,1/5/2024,2025-11-09,2024-05,features_attributes.csv
CUS_0x3d09,Richai,43,676-69-6112,Media_Manager,1/5/2024,2025-11-09,2024-05,features_attributes.csv
CUS_0x3d7e,Lisaa,36,809-41-5393,_______,1/5/2024,2025-11-09,2024-05,features_attributes.csv
CUS_0x3de4,Sarah Whitep,41,885-56-1293,Musician,1/5/2024,2025-11-09,2024-05,features_attributes.csv
CUS_0x3def,Atossa Araxiao,44,684-00-2977,Media_Manager,1/5/2024,2025-11-09,2024-05,features_attributes.csv
CUS_0x3e67,ernard Vaughann,45,483-97-0045,Doctor,1/5/2024,2025-11-09,2024-05,features_attributes.csv
CUS_0x3e83,Svea Herbst-Baylissg,35,661-87-8665,Architect,1/5/2024,2025-11-09,2024-05,features_attributes.csv
CUS_0x3e92,Thank,22,199-63-4034,Entrepreneur,1/5/2024,2025-11-09,2024-05,features_attributes.csv
CUS_0x3ed1,Santah,48,263-56-4879,Engineer,1/5/2024,2025-11-09,2024-05,features_attributes.csv
CUS_0x3ee5,Wayne Coleq,4021,696-07-6139,Doctor,1/5/2024,2025-11-09,2024-05,features_attributes.csv
CUS_0x3f37,Peterp,45,966-71-9349,Architect,1/5/2024,2025-11-09,2024-05,features_attributes.csv
CUS_0x3f47,Ridleyc,35,393-00-8916,Musician,1/5/2024,2025-11-09,2024-05,features_attributes.csv
CUS_0x4157,Charlie Zhur,24_,070-19-1622,Doctor,1/5/2024,2025-11-09,2024-05,features_attributes.csv
CUS_0x419a,Doug Palmerh,40,589-09-3413,Mechanic,1/5/2024,2025-11-09,2024-05,features_attributes.csv
CUS_0x41e3,Padraicc,16,705-56-7312,Doctor,1/5/2024,2025-11-09,2024-05,features_attributes.csv
CUS_0x424f,Patrickj,33,352-32-4006,Developer,1/5/2024,2025-11-09,2024-05,features_attributes.csv
CUS_0x4279,Berkowitzk,41,590-25-4528,Architect,1/5/2024,2025-11-09,2024-05,features_attributes.csv
CUS_0x42a5,Kathy Finnc,45,013-16-5858,Manager,1/5/2024,2025-11-09,2024-05,features_attributes.csv
CUS_0x42c3,Carolinez,598,668-97-7763,Entrepreneur,1/5/2024,2025-11-09,2024-05,features_attributes.csv
CUS_0x4357,Koh Guia,29,652-71-9457,Architect,1/5/2024,2025-11-09,2024-05,features_attributes.csv
CUS_0x43a4,Marius Zahariaw,32,601-08-1884,Doctor,1/5/2024,2025-11-09,2024-05,features_attributes.csv
CUS_0x4425,Andreasy,15,821-88-7412,Doctor,1/5/2024,2025-11-09,2024-05,features_attributes.csv
CUS_0x4427,Rebekahi,20,701-15-5918,Engineer,1/5/2024,2025-11-09,2024-05,features_attributes.csv
CUS_0x442b,Evag,48,710-88-0178,Scientist,1/5/2024,2025-11-09,2024-05,features_attributes.csv
CUS_0x44b4,Herbert Lasha,50,400-93-6626,Entrepreneur,1/5/2024,2025-11-09,2024-05,features_attributes.csv
CUS_0x44ec,raden Reddallv,28,856-69-9384,Doctor,1/5/2024,2025-11-09,2024-05,features_attributes.csv
CUS_0x453d,Kevin Yaob,25,376-01-8404,Journalist,1/5/2024,2025-11-09,2024-05,features_attributes.csv
CUS_0x4577,asil Katzh,29,709-02-4843,Writer,1/5/2024,2025-11-09,2024-05,features_attributes.csv
CUS_0x457e,Flitterq,54_,656-83-9494,Journalist,1/5/2024,2025-11-09,2024-05,features_attributes.csv
CUS_0x45de,LaCaprat,33,331-45-2626,Engineer,1/5/2024,2025-11-09,2024-05,features_attributes.csv
CUS_0x45ef,Patrick Temple-Westt,28,687-19-9885,Journalist,1/5/2024,2025-11-09,2024-05,features_attributes.csv
CUS_0x45f7,Cheez,26,#F%$D@*&8,Entrepreneur,1/5/2024,2025-11-09,2024-05,features_attributes.csv
CUS_0x4683,Rodrigow,37,056-47-2213,Developer,1/5/2024,2025-11-09,2024-05,features_attributes.csv
CUS_0x468b,Olivia Orank,40,483-58-2227,Mechanic,1/5/2024,2025-11-09,2024-05,features_attributes.csv
CUS_0x4815,Berginl,32,981-51-2801,_______,1/5/2024,2025-11-09,2024-05,features_attributes.csv
CUS_0x4838,Rodrigom,21,082-10-7518,Musician,1/5/2024,2025-11-09,2024-05,features_attributes.csv
CUS_0x485e,Edwardo,22,550-38-9232,Scientist,1/5/2024,2025-11-09,2024-05,features_attributes.csv
CUS_0x48ab,Edward Taylorp,26,274-03-2463,Doctor,1/5/2024,2025-11-09,2024-05,features_attributes.csv
CUS_0x48cb,Rod Nickelm,32,091-85-5634,Mechanic,1/5/2024,2025-11-09,2024-05,features_attributes.csv
CUS_0x48e5,Foo Yuny,46,195-08-6361,Accountant,1/5/2024,2025-11-09,2024-05,features_attributes.csv
CUS_0x48fd,Liana B.i,20,030-92-1952,Scientist,1/5/2024,2025-11-09,2024-05,features_attributes.csv
CUS_0x4916,Jim Finkler,35,270-26-6300,Engineer,1/5/2024,2025-11-09,2024-05,features_attributes.csv
CUS_0x49d9,Emmottr,29,558-06-8197,Developer,1/5/2024,2025-11-09,2024-05,features_attributes.csv
CUS_0x4a3b,Ronald Grovers,21,589-89-6617,_______,1/5/2024,2025-11-09,2024-05,features_attributes.csv
CUS_0x4aa7,Edward Taylorc,44,743-52-7188,Scientist,1/5/2024,2025-11-09,2024-05,features_attributes.csv
CUS_0x4aee,Polansekl,39,795-12-4901,Architect,1/5/2024,2025-11-09,2024-05,features_attributes.csv
CUS_0x4b1c,Barrf,49,579-85-2474,Architect,1/5/2024,2025-11-09,2024-05,features_attributes.csv
CUS_0x4b2c,Claire Davenporte,34,993-03-5805,Entrepreneur,1/5/2024,2025-11-09,2024-05,features_attributes.csv
CUS_0x4b41,Siddharth Cavalen,48,467-48-3022,Musician,1/5/2024,2025-11-09,2024-05,features_attributes.csv
CUS_0x4b78,"\"Rosalba OBrien\"c",50,722-42-6898,Lawyer,1/5/2024,2025-11-09,2024-05,features_attributes.csv
CUS_0x4bd,Stanleya,55,422-79-5494,Mechanic,1/5/2024,2025-11-09,2024-05,features_attributes.csv
CUS_0x4c61,Lanheef,35,167-60-9343,Teacher,1/5/2024,2025-11-09,2024-05,features_attributes.csv
CUS_0x4c62,Dowsettt,39,149-32-6460,Doctor,1/5/2024,2025-11-09,2024-05,features_attributes.csv
CUS_0x4c9f,Katya Wachtelq,46,842-92-5062,Doctor,1/5/2024,2025-11-09,2024-05,features_attributes.csv
CUS_0x4cb8,Georgina Prodhanl,24,417-86-8323,Doctor,1/5/2024,2025-11-09,2024-05,features_attributes.csv
CUS_0x4d26,Solarinam,20_,133-18-6855,Architect,1/5/2024,2025-11-09,2024-05,features_attributes.csv
CUS_0x4e01,Sarah McBridev,38,475-46-3247,_______,1/5/2024,2025-11-09,2024-05,features_attributes.csv
CUS_0x4ee7,Solarinal,37,999-01-9823,Engineer,1/5/2024,2025-11-09,2024-05,features_attributes.csv
CUS_0x4f07,Jeremy Gauntw,20,435-68-3780,Lawyer,1/5/2024,2025-11-09,2024-05,features_attributes.csv
CUS_0x4f8f,Silken,32_,349-33-5871,Entrepreneur,1/5/2024,2025-11-09,2024-05,features_attributes.csv
CUS_0x5067,Carrell,33,087-60-1097,Lawyer,1/5/2024,2025-11-09,2024-05,features_attributes.csv
CUS_0x510c,Janx,29,917-89-7943,Musician,1/5/2024,2025-11-09,2024-05,features_attributes.csv
CUS_0x5353,Doris Frankely,32,#F%$D@*&8,Manager,1/5/2024,2025-11-09,2024-05,features_attributes.csv
CUS_0x5379,Emma Thomassonw,24,176-84-5216,Developer,1/5/2024,2025-11-09,2024-05,features_attributes.csv
CUS_0x5392,Mitch Lipkau,53,154-82-5108,Scientist,1/5/2024,2025-11-09,2024-05,features_attributes.csv
CUS_0x53bf,Kim Dixonb,30,855-87-2352,Journalist,1/5/2024,2025-11-09,2024-05,features_attributes.csv
CUS_0x544d,Uppalk,29,590-20-7080,Scientist,1/5/2024,2025-11-09,2024-05,features_attributes.csv
CUS_0x54a4,Rachel Armstrongf,51,367-69-8099,Mechanic,1/5/2024,2025-11-09,2024-05,features_attributes.csv
CUS_0x552f,Herberth,17_,828-39-5792,Architect,1/5/2024,2025-11-09,2024-05,features_attributes.csv
CUS_0x55a1,Lisao,46,886-53-5627,Accountant,1/5/2024,2025-11-09,2024-05,features_attributes.csv
CUS_0x55d3,Phil Wahbat,15,382-60-5077,Media_Manager,1/5/2024,2025-11-09,2024-05,features_attributes.csv
CUS_0x55e6,Papachristoug,52,674-87-7848,Doctor,1/5/2024,2025-11-09,2024-05,features_attributes.csv
CUS_0x56a5,Siegi,54,791-07-4874,Entrepreneur,1/5/2024,2025-11-09,2024-05,features_attributes.csv
CUS_0x56f5,Huw Jonesx,27,300-96-8465,Lawyer,1/5/2024,2025-11-09,2024-05,features_attributes.csv
CUS_0x583c,Malathi Nayake,32,836-54-2857,Accountant,1/5/2024,2025-11-09,2024-05,features_attributes.csv
CUS_0x58d4,Rothackerf,53,190-54-2903,Architect,1/5/2024,2025-11-09,2024-05,features_attributes.csv
CUS_0x5953,Andys,32,603-30-8078,Journalist,1/5/2024,2025-11-09,2024-05,features_attributes.csv
CUS_0x59cd,Conor Humphriese,32,741-73-1869,Musician,1/5/2024,2025-11-09,2024-05,features_attributes.csv
CUS_0x5b0d,Holtons,18,740-39-0372,_______,1/5/2024,2025-11-09,2024-05,features_attributes.csv
CUS_0x5b28,Teresao,16,806-77-5618,Teacher,1/5/2024,2025-11-09,2024-05,features_attributes.csv
CUS_0x5bcb,Daniel Flynnm,33,543-33-4896,Developer,1/5/2024,2025-11-09,2024-05,features_attributes.csv
CUS_0x5c5,Jonathan Cablei,25,926-30-3234,Musician,1/5/2024,2025-11-09,2024-05,features_attributes.csv
CUS_0x5cdf,Wohli,18,616-36-8188,Musician,1/5/2024,2025-11-09,2024-05,features_attributes.csv
CUS_0x5d4f,Deepa Seetharamani,40,#F%$D@*&8,Architect,1/5/2024,2025-11-09,2024-05,features_attributes.csv
CUS_0x5e53,er Davidh,18,982-11-1159,Teacher,1/5/2024,2025-11-09,2024-05,features_attributes.csv
CUS_0x5f3d,Emma Thomassong,35,289-24-3310,Doctor,1/5/2024,2025-11-09,2024-05,features_attributes.csv
CUS_0x5f7a,Dorisi,36,813-61-9127,Media_Manager,1/5/2024,2025-11-09,2024-05,features_attributes.csv
CUS_0x5fc5,Krolickia,45,609-69-3346,Developer,1/5/2024,2025-11-09,2024-05,features_attributes.csv
CUS_0x6156,Kristen Haysx,41_,525-65-7152,Writer,1/5/2024,2025-11-09,2024-05,features_attributes.csv
CUS_0x61d5,Martinney,32,407-26-8327,Architect,1/5/2024,2025-11-09,2024-05,features_attributes.csv
CUS_0x61e0,Paul Carrelk,24,561-53-6530,Architect,1/5/2024,2025-11-09,2024-05,features_attributes.csv
CUS_0x6236,Arunai,1418,267-72-4028,Manager,1/5/2024,2025-11-09,2024-05,features_attributes.csv
CUS_0x624e,Elinor Comlayp,51_,949-49-0437,Engineer,1/5/2024,2025-11-09,2024-05,features_attributes.csv
CUS_0x6282,Anjulij,54,405-49-6814,Entrepreneur,1/5/2024,2025-11-09,2024-05,features_attributes.csv
CUS_0x6294,Dhanya Skariachanh,28,221-84-2475,Manager,1/5/2024,2025-11-09,2024-05,features_attributes.csv
CUS_0x62f8,Holdend,32,#F%$D@*&8,Architect,1/5/2024,2025-11-09,2024-05,features_attributes.csv
CUS_0x6320,Halsv,45,442-44-5714,Scientist,1/5/2024,2025-11-09,2024-05,features_attributes.csv
CUS_0x63b7,Lashn,35,736-70-3175,Mechanic,1/5/2024,2025-11-09,2024-05,features_attributes.csv
CUS_0x63f1,Harry Papachristouf,37,677-88-8959,_______,1/5/2024,2025-11-09,2024-05,features_attributes.csv
CUS_0x640e,Foo Yunf,29,584-41-4520,Scientist,1/5/2024,2025-11-09,2024-05,features_attributes.csv
CUS_0x641e,Joy Leungh,32,690-02-3558,Mechanic,1/5/2024,2025-11-09,2024-05,features_attributes.csv
CUS_0x648c,Margaret Chadbournq,16,677-13-6237,Doctor,1/5/2024,2025-11-09,2024-05,features_attributes.csv
CUS_0x64ed,Yinka Adegokeh,55,689-21-2670,Musician,1/5/2024,2025-11-09,2024-05,features_attributes.csv
CUS_0x65cf,Abhishek Vishnoio,41,099-60-2680,Journalist,1/5/2024,2025-11-09,2024-05,features_attributes.csv
CUS_0x6698,Emi Emotos,28,164-76-2281,_______,1/5/2024,2025-11-09,2024-05,features_attributes.csv
CUS_0x66e0,Louise Egani,15,287-30-3523,Accountant,1/5/2024,2025-11-09,2024-05,features_attributes.csv
CUS_0x670c,Michael Martinay,42,666-06-3235,Musician,1/5/2024,2025-11-09,2024-05,features_attributes.csv
CUS_0x6786,Mirnag,49,689-38-7006,_______,1/5/2024,2025-11-09,2024-05,features_attributes.csv
CUS_0x679e,McCrankm,18,733-65-8835,Teacher,1/5/2024,2025-11-09,2024-05,features_attributes.csv
CUS_0x67b5,Hughesg,25,802-54-8603,Architect,1/5/2024,2025-11-09,2024-05,features_attributes.csv
CUS_0x67bb,ra Alperq,34,952-70-2786,Architect,1/5/2024,2025-11-09,2024-05,features_attributes.csv
CUS_0x6807,Chenr,37,147-59-2959,Entrepreneur,1/5/2024,2025-11-09,2024-05,features_attributes.csv
CUS_0x6854,Jonathanu,50,316-84-2157,Scientist,1/5/2024,2025-11-09,2024-05,features_attributes.csv
CUS_0x68b4,Emmanuel Jarryg,51,746-29-2436,Engineer,1/5/2024,2025-11-09,2024-05,features_attributes.csv
CUS_0x68be,Nishant Kumarx,15,699-83-1909,Media_Manager,1/5/2024,2025-11-09,2024-05,features_attributes.csv
CUS_0x691,Nelsony,19,265-27-9540,Journalist,1/5/2024,2025-11-09,2024-05,features_attributes.csv
CUS_0x6947,Alex Frewf,16,#F%$D@*&8,Media_Manager,1/5/2024,2025-11-09,2024-05,features_attributes.csv
CUS_0x69a9,Blamontg,19,#F%$D@*&8,Writer,1/5/2024,2025-11-09,2024-05,features_attributes.csv
CUS_0x6a33,Fooh,33,857-00-0192,Scientist,1/5/2024,2025-11-09,2024-05,features_attributes.csv
CUS_0x6a84,imarte Walterx,45,670-40-8222,_______,1/5/2024,2025-11-09,2024-05,features_attributes.csv
CUS_0x6b13,David Joneso,20,766-63-6764,Scientist,1/5/2024,2025-11-09,2024-05,features_attributes.csv
CUS_0x6b56,Lesley Wroughtone,31,165-16-8474,Scientist,1/5/2024,2025-11-09,2024-05,features_attributes.csv
CUS_0x6ba7,Emily Flitters,55,190-50-0587,Manager,1/5/2024,2025-11-09,2024-05,features_attributes.csv
CUS_0x6c24,enz,19,302-41-4735,Teacher,1/5/2024,2025-11-09,2024-05,features_attributes.csv
CUS_0x6cc3,Philip Blenkinsopv,29,513-63-4014,Manager,1/5/2024,2025-11-09,2024-05,features_attributes.csv
CUS_0x6ce0,Miless,28,#F%$D@*&8,Mechanic,1/5/2024,2025-11-09,2024-05,features_attributes.csv
CUS_0x6ced,Bernie Woodalln,34,563-01-6338,Accountant,1/5/2024,2025-11-09,2024-05,features_attributes.csv
CUS_0x6d25,Arnon,39,302-04-8460,Mechanic,1/5/2024,2025-11-09,2024-05,features_attributes.csv
CUS_0x6dc5,Viswanathaf,19,#F%$D@*&8,Engineer,1/5/2024,2025-11-09,2024-05,features_attributes.csv
CUS_0x6e7,Rachelle Younglaik,34,636-33-5615,Engineer,1/5/2024,2025-11-09,2024-05,features_attributes.csv
CUS_0x6eb9,Herbertx,39,282-62-0950,Manager,1/5/2024,2025-11-09,2024-05,features_attributes.csv
CUS_0x6f59,Denaw,28,249-34-8255,Media_Manager,1/5/2024,2025-11-09,2024-05,features_attributes.csv
CUS_0x6f5f,Nick Brownn,25,891-00-5252,_______,1/5/2024,2025-11-09,2024-05,features_attributes.csv
CUS_0x6f74,Nigelp,40,519-80-5348,Teacher,1/5/2024,2025-11-09,2024-05,features_attributes.csv
CUS_0x7042,Goldsteinv,31,017-34-7557,_______,1/5/2024,2025-11-09,2024-05,features_attributes.csv
CUS_0x711e,Annav,43,579-88-7586,Writer,1/5/2024,2025-11-09,2024-05,features_attributes.csv
CUS_0x717e,Denny Thomast,29,#F%$D@*&8,Doctor,1/5/2024,2025-11-09,2024-05,features_attributes.csv
CUS_0x7226,David Stanwayb,42,#F%$D@*&8,Mechanic,1/5/2024,2025-11-09,2024-05,features_attributes.csv
CUS_0x724a,Alisterr,31,719-37-1810,Architect,1/5/2024,2025-11-09,2024-05,features_attributes.csv
CUS_0x7319,Dhanya Skariachany,50,847-33-7456,Scientist,1/5/2024,2025-11-09,2024-05,features_attributes.csv
CUS_0x734d,Pawel Florkiewiczp,45,#F%$D@*&8,Entrepreneur,1/5/2024,2025-11-09,2024-05,features_attributes.csv
CUS_0x7387,Chuck Mikolajczakt,44,554-37-0679,Teacher,1/5/2024,2025-11-09,2024-05,features_attributes.csv
CUS_0x738b,Leahh,25,769-44-1950,Accountant,1/5/2024,2025-11-09,2024-05,features_attributes.csv
CUS_0x73c1,Herberto,33,019-77-0295,Entrepreneur,1/5/2024,2025-11-09,2024-05,features_attributes.csv
CUS_0x7414,Kevin Drawbaughu,32,913-51-4641,Engineer,1/5/2024,2025-11-09,2024-05,features_attributes.csv
CUS_0x753,Barrz,49,250-36-8350,Manager,1/5/2024,2025-11-09,2024-05,features_attributes.csv
CUS_0x7546,Brownt,24,865-51-0008,Entrepreneur,1/5/2024,2025-11-09,2024-05,features_attributes.csv
CUS_0x755e,Kirstino,28,472-41-4865,Accountant,1/5/2024,2025-11-09,2024-05,features_attributes.csv
CUS_0x7594,Langeo,15,755-53-3944,Engineer,1/5/2024,2025-11-09,2024-05,features_attributes.csv
CUS_0x761b,Carlos Ruanoq,51,634-08-0753,Developer,1/5/2024,2025-11-09,2024-05,features_attributes.csv
CUS_0x766b,Jasonf,54,586-93-2728,Manager,1/5/2024,2025-11-09,2024-05,features_attributes.csv
CUS_0x76ad,Brownu,7776,964-38-3338,Mechanic,1/5/2024,2025-11-09,2024-05,features_attributes.csv
CUS_0x76b8,Reesee,27,156-97-2485,Engineer,1/5/2024,2025-11-09,2024-05,features_attributes.csv
CUS_0x7736,ernard Vaughani,40,697-71-5438,Musician,1/5/2024,2025-11-09,2024-05,features_attributes.csv
CUS_0x77f8,Michael Martinah,48,893-81-8271,Engineer,1/5/2024,2025-11-09,2024-05,features_attributes.csv
CUS_0x77fc,Stephens,15,641-81-0687,Journalist,1/5/2024,2025-11-09,2024-05,features_attributes.csv
CUS_0x785,Patricia Duarten,43,949-02-1723,Media_Manager,1/5/2024,2025-11-09,2024-05,features_attributes.csv
CUS_0x786,Virkiw,35,052-06-5984,Lawyer,1/5/2024,2025-11-09,2024-05,features_attributes.csv
CUS_0x78d,Rick Rothackerf,33,209-53-3717,_______,1/5/2024,2025-11-09,2024-05,features_attributes.csv
CUS_0x7925,Paulv,37,228-11-9667,Teacher,1/5/2024,2025-11-09,2024-05,features_attributes.csv
CUS_0x793f,Valentinay,43,037-96-1958,Teacher,1/5/2024,2025-11-09,2024-05,features_attributes.csv
CUS_0x7982,Alexei Oreskovicz,38,322-39-3378,Writer,1/5/2024,2025-11-09,2024-05,features_attributes.csv
CUS_0x79d5,Tomx,34,788-50-6387,Architect,1/5/2024,2025-11-09,2024-05,features_attributes.csv
CUS_0x7a24,Cheeu,41,409-59-5476,Teacher,1/5/2024,2025-11-09,2024-05,features_attributes.csv
CUS_0x7a50,Kateo,51,815-15-5821,Journalist,1/5/2024,2025-11-09,2024-05,features_attributes.csv
CUS_0x7a9f,Mattm,7060,190-28-3757,Scientist,1/5/2024,2025-11-09,2024-05,features_attributes.csv
CUS_0x7b30,Clare Jimz,36,064-85-0175,Scientist,1/5/2024,2025-11-09,2024-05,features_attributes.csv
CUS_0x7d5e,Limg,20,063-39-1383,Journalist,1/5/2024,2025-11-09,2024-05,features_attributes.csv
CUS_0x7e25,Ayesha Rascoey,19,755-90-5835,_______,1/5/2024,2025-11-09,2024-05,features_attributes.csv
CUS_0x7e30,Jo Winterbottomo,28,788-76-9513,Musician,1/5/2024,2025-11-09,2024-05,features_attributes.csv
CUS_0x7f08,Gregs,36,597-26-2038,Writer,1/5/2024,2025-11-09,2024-05,features_attributes.csv
CUS_0x7f4b,Skariachant,30,785-54-6479,Accountant,1/5/2024,2025-11-09,2024-05,features_attributes.csv
CUS_0x7fe3,Anna Ringstromn,42,561-77-1789,Developer,1/5/2024,2025-11-09,2024-05,features_attributes.csv
CUS_0x80f4,Phil Wahbaj,43,564-68-7608,Lawyer,1/5/2024,2025-11-09,2024-05,features_attributes.csv
CUS_0x81f5,Skariachany,14,038-08-6519,Engineer,1/5/2024,2025-11-09,2024-05,features_attributes.csv
CUS_0x8201,Arunaj,51,055-48-9724,Musician,1/5/2024,2025-11-09,2024-05,features_attributes.csv
CUS_0x82d,Phil Wahbas,25,678-05-1602,_______,1/5/2024,2025-11-09,2024-05,features_attributes.csv
CUS_0x82dd,Norihiko Shirouzuw,20,473-98-6511,Mechanic,1/5/2024,2025-11-09,2024-05,features_attributes.csv
CUS_0x82ff,Laurence Frostm,24,276-50-0369,Musician,1/5/2024,2025-11-09,2024-05,features_attributes.csv
CUS_0x830e,Lisaf,42,864-43-4445,Lawyer,1/5/2024,2025-11-09,2024-05,features_attributes.csv
CUS_0x8318,Gormanu,15,303-37-5470,Lawyer,1/5/2024,2025-11-09,2024-05,features_attributes.csv
CUS_0x8336,"\"Johnn",40,#F%$D@*&8,Manager,1/5/2024,2025-11-09,2024-05,features_attributes.csv
CUS_0x8363,Matthieu Protardq,18,523-28-6460,Manager,1/5/2024,2025-11-09,2024-05,features_attributes.csv
CUS_0x8380,enf,16,565-13-2667,Lawyer,1/5/2024,2025-11-09,2024-05,features_attributes.csv
CUS_0x839e,Alwynv,23,378-13-1593,Scientist,1/5/2024,2025-11-09,2024-05,features_attributes.csv
CUS_0x83a1,Jessica Wohlg,55,963-21-5491,Lawyer,1/5/2024,2025-11-09,2024-05,features_attributes.csv
CUS_0x8417,Thanv,20,941-02-3149,Lawyer,1/5/2024,2025-11-09,2024-05,features_attributes.csv
CUS_0x843,"OCallaghan\"e",33,122-62-5484,Scientist,1/5/2024,2025-11-09,2024-05,features_attributes.csv
CUS_0x8430,Ellen Freilichr,34,459-80-5416,Media_Manager,1/5/2024,2025-11-09,2024-05,features_attributes.csv
CUS_0x8464,Deepal,45,909-43-8498,Architect,1/5/2024,2025-11-09,2024-05,features_attributes.csv
CUS_0x848d,Shermanv,30,243-02-6463,Media_Manager,1/5/2024,2025-11-09,2024-05,features_attributes.csv
CUS_0x849d,Baynesa,36,730-96-4622,Media_Manager,1/5/2024,2025-11-09,2024-05,features_attributes.csv
CUS_0x84c,David Henryg,30,211-24-6887,Scientist,1/5/2024,2025-11-09,2024-05,features_attributes.csv
CUS_0x850f,David Stanwayn,38,932-37-1770,Scientist,1/5/2024,2025-11-09,2024-05,features_attributes.csv
CUS_0x8543,Ulf Laessingu,4862,756-77-9650,Musician,1/5/2024,2025-11-09,2024-05,features_attributes.csv
CUS_0x8588,Kiyoshir,35,822-09-0533,Doctor,1/5/2024,2025-11-09,2024-05,features_attributes.csv
CUS_0x8670,Mackenziev,30,469-66-5884,Entrepreneur,1/5/2024,2025-11-09,2024-05,features_attributes.csv
CUS_0x8696,Aileen Wangw,44,579-41-4525,Media_Manager,1/5/2024,2025-11-09,2024-05,features_attributes.csv
CUS_0x86b8,Alwynh,30,035-49-7581,Media_Manager,1/5/2024,2025-11-09,2024-05,features_attributes.csv
CUS_0x875,Andreaj,53,182-17-1231,Entrepreneur,1/5/2024,2025-11-09,2024-05,features_attributes.csv
CUS_0x878d,Steitzb,38,698-27-4885,_______,1/5/2024,2025-11-09,2024-05,features_attributes.csv
CUS_0x87f6,arbara Listond,24,708-31-6386,Engineer,1/5/2024,2025-11-09,2024-05,features_attributes.csv
CUS_0x8854,Kareny,46,761-81-1588,Teacher,1/5/2024,2025-11-09,2024-05,features_attributes.csv
CUS_0x8892,Steven C.s,31,226-34-4667,Writer,1/5/2024,2025-11-09,2024-05,features_attributes.csv
CUS_0x8917,Careww,24,750-35-4810,Developer,1/5/2024,2025-11-09,2024-05,features_attributes.csv
CUS_0x8936,Katharina Barts,40,649-90-8048,Accountant,1/5/2024,2025-11-09,2024-05,features_attributes.csv
CUS_0x89ab,Jan Harveyt,16_,465-82-6361,Media_Manager,1/5/2024,2025-11-09,2024-05,features_attributes.csv
CUS_0x8a04,Mutikanib,37,966-14-4315,Journalist,1/5/2024,2025-11-09,2024-05,features_attributes.csv
CUS_0x8a0f,Pelofskyv,34,419-92-2278,Mechanic,1/5/2024,2025-11-09,2024-05,features_attributes.csv
CUS_0x8b6d,Scott Haggettl,23,796-69-6764,Musician,1/5/2024,2025-11-09,2024-05,features_attributes.csv
CUS_0x8bde,Aless raq,44,536-54-7101,Journalist,1/5/2024,2025-11-09,2024-05,features_attributes.csv
CUS_0x8c9e,Fang Yanp,40,015-80-5855,_______,1/5/2024,2025-11-09,2024-05,features_attributes.csv
CUS_0x8d3f,Matthew Goldsteinq,25,925-73-5530,Entrepreneur,1/5/2024,2025-11-09,2024-05,features_attributes.csv
CUS_0x8d46,Braden Reddalle,5751,433-03-7131,Mechanic,1/5/2024,2025-11-09,2024-05,features_attributes.csv
CUS_0x8d48,Katej,26,968-82-9543,Developer,1/5/2024,2025-11-09,2024-05,features_attributes.csv
CUS_0x8e5,Kyriakidouz,45_,454-53-0773,Musician,1/5/2024,2025-11-09,2024-05,features_attributes.csv
CUS_0x8ed,Huw Jonesn,27,315-27-3562,Architect,1/5/2024,2025-11-09,2024-05,features_attributes.csv
CUS_0x8f02,Saphirg,50,465-41-7749,Lawyer,1/5/2024,2025-11-09,2024-05,features_attributes.csv
CUS_0x8f68,Tom Berginu,19,302-10-7307,Musician,1/5/2024,2025-11-09,2024-05,features_attributes.csv
CUS_0x8fe0,Rq,17,990-03-5675,Architect,1/5/2024,2025-11-09,2024-05,features_attributes.csv
CUS_0x901c,Rodrigox,20,311-01-2257,Engineer,1/5/2024,2025-11-09,2024-05,features_attributes.csv
CUS_0x907d,Grooms,48,#F%$D@*&8,Mechanic,1/5/2024,2025-11-09,2024-05,features_attributes.csv
CUS_0x90b2,Oreskovicz,24,230-75-1260,Accountant,1/5/2024,2025-11-09,2024-05,features_attributes.csv
CUS_0x910e,Jason Langej,54,220-91-4662,Developer,1/5/2024,2025-11-09,2024-05,features_attributes.csv
CUS_0x9117,Leila Lemghalefa,21,120-51-4662,Media_Manager,1/5/2024,2025-11-09,2024-05,features_attributes.csv
CUS_0x9127,Eveline Danubratae,34,908-71-8093,Musician,1/5/2024,2025-11-09,2024-05,features_attributes.csv
CUS_0x91df,Woodallu,50,654-29-2159,Accountant,1/5/2024,2025-11-09,2024-05,features_attributes.csv
CUS_0x922,Alanl,32,278-74-1400,Architect,1/5/2024,2025-11-09,2024-05,features_attributes.csv
CUS_0x92e8,Leight,32,576-73-9678,Writer,1/5/2024,2025-11-09,2024-05,features_attributes.csv
CUS_0x9344,Katzp,16,197-74-8431,_______,1/5/2024,2025-11-09,2024-05,features_attributes.csv
CUS_0x9346,Elizabethd,-500,828-89-4293,Doctor,1/5/2024,2025-11-09,2024-05,features_attributes.csv
CUS_0x9403,Yeev,38,283-50-9155,Lawyer,1/5/2024,2025-11-09,2024-05,features_attributes.csv
CUS_0x94bc,Sikkau,16,182-35-0055,Doctor,1/5/2024,2025-11-09,2024-05,features_attributes.csv
CUS_0x954e,Francescao,31,437-48-1667,_______,1/5/2024,2025-11-09,2024-05,features_attributes.csv
CUS_0x95f4,Strupczewskip,32,687-97-9650,Manager,1/5/2024,2025-11-09,2024-05,features_attributes.csv
CUS_0x96ad,Sara Webbj,28,345-00-0295,Engineer,1/5/2024,2025-11-09,2024-05,features_attributes.csv
CUS_0x974f,Nated,49,114-41-4714,Developer,1/5/2024,2025-11-09,2024-05,features_attributes.csv
CUS_0x97ca,Annw,25,822-60-2559,Developer,1/5/2024,2025-11-09,2024-05,features_attributes.csv
CUS_0x97d7,Flitterq,51,071-40-6343,_______,1/5/2024,2025-11-09,2024-05,features_attributes.csv
CUS_0x9853,Alisterz,21,355-95-9543,Musician,1/5/2024,2025-11-09,2024-05,features_attributes.csv
CUS_0x9976,Hetznerd,24,933-45-8852,Lawyer,1/5/2024,2025-11-09,2024-05,features_attributes.csv
CUS_0x99f7,Martinnem,55,090-43-5198,Lawyer,1/5/2024,2025-11-09,2024-05,features_attributes.csv
CUS_0x9a93,John Ruwitcha,55,803-10-0905,Journalist,1/5/2024,2025-11-09,2024-05,features_attributes.csv
CUS_0x9ab6,Katie Reida,25,999-17-4007,Mechanic,1/5/2024,2025-11-09,2024-05,features_attributes.csv
CUS_0x9b85,A. Ananthalakshmiq,15,178-07-7586,Musician,1/5/2024,2025-11-09,2024-05,features_attributes.csv
CUS_0x9b9,Alycep,45,998-30-4976,Mechanic,1/5/2024,2025-11-09,2024-05,features_attributes.csv
CUS_0x9bb3,Olivia Oranf,21,851-98-7626,Teacher,1/5/2024,2025-11-09,2024-05,features_attributes.csv
CUS_0x9bb4,Alwyns,27,049-55-8216,Journalist,1/5/2024,2025-11-09,2024-05,features_attributes.csv
CUS_0x9c38,Yunt,27,027-48-8367,Entrepreneur,1/5/2024,2025-11-09,2024-05,features_attributes.csv
CUS_0x9c4,Scott Haggettd,23,851-46-0194,Writer,1/5/2024,2025-11-09,2024-05,features_attributes.csv
CUS_0x9d29,Jeff Masonc,45,007-02-9848,Scientist,1/5/2024,2025-11-09,2024-05,features_attributes.csv
CUS_0x9e1e,Stephen Jewkese,23,273-83-6467,Manager,1/5/2024,2025-11-09,2024-05,features_attributes.csv
CUS_0x9e6c,Kirstin Ridleya,33,#F%$D@*&8,Scientist,1/5/2024,2025-11-09,2024-05,features_attributes.csv
CUS_0x9ece,Nigelm,44,521-76-9886,Scientist,1/5/2024,2025-11-09,2024-05,features_attributes.csv
CUS_0x9ed4,Andreas Rinkeg,22,853-99-1297,Scientist,1/5/2024,2025-11-09,2024-05,features_attributes.csv
CUS_0x9ed7,Woodallz,36_,590-63-3545,Architect,1/5/2024,2025-11-09,2024-05,features_attributes.csv
CUS_0x9f8a,Giuseppe Fontej,26,572-19-4724,Writer,1/5/2024,2025-11-09,2024-05,features_attributes.csv
CUS_0xa00f,Farahs,41,436-51-1042,Writer,1/5/2024,2025-11-09,2024-05,features_attributes.csv
CUS_0xa014,Rick Rothackerq,37,622-88-2476,Journalist,1/5/2024,2025-11-09,2024-05,features_attributes.csv
CUS_0xa022,Whiter,22,706-02-3826,Entrepreneur,1/5/2024,2025-11-09,2024-05,features_attributes.csv
CUS_0xa088,Daniel Basesg,27,599-50-4906,Journalist,1/5/2024,2025-11-09,2024-05,features_attributes.csv
CUS_0xa137,Bartza,28,012-08-7560,Engineer,1/5/2024,2025-11-09,2024-05,features_attributes.csv
CUS_0xa1c5,Baker Sineadf,21,117-69-4832,Media_Manager,1/5/2024,2025-11-09,2024-05,features_attributes.csv
CUS_0xa1ce,Taro Fusev,46,943-83-3622,Scientist,1/5/2024,2025-11-09,2024-05,features_attributes.csv
CUS_0xa2df,Chatterjeej,29,#F%$D@*&8,Media_Manager,1/5/2024,2025-11-09,2024-05,features_attributes.csv
CUS_0xa2f0,Ashley Lauz,24,010-29-6264,_______,1/5/2024,2025-11-09,2024-05,features_attributes.csv
CUS_0xa3a9,Kareny,39,820-03-6535,Journalist,1/5/2024,2025-11-09,2024-05,features_attributes.csv
CUS_0xa4e2,Leika Kiharaw,42_,513-42-9327,Musician,1/5/2024,2025-11-09,2024-05,features_attributes.csv
CUS_0xa5a0,Madelines,21,491-30-8624,Scientist,1/5/2024,2025-11-09,2024-05,features_attributes.csv
CUS_0xa5a1,Peter Rudegeairt,40,401-25-1243,Entrepreneur,1/5/2024,2025-11-09,2024-05,features_attributes.csv
CUS_0xa666,Krudyj,38,587-63-0002,Media_Manager,1/5/2024,2025-11-09,2024-05,features_attributes.csv
CUS_0xa690,Kelvin Sohz,28,783-15-2382,Accountant,1/5/2024,2025-11-09,2024-05,features_attributes.csv
CUS_0xa6b,Palmerw,33,318-22-9971,Entrepreneur,1/5/2024,2025-11-09,2024-05,features_attributes.csv
CUS_0xa70c,Reneed,25,528-20-9045,Teacher,1/5/2024,2025-11-09,2024-05,features_attributes.csv
CUS_0xa7d5,itaj,43,795-17-8225,Accountant,1/5/2024,2025-11-09,2024-05,features_attributes.csv
CUS_0xa8ba,Chadbournj,19,655-71-4451,Accountant,1/5/2024,2025-11-09,2024-05,features_attributes.csv
CUS_0xa8c0,Christoph Steitzs,44,805-85-0973,Doctor,1/5/2024,2025-11-09,2024-05,features_attributes.csv
CUS_0xa91f,Anishchuku,44,816-49-1841,Teacher,1/5/2024,2025-11-09,2024-05,features_attributes.csv
CUS_0xaa93,ewichx,41,#F%$D@*&8,Musician,1/5/2024,2025-11-09,2024-05,features_attributes.csv
CUS_0xaa9e,Araxiag,53,929-30-2303,Architect,1/5/2024,2025-11-09,2024-05,features_attributes.csv
CUS_0xaac2,David Ljunggrend,24,626-22-6718,Journalist,1/5/2024,2025-11-09,2024-05,features_attributes.csv
CUS_0xab13,Flakz,27_,#F%$D@*&8,_______,1/5/2024,2025-11-09,2024-05,features_attributes.csv
CUS_0xab56,Sayantani Ghoshc,54,401-73-3467,Doctor,1/5/2024,2025-11-09,2024-05,features_attributes.csv
CUS_0xab6e,Swati Bhatx,44,391-34-0662,Developer,1/5/2024,2025-11-09,2024-05,features_attributes.csv
CUS_0xab7d,Lionelp,49,844-45-6184,Architect,1/5/2024,2025-11-09,2024-05,features_attributes.csv
CUS_0xac0c,Ghoshg,43,187-25-3679,Entrepreneur,1/5/2024,2025-11-09,2024-05,features_attributes.csv
CUS_0xac18,Charlier,25,#F%$D@*&8,Architect,1/5/2024,2025-11-09,2024-05,features_attributes.csv
CUS_0xac33,Johna,44_,#F%$D@*&8,Engineer,1/5/2024,2025-11-09,2024-05,features_attributes.csv
CUS_0xad18,Stanley Whiten,5643,#F%$D@*&8,Developer,1/5/2024,2025-11-09,2024-05,features_attributes.csv
CUS_0xadf6,Halpinh,38,300-53-0224,Doctor,1/5/2024,2025-11-09,2024-05,features_attributes.csv
CUS_0xae08,Wachtelm,20,973-35-3846,Accountant,1/5/2024,2025-11-09,2024-05,features_attributes.csv
CUS_0xae14,Soyounga,41,047-52-5852,Media_Manager,1/5/2024,2025-11-09,2024-05,features_attributes.csv
CUS_0xae36,Yinkad,35,756-20-3064,Manager,1/5/2024,2025-11-09,2024-05,features_attributes.csv
CUS_0xae57,Braden Reddallg,25,649-36-2502,Accountant,1/5/2024,2025-11-09,2024-05,features_attributes.csv
CUS_0xae95,Peterw,22,801-07-4941,Accountant,1/5/2024,2025-11-09,2024-05,features_attributes.csv
CUS_0xaea3,Ananthalakshmif,53,906-40-5984,Lawyer,1/5/2024,2025-11-09,2024-05,features_attributes.csv
CUS_0xaeb5,Sinead Carewe,19,410-69-9783,Musician,1/5/2024,2025-11-09,2024-05,features_attributes.csv
CUS_0xaec2,Dhanya Skariachanm,24,218-53-0203,Writer,1/5/2024,2025-11-09,2024-05,features_attributes.csv
CUS_0xaed9,Isabel Reynoldso,25,007-90-6393,Teacher,1/5/2024,2025-11-09,2024-05,features_attributes.csv
CUS_0xaf1e,Philipn,54,358-02-2956,Media_Manager,1/5/2024,2025-11-09,2024-05,features_attributes.csv
CUS_0xaf23,Nick Edwardsg,37,231-01-3965,Musician,1/5/2024,2025-11-09,2024-05,features_attributes.csv
CUS_0xaf2a,Davids,35,103-33-1315,Musician,1/5/2024,2025-11-09,2024-05,features_attributes.csv
CUS_0xaf39,Goldsteinq,36,450-82-3979,Accountant,1/5/2024,2025-11-09,2024-05,features_attributes.csv
CUS_0xb017,Yukhananovn,42,542-27-9387,Doctor,1/5/2024,2025-11-09,2024-05,features_attributes.csv
CUS_0xb04,Hollu,19,053-21-8266,Accountant,1/5/2024,2025-11-09,2024-05,features_attributes.csv
CUS_0xb0f7,Lionelx,56,252-52-6324,Musician,1/5/2024,2025-11-09,2024-05,features_attributes.csv
CUS_0xb108,Koh Guiv,38,888-27-8587,Musician,1/5/2024,2025-11-09,2024-05,features_attributes.csv
CUS_0xb138,Emily Flitterm,18,787-35-4659,Architect,1/5/2024,2025-11-09,2024-05,features_attributes.csv
CUS_0xb13b,Moisesc,36,992-69-2664,Architect,1/5/2024,2025-11-09,2024-05,features_attributes.csv
CUS_0xb182,Tim Reidh,28,784-97-8297,Doctor,1/5/2024,2025-11-09,2024-05,features_attributes.csv
CUS_0xb189,Charlieu,38,616-02-3076,Writer,1/5/2024,2025-11-09,2024-05,features_attributes.csv
CUS_0xb19f,Timd,17_,479-83-5546,Developer,1/5/2024,2025-11-09,2024-05,features_attributes.csv
CUS_0xb1dc,Frostf,35,041-94-6829,Teacher,1/5/2024,2025-11-09,2024-05,features_attributes.csv
CUS_0xb276,Karolina Tagarisr,43,#F%$D@*&8,Writer,1/5/2024,2025-11-09,2024-05,features_attributes.csv
CUS_0xb27a,"ODonnell\"s",27,744-49-1403,Mechanic,1/5/2024,2025-11-09,2024-05,features_attributes.csv
CUS_0xb298,Framkel,7353,741-31-0979,Writer,1/5/2024,2025-11-09,2024-05,features_attributes.csv
CUS_0xb2bd,Annika Breidthardto,29,695-44-0763,Writer,1/5/2024,2025-11-09,2024-05,features_attributes.csv
CUS_0xb2cc,Stephen Aldredi,23,037-63-8524,Accountant,1/5/2024,2025-11-09,2024-05,features_attributes.csv
CUS_0xb36c,Lesleys,44,391-87-5581,Media_Manager,1/5/2024,2025-11-09,2024-05,features_attributes.csv
CUS_0xb3c4,Philr,37,595-17-5745,Accountant,1/5/2024,2025-11-09,2024-05,features_attributes.csv
CUS_0xb432,Sruthi Ramakrishnany,28,760-89-8189,Manager,1/5/2024,2025-11-09,2024-05,features_attributes.csv
CUS_0xb451,Rothackerw,31,528-55-1074,Manager,1/5/2024,2025-11-09,2024-05,features_attributes.csv
CUS_0xb46f,Allenn,39,498-14-0072,_______,1/5/2024,2025-11-09,2024-05,features_attributes.csv
CUS_0xb52b,Karenh,23,998-53-5707,Manager,1/5/2024,2025-11-09,2024-05,features_attributes.csv
CUS_0xb585,Gabrielc,35,280-11-4476,Manager,1/5/2024,2025-11-09,2024-05,features_attributes.csv
CUS_0xb594,Atossai,36,809-82-7359,Musician,1/5/2024,2025-11-09,2024-05,features_attributes.csv
CUS_0xb5e9,Sarahq,48,868-59-4042,Engineer,1/5/2024,2025-11-09,2024-05,features_attributes.csv
CUS_0xb62c,Mariusq,34,#F%$D@*&8,Doctor,1/5/2024,2025-11-09,2024-05,features_attributes.csv
CUS_0xb639,Erwine,29,346-14-3267,Developer,1/5/2024,2025-11-09,2024-05,features_attributes.csv
CUS_0xb692,Selyukhx,42,824-48-9351,Journalist,1/5/2024,2025-11-09,2024-05,features_attributes.csv
CUS_0xb6ad,Jamiec,24,584-60-4961,Lawyer,1/5/2024,2025-11-09,2024-05,features_attributes.csv
CUS_0xb713,Aaronf,29,578-67-3819,Doctor,1/5/2024,2025-11-09,2024-05,features_attributes.csv
CUS_0xb76d,Melaniea,27,853-48-1722,Mechanic,1/5/2024,2025-11-09,2024-05,features_attributes.csv
CUS_0xb82a,Karolina Tagarish,35,448-07-1432,Media_Manager,1/5/2024,2025-11-09,2024-05,features_attributes.csv
CUS_0xb89c,Woodallq,40,832-80-4050,Architect,1/5/2024,2025-11-09,2024-05,features_attributes.csv
CUS_0xb89f,Sinead Carewd,38,#F%$D@*&8,Accountant,1/5/2024,2025-11-09,2024-05,features_attributes.csv
CUS_0xb8d3,Douwe Miedemak,36,122-85-2445,Lawyer,1/5/2024,2025-11-09,2024-05,features_attributes.csv
CUS_0xb9b8,Dhanya Skariachand,49,867-87-8867,Entrepreneur,1/5/2024,2025-11-09,2024-05,features_attributes.csv
CUS_0xba51,Clare Jimo,24,362-65-1233,Scientist,1/5/2024,2025-11-09,2024-05,features_attributes.csv
CUS_0xba67,Steve Slaterg,29,290-73-1416,Doctor,1/5/2024,2025-11-09,2024-05,features_attributes.csv
CUS_0xbaa1,Colev,45,279-87-6544,Doctor,1/5/2024,2025-11-09,2024-05,features_attributes.csv
CUS_0xbb48,Luke Jeffsi,55,#F%$D@*&8,Lawyer,1/5/2024,2025-11-09,2024-05,features_attributes.csv
CUS_0xbbcf,rad Dorfmank,36,355-33-6296,Media_Manager,1/5/2024,2025-11-09,2024-05,features_attributes.csv
CUS_0xbc03,Yaoh,36_,939-69-9988,Journalist,1/5/2024,2025-11-09,2024-05,features_attributes.csv
CUS_0xbc1f,Lashr,44,902-27-0943,Musician,1/5/2024,2025-11-09,2024-05,features_attributes.csv
CUS_0xbcdf,Tarmow,49,939-13-4346,Developer,1/5/2024,2025-11-09,2024-05,features_attributes.csv
CUS_0xbd46,Dan Wilchinsa,29,255-94-3242,Architect,1/5/2024,2025-11-09,2024-05,features_attributes.csv
CUS_0xbd4a,Brx,32,309-78-0181,Entrepreneur,1/5/2024,2025-11-09,2024-05,features_attributes.csv
CUS_0xbd72,Annav,38,#F%$D@*&8,Journalist,1/5/2024,2025-11-09,2024-05,features_attributes.csv
CUS_0xbdc7,Praveen Menonx,25,445-15-2674,Lawyer,1/5/2024,2025-11-09,2024-05,features_attributes.csv
CUS_0xbe1,Joshuam,22,592-80-5739,Architect,1/5/2024,2025-11-09,2024-05,features_attributes.csv
CUS_0xbe49,Bernardv,41,251-00-6756,Engineer,1/5/2024,2025-11-09,2024-05,features_attributes.csv
CUS_0xbe56,Robertq,34,346-66-7622,Media_Manager,1/5/2024,2025-11-09,2024-05,features_attributes.csv
CUS_0xbe9,Raymonda,55_,307-02-5111,_______,1/5/2024,2025-11-09,2024-05,features_attributes.csv
CUS_0xbec0,Josephines,20,186-66-2426,Writer,1/5/2024,2025-11-09,2024-05,features_attributes.csv
CUS_0xbf4d,Toyerp,33,618-31-0112,_______,1/5/2024,2025-11-09,2024-05,features_attributes.csv
CUS_0xbf6e,rian Rohanq,42,872-51-1342,_______,1/5/2024,2025-11-09,2024-05,features_attributes.csv
CUS_0xc00f,Luciaf,31,792-34-9499,Lawyer,1/5/2024,2025-11-09,2024-05,features_attributes.csv
CUS_0xc029,Scuffhamv,25,804-18-5334,Engineer,1/5/2024,2025-11-09,2024-05,features_attributes.csv
CUS_0xc113,Sinead Carewv,28,993-82-1651,Mechanic,1/5/2024,2025-11-09,2024-05,features_attributes.csv
CUS_0xc150,Josepht,48,154-13-2333,Lawyer,1/5/2024,2025-11-09,2024-05,features_attributes.csv
CUS_0xc187,da Costam,22_,112-67-0429,Lawyer,1/5/2024,2025-11-09,2024-05,features_attributes.csv
CUS_0xc249,Carolinem,55,043-21-5017,Doctor,1/5/2024,2025-11-09,2024-05,features_attributes.csv
CUS_0xc26a,Luke Bakerr,39_,031-93-1916,Mechanic,1/5/2024,2025-11-09,2024-05,features_attributes.csv
CUS_0xc2d8,Annay,49,389-75-2054,Engineer,1/5/2024,2025-11-09,2024-05,features_attributes.csv
CUS_0xc3ad,Alistern,26_,563-61-0664,_______,1/5/2024,2025-11-09,2024-05,features_attributes.csv
CUS_0xc3cd,Charmianw,14,398-19-9402,Musician,1/5/2024,2025-11-09,2024-05,features_attributes.csv
CUS_0xc41e,Lawrence Hurleyp,17,970-98-2322,Media_Manager,1/5/2024,2025-11-09,2024-05,features_attributes.csv
CUS_0xc4f9,Huffstutterk,43,084-06-5674,Lawyer,1/5/2024,2025-11-09,2024-05,features_attributes.csv
CUS_0xc571,Koh Guid,29,011-73-0967,Developer,1/5/2024,2025-11-09,2024-05,features_attributes.csv
CUS_0xc5d1,Emmotto,43,028-44-3271,Developer,1/5/2024,2025-11-09,2024-05,features_attributes.csv
CUS_0xc641,Matt Scuffhamo,25,864-79-3572,Mechanic,1/5/2024,2025-11-09,2024-05,features_attributes.csv
CUS_0xc6bb,Kristend,20,001-84-7802,Lawyer,1/5/2024,2025-11-09,2024-05,features_attributes.csv
CUS_0xc702,Renee Maltezoua,28,559-27-4003,Manager,1/5/2024,2025-11-09,2024-05,features_attributes.csv
CUS_0xc72e,Yueo,38,094-54-0952,Lawyer,1/5/2024,2025-11-09,2024-05,features_attributes.csv
CUS_0xc7b,Lionel Laurentx,22,192-91-0151,Scientist,1/5/2024,2025-11-09,2024-05,features_attributes.csv
CUS_0xde1,Andreas Rinkei,24,719-61-2924,Entrepreneur,1/5/2024,2025-11-09,2024-05,features_attributes.csv
CUS_0xe03,Ciancioe,34,836-09-5090,Doctor,1/5/2024,2025-11-09,2024-05,features_attributes.csv
CUS_0xeb9,"OCallaghan\"k",44,612-56-0876,Doctor,1/5/2024,2025-11-09,2024-05,features_attributes.csv
CUS_0xebb,Amenab,43,524-10-9802,Journalist,1/5/2024,2025-11-09,2024-05,features_attributes.csv
CUS_0xeea,Estellei,37,693-89-3430,Accountant,1/5/2024,2025-11-09,2024-05,features_attributes.csv
CUS_0xf0c,Josephl,36,557-77-1930,Journalist,1/5/2024,2025-11-09,2024-05,features_attributes.csv
CUS_0xf4b,Lu Jianxink,30,527-06-9414,_______,1/5/2024,2025-11-09,2024-05,features_attributes.csv
CUS_0xf7d,Caroline Valetkevitchq,27,633-98-5342,Engineer,1/5/2024,2025-11-09,2024-05,features_attributes.csv
CUS_0xfdb,Patrickg,46,928-91-4452,Teacher,1/5/2024,2025-11-09,2024-05,features_attributes.csv
