Customer_ID,Name,Age,SSN,Occupation,snapshot_date,ingest_dt,snap_ym,source_file
CUS_0x1037,Matthewm,45,230-22-9583,Accountant,1/1/2023,2025-11-09,2023-01,features_attributes.csv
CUS_0x1069,Andreas Cremero,32,761-27-5143,Accountant,1/1/2023,2025-11-09,2023-01,features_attributes.csv
CUS_0x114a,Valetkevitchu,43,133-89-5234,Developer,1/1/2023,2025-11-09,2023-01,features_attributes.csv
CUS_0x1184,Cohenq,49,963-76-2464,Lawyer,1/1/2023,2025-11-09,2023-01,features_attributes.csv
CUS_0x1297,Edwardsz,46,#F%$D@*&8,Manager,1/1/2023,2025-11-09,2023-01,features_attributes.csv
CUS_0x12fb,Jeb Blountz,35,006-29-8039,Doctor,1/1/2023,2025-11-09,2023-01,features_attributes.csv
CUS_0x1325,Philipz,27,918-42-0845,Accountant,1/1/2023,2025-11-09,2023-01,features_attributes.csv
CUS_0x1341,Zhuk,47,155-02-9593,Mechanic,1/1/2023,2025-11-09,2023-01,features_attributes.csv
CUS_0x1375,Stanley Whitev,15,841-27-0645,Lawyer,1/1/2023,2025-11-09,2023-01,features_attributes.csv
CUS_0x13a8,Baileyz,41_,918-56-2439,Journalist,1/1/2023,2025-11-09,2023-01,features_attributes.csv
CUS_0x13ef,Lukey,52,767-08-2746,Media_Manager,1/1/2023,2025-11-09,2023-01,features_attributes.csv
CUS_0x1440,Jinq,19,807-69-2993,Teacher,1/1/2023,2025-11-09,2023-01,features_attributes.csv
CUS_0x1443,Saeed Azharq,31,557-52-9177,Lawyer,1/1/2023,2025-11-09,2023-01,features_attributes.csv
CUS_0x145a,Oreskovicb,29,648-17-9617,Lawyer,1/1/2023,2025-11-09,2023-01,features_attributes.csv
CUS_0x1492,en Hirschlerw,36,612-31-0459,Teacher,1/1/2023,2025-11-09,2023-01,features_attributes.csv
CUS_0x153d,Saraht,20,365-79-1629,Accountant,1/1/2023,2025-11-09,2023-01,features_attributes.csv
CUS_0x1567,Tetsushik,31,675-44-1792,Entrepreneur,1/1/2023,2025-11-09,2023-01,features_attributes.csv
CUS_0x15ad,Peterl,27,357-70-0085,Mechanic,1/1/2023,2025-11-09,2023-01,features_attributes.csv
CUS_0x1630,Laurence Fletchery,35,638-52-4307,Writer,1/1/2023,2025-11-09,2023-01,features_attributes.csv
CUS_0x169c,Kevin Grayy,46,329-30-2891,Developer,1/1/2023,2025-11-09,2023-01,features_attributes.csv
CUS_0x169d,Jonathanl,20,282-18-9852,Musician,1/1/2023,2025-11-09,2023-01,features_attributes.csv
CUS_0x16f4,Forgionez,37,#F%$D@*&8,Media_Manager,1/1/2023,2025-11-09,2023-01,features_attributes.csv
CUS_0x1733,Jonathan Cablec,29,055-42-9873,Entrepreneur,1/1/2023,2025-11-09,2023-01,features_attributes.csv
CUS_0x17c7,Philu,53,302-01-7301,Engineer,1/1/2023,2025-11-09,2023-01,features_attributes.csv
CUS_0x181e,Robert Robertssonf,36,949-56-8430,Doctor,1/1/2023,2025-11-09,2023-01,features_attributes.csv
CUS_0x181f,Jonasg,38,552-71-6305,Media_Manager,1/1/2023,2025-11-09,2023-01,features_attributes.csv
CUS_0x182b,Edwinz,47,736-28-6339,Doctor,1/1/2023,2025-11-09,2023-01,features_attributes.csv
CUS_0x18c9,Scott Malonej,48,108-93-2981,_______,1/1/2023,2025-11-09,2023-01,features_attributes.csv
CUS_0x190e,Swethau,21,455-09-3994,Developer,1/1/2023,2025-11-09,2023-01,features_attributes.csv
CUS_0x1920,Robertp,42,350-32-7099,Scientist,1/1/2023,2025-11-09,2023-01,features_attributes.csv
CUS_0x1960,Jasonj,54,072-65-2594,Architect,1/1/2023,2025-11-09,2023-01,features_attributes.csv
CUS_0x19ad,Yokoq,44,881-97-6963,Journalist,1/1/2023,2025-11-09,2023-01,features_attributes.csv
CUS_0x19d1,Sarah Youngj,36,149-03-2551,Scientist,1/1/2023,2025-11-09,2023-01,features_attributes.csv
CUS_0x19e1,Barrt,45,332-57-6366,Journalist,1/1/2023,2025-11-09,2023-01,features_attributes.csv
CUS_0x1a9c,Richwinem,38,898-03-0260,Writer,1/1/2023,2025-11-09,2023-01,features_attributes.csv
CUS_0x1ab3,Ritsukoc,41,446-10-6070,Entrepreneur,1/1/2023,2025-11-09,2023-01,features_attributes.csv
CUS_0x1b42,Natee,43,073-79-8798,Musician,1/1/2023,2025-11-09,2023-01,features_attributes.csv
CUS_0x1b66,Valetkevitchj,34,444-26-5685,Accountant,1/1/2023,2025-11-09,2023-01,features_attributes.csv
CUS_0x1bc4,asil Katzg,49,179-87-9194,Lawyer,1/1/2023,2025-11-09,2023-01,features_attributes.csv
CUS_0x1c09,Ritsukoh,22,365-73-8387,Lawyer,1/1/2023,2025-11-09,2023-01,features_attributes.csv
CUS_0x1c39,Winfreyg,41,243-53-0158,Media_Manager,1/1/2023,2025-11-09,2023-01,features_attributes.csv
CUS_0x1c9c,Dougq,28,#F%$D@*&8,Musician,1/1/2023,2025-11-09,2023-01,features_attributes.csv
CUS_0x1dcf,Adamj,51,181-80-6490,Writer,1/1/2023,2025-11-09,2023-01,features_attributes.csv
CUS_0x1ef5,Lidia Kellyg,-500,663-41-3108,Media_Manager,1/1/2023,2025-11-09,2023-01,features_attributes.csv
CUS_0x1ff5,Paul Taylorw,43,313-93-6872,Accountant,1/1/2023,2025-11-09,2023-01,features_attributes.csv
CUS_0x1ff7,Benf,48,324-29-5086,Developer,1/1/2023,2025-11-09,2023-01,features_attributes.csv
CUS_0x205c,Sveaf,33,658-64-9433,Lawyer,1/1/2023,2025-11-09,2023-01,features_attributes.csv
CUS_0x210f,Farahf,36,522-83-5666,Scientist,1/1/2023,2025-11-09,2023-01,features_attributes.csv
CUS_0x21dc,Tom Miless,42,241-53-8475,Developer,1/1/2023,2025-11-09,2023-01,features_attributes.csv
CUS_0x2274,Natem,41,373-63-8139,Entrepreneur,1/1/2023,2025-11-09,2023-01,features_attributes.csv
CUS_0x2297,Sergio Goncalvesc,43,#F%$D@*&8,Teacher,1/1/2023,2025-11-09,2023-01,features_attributes.csv
CUS_0x2375,Stempelp,19,027-76-6435,Accountant,1/1/2023,2025-11-09,2023-01,features_attributes.csv
CUS_0x24a8,ent,46,155-52-3116,Media_Manager,1/1/2023,2025-11-09,2023-01,features_attributes.csv
CUS_0x24c3,Thomasj,52,484-34-7482,_______,1/1/2023,2025-11-09,2023-01,features_attributes.csv
CUS_0x24e1,Andriusk,2329_,918-33-3019,Engineer,1/1/2023,2025-11-09,2023-01,features_attributes.csv
CUS_0x2513,Leikav,32,470-35-3931,Architect,1/1/2023,2025-11-09,2023-01,features_attributes.csv
CUS_0x2552,Jasmini,20,961-88-3686,Musician,1/1/2023,2025-11-09,2023-01,features_attributes.csv
CUS_0x255d,Paula,17,471-64-8651,_______,1/1/2023,2025-11-09,2023-01,features_attributes.csv
CUS_0x2598,Phila,49,176-78-1528,Entrepreneur,1/1/2023,2025-11-09,2023-01,features_attributes.csv
CUS_0x25cc,Mattm,47,421-97-8890,Musician,1/1/2023,2025-11-09,2023-01,features_attributes.csv
CUS_0x26da,Alwyn Scottz,40,957-74-9111,Doctor,1/1/2023,2025-11-09,2023-01,features_attributes.csv
CUS_0x284a,Nadiaq,34,411-51-0676,Lawyer,1/1/2023,2025-11-09,2023-01,features_attributes.csv
CUS_0x289e,Jonathan Stempelu,36,064-61-5717,Writer,1/1/2023,2025-11-09,2023-01,features_attributes.csv
CUS_0x292d,Langi Chiange,37,965-60-0407,Developer,1/1/2023,2025-11-09,2023-01,features_attributes.csv
CUS_0x29b1,Emmottd,38,329-69-3115,Musician,1/1/2023,2025-11-09,2023-01,features_attributes.csv
CUS_0x2a55,Paulp,43,744-66-0475,Lawyer,1/1/2023,2025-11-09,2023-01,features_attributes.csv
CUS_0x2a7d,Stanleys,32,852-92-6636,_______,1/1/2023,2025-11-09,2023-01,features_attributes.csv
CUS_0x2abc,Karenf,19,102-67-0486,Journalist,1/1/2023,2025-11-09,2023-01,features_attributes.csv
CUS_0x2ad2,Erin Smithu,33,193-63-6325,Journalist,1/1/2023,2025-11-09,2023-01,features_attributes.csv
CUS_0x2b2d,Axelk,29,600-73-4577,Engineer,1/1/2023,2025-11-09,2023-01,features_attributes.csv
CUS_0x2b83,Alexr,34,120-91-8866,Lawyer,1/1/2023,2025-11-09,2023-01,features_attributes.csv
CUS_0x2baf,Whitesidess,37,909-55-5064,Mechanic,1/1/2023,2025-11-09,2023-01,features_attributes.csv
CUS_0x2bf6,Jed Horowitzt,38_,087-74-0376,Scientist,1/1/2023,2025-11-09,2023-01,features_attributes.csv
CUS_0x2bfa,Huwt,44,347-67-5972,Scientist,1/1/2023,2025-11-09,2023-01,features_attributes.csv
CUS_0x2cae,Dunaiu,28,#F%$D@*&8,Journalist,1/1/2023,2025-11-09,2023-01,features_attributes.csv
CUS_0x2ccc,Tangj,30,634-04-8743,Scientist,1/1/2023,2025-11-09,2023-01,features_attributes.csv
CUS_0x2de0,Jonathan Stempelf,18,740-92-4058,Engineer,1/1/2023,2025-11-09,2023-01,features_attributes.csv
CUS_0x2e06,Tarmo Virkih,30,412-24-8689,Lawyer,1/1/2023,2025-11-09,2023-01,features_attributes.csv
CUS_0x2e20,Mutikanie,25,774-07-1152,Media_Manager,1/1/2023,2025-11-09,2023-01,features_attributes.csv
CUS_0x2ea8,Marton Dunaiq,20,214-84-1251,Doctor,1/1/2023,2025-11-09,2023-01,features_attributes.csv
CUS_0x2f1d,Flitterg,25,730-26-3997,Writer,1/1/2023,2025-11-09,2023-01,features_attributes.csv
CUS_0x2fab,Anna Yukhananovd,27,411-00-6543,Manager,1/1/2023,2025-11-09,2023-01,features_attributes.csv
CUS_0x2fd6,Thomass,8100,825-63-0662,Musician,1/1/2023,2025-11-09,2023-01,features_attributes.csv
CUS_0x30f8,Jonathany,50,894-72-5781,Writer,1/1/2023,2025-11-09,2023-01,features_attributes.csv
CUS_0x31e9,Jonathano,17,906-34-0441,Scientist,1/1/2023,2025-11-09,2023-01,features_attributes.csv
CUS_0x321f,Harry Papachristouu,50,669-11-4608,Writer,1/1/2023,2025-11-09,2023-01,features_attributes.csv
CUS_0x3231,Jan Strupczewskid,44,408-03-6761,Doctor,1/1/2023,2025-11-09,2023-01,features_attributes.csv
CUS_0x325f,Alexei Oreskovicx,34,153-16-9858,Architect,1/1/2023,2025-11-09,2023-01,features_attributes.csv
CUS_0x3274,ded,44,047-33-4886,Manager,1/1/2023,2025-11-09,2023-01,features_attributes.csv
CUS_0x328b,Ken Willso,39_,191-30-7869,Doctor,1/1/2023,2025-11-09,2023-01,features_attributes.csv
CUS_0x3379,Deviduttar,23,824-04-2434,Teacher,1/1/2023,2025-11-09,2023-01,features_attributes.csv
CUS_0x3433,Elzio Barretoe,55,213-25-2133,_______,1/1/2023,2025-11-09,2023-01,features_attributes.csv
CUS_0x344e,Vidya Ranganathand,49,975-76-9175,Developer,1/1/2023,2025-11-09,2023-01,features_attributes.csv
CUS_0x3490,Patrick Temple-Westw,47,148-97-6437,Journalist,1/1/2023,2025-11-09,2023-01,features_attributes.csv
CUS_0x34fa,Carolined,35,#F%$D@*&8,Mechanic,1/1/2023,2025-11-09,2023-01,features_attributes.csv
CUS_0x3539,an Arakalid,30,995-31-4669,Manager,1/1/2023,2025-11-09,2023-01,features_attributes.csv
CUS_0x354b,Moong,25,864-92-1050,Media_Manager,1/1/2023,2025-11-09,2023-01,features_attributes.csv
CUS_0x355f,Gernotm,21,601-12-1746,Architect,1/1/2023,2025-11-09,2023-01,features_attributes.csv
CUS_0x356c,Bartunekf,37,000-63-0442,Lawyer,1/1/2023,2025-11-09,2023-01,features_attributes.csv
CUS_0x3643,Melanie Burtonk,18_,580-77-2584,Mechanic,1/1/2023,2025-11-09,2023-01,features_attributes.csv
CUS_0x36b3,Stevex,35,888-75-8140,Entrepreneur,1/1/2023,2025-11-09,2023-01,features_attributes.csv
CUS_0x36f7,Ponthush,24,518-03-9260,Media_Manager,1/1/2023,2025-11-09,2023-01,features_attributes.csv
CUS_0x3733,Jim Finklen,42,684-91-0976,Developer,1/1/2023,2025-11-09,2023-01,features_attributes.csv
CUS_0x37a1,Aung Hlaj,24,653-47-3837,Entrepreneur,1/1/2023,2025-11-09,2023-01,features_attributes.csv
CUS_0x37b2,John D.j,45,274-15-9496,Architect,1/1/2023,2025-11-09,2023-01,features_attributes.csv
CUS_0x383d,Annah,55,245-61-6021,Scientist,1/1/2023,2025-11-09,2023-01,features_attributes.csv
CUS_0x3873,McCrankk,6283,#F%$D@*&8,Media_Manager,1/1/2023,2025-11-09,2023-01,features_attributes.csv
CUS_0x3906,Krisztinag,24,835-52-7572,Writer,1/1/2023,2025-11-09,2023-01,features_attributes.csv
CUS_0x3928,Herbst-Baylisso,53,676-17-1399,Doctor,1/1/2023,2025-11-09,2023-01,features_attributes.csv
CUS_0x397b,Stanley Whitex,31,546-18-3954,Manager,1/1/2023,2025-11-09,2023-01,features_attributes.csv
CUS_0x3a03,Armstrongx,28_,966-46-5658,Teacher,1/1/2023,2025-11-09,2023-01,features_attributes.csv
CUS_0x3a3d,Sherilee Lakmidasp,25,171-73-4099,Journalist,1/1/2023,2025-11-09,2023-01,features_attributes.csv
CUS_0x3a69,Andreasw,34,961-04-7892,Doctor,1/1/2023,2025-11-09,2023-01,features_attributes.csv
CUS_0x3a82,Niveditax,46,219-72-8338,Entrepreneur,1/1/2023,2025-11-09,2023-01,features_attributes.csv
CUS_0x3acc,Daum Kimu,37,132-30-4857,Manager,1/1/2023,2025-11-09,2023-01,features_attributes.csv
CUS_0x3adc,Sakari Suoninenp,46,#F%$D@*&8,Journalist,1/1/2023,2025-11-09,2023-01,features_attributes.csv
CUS_0x3af5,James Daveyx,32,126-82-5903,Mechanic,1/1/2023,2025-11-09,2023-01,features_attributes.csv
CUS_0x3b10,Marial,22,746-44-0537,Manager,1/1/2023,2025-11-09,2023-01,features_attributes.csv
CUS_0x3b22,Horowitzn,22,825-82-8472,Engineer,1/1/2023,2025-11-09,2023-01,features_attributes.csv
CUS_0x3b2a,Carolinez,23,#F%$D@*&8,Scientist,1/1/2023,2025-11-09,2023-01,features_attributes.csv
CUS_0x3b6e,Pineauf,32,224-83-2459,Scientist,1/1/2023,2025-11-09,2023-01,features_attributes.csv
CUS_0x3bc3,Ana Nicolacip,40,860-49-3589,Journalist,1/1/2023,2025-11-09,2023-01,features_attributes.csv
CUS_0x3bc6,Jonesh,27,037-16-8686,Manager,1/1/2023,2025-11-09,2023-01,features_attributes.csv
CUS_0x3bd0,Katyax,15,#F%$D@*&8,Entrepreneur,1/1/2023,2025-11-09,2023-01,features_attributes.csv
CUS_0x3bde,Ryan Vlastelicar,45,262-48-5505,Journalist,1/1/2023,2025-11-09,2023-01,features_attributes.csv
CUS_0x3bf5,Richardh,24,606-08-6851,Journalist,1/1/2023,2025-11-09,2023-01,features_attributes.csv
CUS_0x3ccd,Norihikob,18,973-14-4888,Engineer,1/1/2023,2025-11-09,2023-01,features_attributes.csv
CUS_0x3cea,Tim Hepherc,32,882-80-1112,Developer,1/1/2023,2025-11-09,2023-01,features_attributes.csv
CUS_0x3cfc,Nate Raymondv,44,571-14-9541,Musician,1/1/2023,2025-11-09,2023-01,features_attributes.csv
CUS_0x3d6c,Jaisinghanij,30,815-82-2603,Media_Manager,1/1/2023,2025-11-09,2023-01,features_attributes.csv
CUS_0x3e2d,"\"Manuelap",34,958-76-6001,Journalist,1/1/2023,2025-11-09,2023-01,features_attributes.csv
CUS_0x3e54,Ramptonu,47,923-35-3568,Accountant,1/1/2023,2025-11-09,2023-01,features_attributes.csv
CUS_0x3e6d,Steve Slaterw,46,747-47-1632,Journalist,1/1/2023,2025-11-09,2023-01,features_attributes.csv
CUS_0x3e73,Bakerl,43,935-36-8161,Developer,1/1/2023,2025-11-09,2023-01,features_attributes.csv
CUS_0x3e9c,Manolob,44,785-01-9853,Lawyer,1/1/2023,2025-11-09,2023-01,features_attributes.csv
CUS_0x3ee7,Abboudi,53,449-78-1167,Scientist,1/1/2023,2025-11-09,2023-01,features_attributes.csv
CUS_0x3f63,Yann Lef,37,972-00-4814,Media_Manager,1/1/2023,2025-11-09,2023-01,features_attributes.csv
CUS_0x3fc3,Jacquelinex,22,477-00-9604,_______,1/1/2023,2025-11-09,2023-01,features_attributes.csv
CUS_0x3fd9,Jussih,50,856-12-9184,Engineer,1/1/2023,2025-11-09,2023-01,features_attributes.csv
CUS_0x401c,Olesya Dmitracovam,36,272-14-7214,Journalist,1/1/2023,2025-11-09,2023-01,features_attributes.csv
CUS_0x4096,Oliviae,26,546-29-7997,Developer,1/1/2023,2025-11-09,2023-01,features_attributes.csv
CUS_0x40c5,Katyaq,42,266-57-9907,Journalist,1/1/2023,2025-11-09,2023-01,features_attributes.csv
CUS_0x40d0,Kotokya,29,372-92-8319,_______,1/1/2023,2025-11-09,2023-01,features_attributes.csv
CUS_0x4131,Copleyw,42,508-52-1146,Media_Manager,1/1/2023,2025-11-09,2023-01,features_attributes.csv
CUS_0x416f,le Leilae,18,562-69-0668,Mechanic,1/1/2023,2025-11-09,2023-01,features_attributes.csv
CUS_0x41b7,Laurens,25,891-76-2011,Teacher,1/1/2023,2025-11-09,2023-01,features_attributes.csv
CUS_0x41c,Moonb,50,#F%$D@*&8,Developer,1/1/2023,2025-11-09,2023-01,features_attributes.csv
CUS_0x41f2,Norihikov,38,397-81-3382,Engineer,1/1/2023,2025-11-09,2023-01,features_attributes.csv
CUS_0x424,Schnurry,22,180-42-9738,Architect,1/1/2023,2025-11-09,2023-01,features_attributes.csv
CUS_0x4271,Caseyy,21,751-20-4149,Scientist,1/1/2023,2025-11-09,2023-01,features_attributes.csv
CUS_0x42c6,Latulk,15_,921-85-4898,Architect,1/1/2023,2025-11-09,2023-01,features_attributes.csv
CUS_0x4322,Cremerh,17,583-35-1776,Manager,1/1/2023,2025-11-09,2023-01,features_attributes.csv
CUS_0x4327,Jonathant,34,498-86-4830,Journalist,1/1/2023,2025-11-09,2023-01,features_attributes.csv
CUS_0x4340,Tomw,20,568-75-9435,Teacher,1/1/2023,2025-11-09,2023-01,features_attributes.csv
CUS_0x436f,Nicko,24,841-17-1977,Accountant,1/1/2023,2025-11-09,2023-01,features_attributes.csv
CUS_0x438a,Helen Popperm,41,081-12-2607,Architect,1/1/2023,2025-11-09,2023-01,features_attributes.csv
CUS_0x4395,Jasonz,34,861-88-4379,Scientist,1/1/2023,2025-11-09,2023-01,features_attributes.csv
CUS_0x43c5,Jonathan Gouldk,17,231-04-4667,Architect,1/1/2023,2025-11-09,2023-01,features_attributes.csv
CUS_0x43f8,Miedemaa,33,847-59-9614,Doctor,1/1/2023,2025-11-09,2023-01,features_attributes.csv
CUS_0x4410,Wintere,37,087-88-4254,Media_Manager,1/1/2023,2025-11-09,2023-01,features_attributes.csv
CUS_0x4464,Cruisec,27,#F%$D@*&8,Teacher,1/1/2023,2025-11-09,2023-01,features_attributes.csv
CUS_0x4472,Stanley Whiteq,42,#F%$D@*&8,Teacher,1/1/2023,2025-11-09,2023-01,features_attributes.csv
CUS_0x44d5,Jessica Toonkeld,40,103-44-2996,_______,1/1/2023,2025-11-09,2023-01,features_attributes.csv
CUS_0x44e0,Sarah N.t,50,663-26-0839,Musician,1/1/2023,2025-11-09,2023-01,features_attributes.csv
CUS_0x4596,Kate Holtony,49,432-19-3861,Accountant,1/1/2023,2025-11-09,2023-01,features_attributes.csv
CUS_0x4662,Ritsuko Andod,25,824-09-8654,_______,1/1/2023,2025-11-09,2023-01,features_attributes.csv
CUS_0x4671,Alwyn Scottm,45_,667-35-5970,Scientist,1/1/2023,2025-11-09,2023-01,features_attributes.csv
CUS_0x4674,Wanfeng Zhoum,37,963-53-1744,Doctor,1/1/2023,2025-11-09,2023-01,features_attributes.csv
CUS_0x4688,Strupczewskii,26_,827-77-9493,Teacher,1/1/2023,2025-11-09,2023-01,features_attributes.csv
CUS_0x472b,Carrickt,40,390-24-8662,Writer,1/1/2023,2025-11-09,2023-01,features_attributes.csv
CUS_0x474,Lefterisj,23,341-99-7813,Media_Manager,1/1/2023,2025-11-09,2023-01,features_attributes.csv
CUS_0x47a5,Alexa,32,827-59-6035,Teacher,1/1/2023,2025-11-09,2023-01,features_attributes.csv
CUS_0x47c0,Angelaq,40,431-54-2467,Manager,1/1/2023,2025-11-09,2023-01,features_attributes.csv
CUS_0x480c,Dhanyau,32,595-54-0578,Engineer,1/1/2023,2025-11-09,2023-01,features_attributes.csv
CUS_0x4854,Langep,44,564-50-3217,Accountant,1/1/2023,2025-11-09,2023-01,features_attributes.csv
CUS_0x4881,Andreak,38,803-60-0204,Media_Manager,1/1/2023,2025-11-09,2023-01,features_attributes.csv
CUS_0x48ae,Nivedita Bhattacharjeep,43,498-90-5296,Writer,1/1/2023,2025-11-09,2023-01,features_attributes.csv
CUS_0x4939,Claire Davenporty,35,980-86-1679,Writer,1/1/2023,2025-11-09,2023-01,features_attributes.csv
CUS_0x4943,Martin Santat,35,455-66-3671,Architect,1/1/2023,2025-11-09,2023-01,features_attributes.csv
CUS_0x4a0b,Ronald Groverg,30,089-79-7569,Writer,1/1/2023,2025-11-09,2023-01,features_attributes.csv
CUS_0x4a24,Liv,44,318-38-8603,Engineer,1/1/2023,2025-11-09,2023-01,features_attributes.csv
CUS_0x4a3f,Poornima Guptav,40,618-70-2997,Media_Manager,1/1/2023,2025-11-09,2023-01,features_attributes.csv
CUS_0x4a43,Anay,20,586-22-7224,Media_Manager,1/1/2023,2025-11-09,2023-01,features_attributes.csv
CUS_0x4a94,Terrilz,41,515-69-0297,Architect,1/1/2023,2025-11-09,2023-01,features_attributes.csv
CUS_0x4b40,Lisa Baertleinf,19,820-41-6857,Journalist,1/1/2023,2025-11-09,2023-01,features_attributes.csv
CUS_0x4b64,Luke Bakerg,35,478-55-2676,Musician,1/1/2023,2025-11-09,2023-01,features_attributes.csv
CUS_0x4be2,Christinaj,44,431-73-9913,Manager,1/1/2023,2025-11-09,2023-01,features_attributes.csv
CUS_0x4bfc,Prasadn,44,183-74-2486,Developer,1/1/2023,2025-11-09,2023-01,features_attributes.csv
CUS_0x4c29,Kevin Yaov,48,621-62-2926,Writer,1/1/2023,2025-11-09,2023-01,features_attributes.csv
CUS_0x4c71,Lucye,55,267-92-2329,Entrepreneur,1/1/2023,2025-11-09,2023-01,features_attributes.csv
CUS_0x4cdd,A.k,19,865-79-1559,_______,1/1/2023,2025-11-09,2023-01,features_attributes.csv
CUS_0x4cf6,Slaterb,41,708-56-6525,Musician,1/1/2023,2025-11-09,2023-01,features_attributes.csv
CUS_0x4d05,Hepherh,31_,942-07-8132,Journalist,1/1/2023,2025-11-09,2023-01,features_attributes.csv
CUS_0x4d41,Barkino,39,097-33-1673,Engineer,1/1/2023,2025-11-09,2023-01,features_attributes.csv
CUS_0x4dc9,Sagarikat,39,011-55-5907,Doctor,1/1/2023,2025-11-09,2023-01,features_attributes.csv
CUS_0x4ddc,Henryw,45,641-04-8218,Doctor,1/1/2023,2025-11-09,2023-01,features_attributes.csv
CUS_0x4ddf,Malonep,31,004-98-8424,Lawyer,1/1/2023,2025-11-09,2023-01,features_attributes.csv
CUS_0x50f7,Stanleyb,-500,931-83-3982,Developer,1/1/2023,2025-11-09,2023-01,features_attributes.csv
CUS_0x5111,Jasonp,35,373-26-0824,Writer,1/1/2023,2025-11-09,2023-01,features_attributes.csv
CUS_0x5158,Jasonb,42,093-72-9364,Developer,1/1/2023,2025-11-09,2023-01,features_attributes.csv
CUS_0x51b3,Ryana,33,837-85-9800,Media_Manager,1/1/2023,2025-11-09,2023-01,features_attributes.csv
CUS_0x51c9,Dinab,29,640-03-4819,Lawyer,1/1/2023,2025-11-09,2023-01,features_attributes.csv
CUS_0x51e,Edwardsi,42_,946-94-7531,_______,1/1/2023,2025-11-09,2023-01,features_attributes.csv
CUS_0x51e7,Christopher Doeringl,44,772-53-7704,Lawyer,1/1/2023,2025-11-09,2023-01,features_attributes.csv
CUS_0x5225,Lukeg,23_,317-61-9841,Journalist,1/1/2023,2025-11-09,2023-01,features_attributes.csv
CUS_0x522d,Jessicag,48_,833-66-4735,Media_Manager,1/1/2023,2025-11-09,2023-01,features_attributes.csv
CUS_0x527f,Andreas Cremerk,54,657-38-9851,Journalist,1/1/2023,2025-11-09,2023-01,features_attributes.csv
CUS_0x52a5,Ross Kerberh,33,749-66-2495,Writer,1/1/2023,2025-11-09,2023-01,features_attributes.csv
CUS_0x52aa,Nate Raymondi,19,414-35-1640,_______,1/1/2023,2025-11-09,2023-01,features_attributes.csv
CUS_0x537,Seetharamann,42,#F%$D@*&8,Accountant,1/1/2023,2025-11-09,2023-01,features_attributes.csv
CUS_0x53f4,Rick Rothackerc,43,372-20-9785,Mechanic,1/1/2023,2025-11-09,2023-01,features_attributes.csv
CUS_0x540f,Sophie Sassardu,35,617-77-4990,Developer,1/1/2023,2025-11-09,2023-01,features_attributes.csv
CUS_0x541a,Luciah,29,279-55-9526,Scientist,1/1/2023,2025-11-09,2023-01,features_attributes.csv
CUS_0x54d4,Rajagopalank,16,673-52-2711,Scientist,1/1/2023,2025-11-09,2023-01,features_attributes.csv
CUS_0x5505,Laurenh,45,783-68-9980,Doctor,1/1/2023,2025-11-09,2023-01,features_attributes.csv
CUS_0x5525,Vincenzo Damianik,45_,832-59-7756,Doctor,1/1/2023,2025-11-09,2023-01,features_attributes.csv
CUS_0x553e,Christineu,32,416-28-3139,Scientist,1/1/2023,2025-11-09,2023-01,features_attributes.csv
CUS_0x55f0,Hornbyn,45,564-67-2715,Lawyer,1/1/2023,2025-11-09,2023-01,features_attributes.csv
CUS_0x565d,Aruna Viswanathaq,36,311-14-9969,Media_Manager,1/1/2023,2025-11-09,2023-01,features_attributes.csv
CUS_0x56f1,Burtonq,36,377-07-9836,Mechanic,1/1/2023,2025-11-09,2023-01,features_attributes.csv
CUS_0x5849,Freifeldz,52,792-63-2492,Musician,1/1/2023,2025-11-09,2023-01,features_attributes.csv
CUS_0x5877,Nickb,56,861-03-1735,Journalist,1/1/2023,2025-11-09,2023-01,features_attributes.csv
CUS_0x58bf,Somasundarama,17,540-53-7215,Lawyer,1/1/2023,2025-11-09,2023-01,features_attributes.csv
CUS_0x5999,Dayn,36,905-67-0656,Scientist,1/1/2023,2025-11-09,2023-01,features_attributes.csv
CUS_0x59d0,Kirstin Ridleyw,47,411-83-5846,Doctor,1/1/2023,2025-11-09,2023-01,features_attributes.csv
CUS_0x5a3d,Flitteru,25,266-30-4842,Musician,1/1/2023,2025-11-09,2023-01,features_attributes.csv
CUS_0x5ae6,Danielz,42,623-79-4308,Architect,1/1/2023,2025-11-09,2023-01,features_attributes.csv
CUS_0x5bce,A.j,29,695-62-7237,Writer,1/1/2023,2025-11-09,2023-01,features_attributes.csv
CUS_0x5c9f,Jessicao,33,371-94-0530,Journalist,1/1/2023,2025-11-09,2023-01,features_attributes.csv
CUS_0x5ebe,Angelai,46,889-60-8908,Mechanic,1/1/2023,2025-11-09,2023-01,features_attributes.csv
CUS_0x5f02,Lynni,31,284-27-3237,Teacher,1/1/2023,2025-11-09,2023-01,features_attributes.csv
CUS_0x5f10,Paritosh Bansalm,20,776-14-7936,Scientist,1/1/2023,2025-11-09,2023-01,features_attributes.csv
CUS_0x5f30,Barkinj,8547,293-52-8798,Journalist,1/1/2023,2025-11-09,2023-01,features_attributes.csv
CUS_0x5f55,Henryv,33,745-91-0039,Mechanic,1/1/2023,2025-11-09,2023-01,features_attributes.csv
CUS_0x5fe9,Jessicar,32,#F%$D@*&8,_______,1/1/2023,2025-11-09,2023-01,features_attributes.csv
CUS_0x6034,Doeringx,39,367-81-5174,Media_Manager,1/1/2023,2025-11-09,2023-01,features_attributes.csv
CUS_0x6070,Parkm,20,891-55-9364,Accountant,1/1/2023,2025-11-09,2023-01,features_attributes.csv
CUS_0x6120,Erinf,29,191-14-8400,Journalist,1/1/2023,2025-11-09,2023-01,features_attributes.csv
CUS_0x61de,Kotokyz,41,547-03-3727,Doctor,1/1/2023,2025-11-09,2023-01,features_attributes.csv
CUS_0x627a,Euan Rochau,47,564-44-2836,Media_Manager,1/1/2023,2025-11-09,2023-01,features_attributes.csv
CUS_0x635a,Brettk,28,702-03-6373,Musician,1/1/2023,2025-11-09,2023-01,features_attributes.csv
CUS_0x636d,Ramptoni,19,131-96-3902,Accountant,1/1/2023,2025-11-09,2023-01,features_attributes.csv
CUS_0x63d,Olivia Orani,21,010-09-9927,Developer,1/1/2023,2025-11-09,2023-01,features_attributes.csv
CUS_0x63d8,Scott Malonea,19,393-92-0996,Manager,1/1/2023,2025-11-09,2023-01,features_attributes.csv
CUS_0x6442,Pedros,28,149-03-5795,Mechanic,1/1/2023,2025-11-09,2023-01,features_attributes.csv
CUS_0x64b8,Smitha,24,041-44-0647,Engineer,1/1/2023,2025-11-09,2023-01,features_attributes.csv
CUS_0x6587,Rosenb,28,#F%$D@*&8,Architect,1/1/2023,2025-11-09,2023-01,features_attributes.csv
CUS_0x658e,Kerberp,22,#F%$D@*&8,Doctor,1/1/2023,2025-11-09,2023-01,features_attributes.csv
CUS_0x65bf,Wilkest,52,359-28-0281,Writer,1/1/2023,2025-11-09,2023-01,features_attributes.csv
CUS_0x6694,Duvernoyt,26,822-69-2443,Accountant,1/1/2023,2025-11-09,2023-01,features_attributes.csv
CUS_0x6701,Meli,45,065-97-1478,Journalist,1/1/2023,2025-11-09,2023-01,features_attributes.csv
CUS_0x6752,Zaharian,19,142-19-7320,Scientist,1/1/2023,2025-11-09,2023-01,features_attributes.csv
CUS_0x67e4,Vidya Ranganathanb,28,295-57-0333,_______,1/1/2023,2025-11-09,2023-01,features_attributes.csv
CUS_0x6850,Stephen Greyu,28,646-89-4326,_______,1/1/2023,2025-11-09,2023-01,features_attributes.csv
CUS_0x689b,Soyoung Kimu,22,915-45-3725,Mechanic,1/1/2023,2025-11-09,2023-01,features_attributes.csv
CUS_0x6915,Lashb,17,533-80-5681,Musician,1/1/2023,2025-11-09,2023-01,features_attributes.csv
CUS_0x695c,Carrick Mollenkampf,-500,#F%$D@*&8,Teacher,1/1/2023,2025-11-09,2023-01,features_attributes.csv
CUS_0x697d,Technology Correspondenty,21,096-94-6781,Writer,1/1/2023,2025-11-09,2023-01,features_attributes.csv
CUS_0x699,Carriea,26,907-36-5534,Engineer,1/1/2023,2025-11-09,2023-01,features_attributes.csv
CUS_0x69be,da Costab,44,490-71-8764,Lawyer,1/1/2023,2025-11-09,2023-01,features_attributes.csv
CUS_0x69ff,Emelial,43,020-79-5434,Writer,1/1/2023,2025-11-09,2023-01,features_attributes.csv
CUS_0x6a8a,Time,16,672-99-7085,Developer,1/1/2023,2025-11-09,2023-01,features_attributes.csv
CUS_0x6ab3,Behrakise,40,816-77-1754,Teacher,1/1/2023,2025-11-09,2023-01,features_attributes.csv
CUS_0x6b1d,Kajimotot,20,971-49-5241,Musician,1/1/2023,2025-11-09,2023-01,features_attributes.csv
CUS_0x6b52,James Reganw,27,556-49-4379,Media_Manager,1/1/2023,2025-11-09,2023-01,features_attributes.csv
CUS_0x6d05,Katee,46,429-09-6890,Mechanic,1/1/2023,2025-11-09,2023-01,features_attributes.csv
CUS_0x6d4,Lewis Krauskopfk,30,452-17-3020,Media_Manager,1/1/2023,2025-11-09,2023-01,features_attributes.csv
CUS_0x6ee,Allenb,37,352-67-8040,Doctor,1/1/2023,2025-11-09,2023-01,features_attributes.csv
CUS_0x6f11,Oliviaj,26,881-68-5762,Developer,1/1/2023,2025-11-09,2023-01,features_attributes.csv
CUS_0x6f4a,Copleyn,19,433-63-5299,Architect,1/1/2023,2025-11-09,2023-01,features_attributes.csv
CUS_0x6f5d,LaCapraj,32,047-76-1717,Engineer,1/1/2023,2025-11-09,2023-01,features_attributes.csv
CUS_0x6f95,Suzannep,29,582-29-6541,Musician,1/1/2023,2025-11-09,2023-01,features_attributes.csv
CUS_0x6fea,Jeanine Preziosou,31,444-51-2059,Entrepreneur,1/1/2023,2025-11-09,2023-01,features_attributes.csv
CUS_0x6ffb,Herbert Lashb,37,716-35-4628,Writer,1/1/2023,2025-11-09,2023-01,features_attributes.csv
CUS_0x703f,Annikam,37,830-01-1609,Writer,1/1/2023,2025-11-09,2023-01,features_attributes.csv
CUS_0x707d,Reiji Murais,55,#F%$D@*&8,Lawyer,1/1/2023,2025-11-09,2023-01,features_attributes.csv
CUS_0x710b,Vlastelical,30,496-47-3679,Doctor,1/1/2023,2025-11-09,2023-01,features_attributes.csv
CUS_0x71a0,Horowitzc,55,143-79-6232,Teacher,1/1/2023,2025-11-09,2023-01,features_attributes.csv
CUS_0x7266,George Georgiopoulosb,24,063-49-8444,Teacher,1/1/2023,2025-11-09,2023-01,features_attributes.csv
CUS_0x7373,Emilyr,31,#F%$D@*&8,Accountant,1/1/2023,2025-11-09,2023-01,features_attributes.csv
CUS_0x738f,Katharina Barty,40,995-65-2513,Mechanic,1/1/2023,2025-11-09,2023-01,features_attributes.csv
CUS_0x7418,Raymondj,34,508-07-0235,Writer,1/1/2023,2025-11-09,2023-01,features_attributes.csv
CUS_0x752c,Sarah N.l,37,483-01-4711,Media_Manager,1/1/2023,2025-11-09,2023-01,features_attributes.csv
CUS_0x752f,Edwardsu,37,297-48-4612,Writer,1/1/2023,2025-11-09,2023-01,features_attributes.csv
CUS_0x7580,imartea,23,674-77-2504,Manager,1/1/2023,2025-11-09,2023-01,features_attributes.csv
CUS_0x758e,Ryan Vlastelicad,48,582-72-2067,Mechanic,1/1/2023,2025-11-09,2023-01,features_attributes.csv
CUS_0x75e,Koltrowitzq,38,606-90-0153,Lawyer,1/1/2023,2025-11-09,2023-01,features_attributes.csv
CUS_0x773,Haviva,32,827-38-6871,Lawyer,1/1/2023,2025-11-09,2023-01,features_attributes.csv
CUS_0x775a,Euan Rochao,35,657-83-9284,Teacher,1/1/2023,2025-11-09,2023-01,features_attributes.csv
CUS_0x77e2,Li,29,143-90-2973,Media_Manager,1/1/2023,2025-11-09,2023-01,features_attributes.csv
CUS_0x7872,Sonyao,29,#F%$D@*&8,Manager,1/1/2023,2025-11-09,2023-01,features_attributes.csv
CUS_0x7877,Silke Koltrowitzb,31,221-73-6374,Writer,1/1/2023,2025-11-09,2023-01,features_attributes.csv
CUS_0x78a7,Lynchf,51,561-74-1832,Lawyer,1/1/2023,2025-11-09,2023-01,features_attributes.csv
CUS_0x7910,Raymondu,35,995-60-4305,Developer,1/1/2023,2025-11-09,2023-01,features_attributes.csv
CUS_0x79aa,Jeffw,34,824-45-3893,_______,1/1/2023,2025-11-09,2023-01,features_attributes.csv
CUS_0x79ac,Jean-Baptistea,40,833-71-1983,Writer,1/1/2023,2025-11-09,2023-01,features_attributes.csv
CUS_0x79cf,Vlastelicaa,29_,743-75-2466,_______,1/1/2023,2025-11-09,2023-01,features_attributes.csv
CUS_0x79ff,Michael Szabov,39,885-50-0108,Mechanic,1/1/2023,2025-11-09,2023-01,features_attributes.csv
CUS_0x7a2d,Lannind,35,439-03-4945,Journalist,1/1/2023,2025-11-09,2023-01,features_attributes.csv
CUS_0x7a77,Huw Jonesq,24,044-19-7799,Musician,1/1/2023,2025-11-09,2023-01,features_attributes.csv
CUS_0x7a84,Alice Baghdjianw,39,042-33-9752,Entrepreneur,1/1/2023,2025-11-09,2023-01,features_attributes.csv
CUS_0x7b31,Oreskovica,37,762-63-6766,Musician,1/1/2023,2025-11-09,2023-01,features_attributes.csv
CUS_0x7b52,David Henryw,35,015-91-6589,_______,1/1/2023,2025-11-09,2023-01,features_attributes.csv
CUS_0x7b90,Estelled,41,816-38-1312,Developer,1/1/2023,2025-11-09,2023-01,features_attributes.csv
CUS_0x7bda,Emman,52,640-01-1485,Entrepreneur,1/1/2023,2025-11-09,2023-01,features_attributes.csv
CUS_0x7c00,Jones Chrisr,41,505-02-8809,Lawyer,1/1/2023,2025-11-09,2023-01,features_attributes.csv
CUS_0x7c01,Vorobyovam,17,036-74-6711,Lawyer,1/1/2023,2025-11-09,2023-01,features_attributes.csv
CUS_0x7c13,Greg Roumeliotisr,40,784-84-0195,Scientist,1/1/2023,2025-11-09,2023-01,features_attributes.csv
CUS_0x7c2f,Niuk,1094,641-03-7701,Developer,1/1/2023,2025-11-09,2023-01,features_attributes.csv
CUS_0x7c58,Evax,29,531-98-6283,Architect,1/1/2023,2025-11-09,2023-01,features_attributes.csv
CUS_0x7c64,Ernest Scheyderp,48,399-83-4333,Architect,1/1/2023,2025-11-09,2023-01,features_attributes.csv
CUS_0x7c66,Herbst-Baylisss,16,046-49-7407,_______,1/1/2023,2025-11-09,2023-01,features_attributes.csv
CUS_0x7cb9,Noeli,37,599-00-9018,Media_Manager,1/1/2023,2025-11-09,2023-01,features_attributes.csv
CUS_0x7cfc,Shalal-Esaf,-500,608-99-2576,Writer,1/1/2023,2025-11-09,2023-01,features_attributes.csv
CUS_0x7dfb,Jonathanq,34,986-47-8911,Musician,1/1/2023,2025-11-09,2023-01,features_attributes.csv
CUS_0x7fc3,Mincerj,19,733-71-6520,Teacher,1/1/2023,2025-11-09,2023-01,features_attributes.csv
CUS_0x7fe2,Swethau,36,517-05-0352,Developer,1/1/2023,2025-11-09,2023-01,features_attributes.csv
CUS_0x8031,Cruises,19,146-48-0684,Media_Manager,1/1/2023,2025-11-09,2023-01,features_attributes.csv
CUS_0x8034,Tova Cohenf,45,#F%$D@*&8,Engineer,1/1/2023,2025-11-09,2023-01,features_attributes.csv
CUS_0x8065,Svea Herbst-Baylissp,17,#F%$D@*&8,Media_Manager,1/1/2023,2025-11-09,2023-01,features_attributes.csv
CUS_0x8171,Oreskovicw,38,564-93-4153,Teacher,1/1/2023,2025-11-09,2023-01,features_attributes.csv
CUS_0x81e6,Dhanya Skariachanb,21,990-52-8222,Mechanic,1/1/2023,2025-11-09,2023-01,features_attributes.csv
CUS_0x8207,Robinr,27,459-97-4062,Doctor,1/1/2023,2025-11-09,2023-01,features_attributes.csv
CUS_0x82a7,Michael Ermany,45,552-36-8989,Scientist,1/1/2023,2025-11-09,2023-01,features_attributes.csv
CUS_0x832d,Robin Emmottl,-500,943-97-7546,Teacher,1/1/2023,2025-11-09,2023-01,features_attributes.csv
CUS_0x8370,Nickm,36,348-82-8145,Journalist,1/1/2023,2025-11-09,2023-01,features_attributes.csv
CUS_0x8376,Jessica Wohlt,40,509-93-1354,Musician,1/1/2023,2025-11-09,2023-01,features_attributes.csv
CUS_0x846a,Aruna Viswanathab,52,603-04-5885,Media_Manager,1/1/2023,2025-11-09,2023-01,features_attributes.csv
CUS_0x84a0,Xiaoyid,28,417-38-2507,Accountant,1/1/2023,2025-11-09,2023-01,features_attributes.csv
CUS_0x8546,Frostg,43,715-48-9784,Journalist,1/1/2023,2025-11-09,2023-01,features_attributes.csv
CUS_0x859d,Mutikaniw,25,013-32-5071,Musician,1/1/2023,2025-11-09,2023-01,features_attributes.csv
CUS_0x8658,Johnj,33,563-94-4382,Musician,1/1/2023,2025-11-09,2023-01,features_attributes.csv
CUS_0x86be,Jenniferk,48,776-18-7804,Writer,1/1/2023,2025-11-09,2023-01,features_attributes.csv
CUS_0x86c7,Steven C.a,35,232-33-5704,Entrepreneur,1/1/2023,2025-11-09,2023-01,features_attributes.csv
CUS_0x86ed,Foo Yunt,36,093-35-5868,_______,1/1/2023,2025-11-09,2023-01,features_attributes.csv
CUS_0x8704,Daniel Basesv,31,497-36-7729,Mechanic,1/1/2023,2025-11-09,2023-01,features_attributes.csv
CUS_0x873b,Rinke Francescaf,32,261-27-4967,Doctor,1/1/2023,2025-11-09,2023-01,features_attributes.csv
CUS_0x87fa,Soyoung Kiml,32,500-80-2670,Doctor,1/1/2023,2025-11-09,2023-01,features_attributes.csv
CUS_0x887f,Spicerx,24,414-52-8424,Architect,1/1/2023,2025-11-09,2023-01,features_attributes.csv
CUS_0x8919,Wanfengf,34,412-59-9079,Scientist,1/1/2023,2025-11-09,2023-01,features_attributes.csv
CUS_0x891b,Lefteris Papadimaso,42,575-35-1886,Scientist,1/1/2023,2025-11-09,2023-01,features_attributes.csv
CUS_0x893e,Jon Herskovitzt,42,879-80-0822,Media_Manager,1/1/2023,2025-11-09,2023-01,features_attributes.csv
CUS_0x8956,Maurof,24,#F%$D@*&8,Accountant,1/1/2023,2025-11-09,2023-01,features_attributes.csv
CUS_0x8983,Danl,29,505-01-1613,Scientist,1/1/2023,2025-11-09,2023-01,features_attributes.csv
CUS_0x89a,Sackmannb,55,087-32-8543,Doctor,1/1/2023,2025-11-09,2023-01,features_attributes.csv
CUS_0x89ca,Sheppardx,26,152-28-1148,Journalist,1/1/2023,2025-11-09,2023-01,features_attributes.csv
CUS_0x89d3,Noelp,28,#F%$D@*&8,Accountant,1/1/2023,2025-11-09,2023-01,features_attributes.csv
CUS_0x8a3c,Deepa Seetharamane,48,151-72-5385,Architect,1/1/2023,2025-11-09,2023-01,features_attributes.csv
CUS_0x8a44,Jonathan Spicert,21,740-21-4850,Musician,1/1/2023,2025-11-09,2023-01,features_attributes.csv
CUS_0x8a6e,Annab,49,413-30-1170,Mechanic,1/1/2023,2025-11-09,2023-01,features_attributes.csv
CUS_0x8af8,Cremera,35,823-92-1569,Developer,1/1/2023,2025-11-09,2023-01,features_attributes.csv
CUS_0x8b1,Laurah,-500,592-55-6092,Doctor,1/1/2023,2025-11-09,2023-01,features_attributes.csv
CUS_0x8b17,Edwardc,8448,232-13-9501,Writer,1/1/2023,2025-11-09,2023-01,features_attributes.csv
CUS_0x8c2c,Jane Leew,21,955-06-8786,Developer,1/1/2023,2025-11-09,2023-01,features_attributes.csv
CUS_0x8c9a,Caroline Valetkevitchr,32,759-79-5662,Architect,1/1/2023,2025-11-09,2023-01,features_attributes.csv
CUS_0x8d21,Mattv,15,473-47-6936,Entrepreneur,1/1/2023,2025-11-09,2023-01,features_attributes.csv
CUS_0x8de0,Alexei Oreskovicn,43_,906-56-2463,Doctor,1/1/2023,2025-11-09,2023-01,features_attributes.csv
CUS_0x8e30,Frewy,20,080-35-3013,_______,1/1/2023,2025-11-09,2023-01,features_attributes.csv
CUS_0x8e44,Uranakao,54,#F%$D@*&8,_______,1/1/2023,2025-11-09,2023-01,features_attributes.csv
CUS_0x8e90,Karena,54,257-90-0023,Engineer,1/1/2023,2025-11-09,2023-01,features_attributes.csv
CUS_0x8f4e,Aileen Wangi,20,827-13-9020,Writer,1/1/2023,2025-11-09,2023-01,features_attributes.csv
CUS_0x8f7e,Katya Wachtelp,32_,235-01-7131,Scientist,1/1/2023,2025-11-09,2023-01,features_attributes.csv
CUS_0x8fb4,Shalal-Esar,47,010-27-6689,Accountant,1/1/2023,2025-11-09,2023-01,features_attributes.csv
CUS_0x9102,Soldatkinc,43,977-79-5989,Mechanic,1/1/2023,2025-11-09,2023-01,features_attributes.csv
CUS_0x9124,James Tophamk,24,723-63-2577,Entrepreneur,1/1/2023,2025-11-09,2023-01,features_attributes.csv
CUS_0x9154,Charliel,35,324-22-6070,Scientist,1/1/2023,2025-11-09,2023-01,features_attributes.csv
CUS_0x9190,Dave Grahamy,27,901-17-8728,Musician,1/1/2023,2025-11-09,2023-01,features_attributes.csv
CUS_0x9230,Matt Falloonq,24,049-60-8430,Journalist,1/1/2023,2025-11-09,2023-01,features_attributes.csv
CUS_0x9273,Huwr,49,770-10-4834,Accountant,1/1/2023,2025-11-09,2023-01,features_attributes.csv
CUS_0x9278,Johnc,22,424-53-6443,_______,1/1/2023,2025-11-09,2023-01,features_attributes.csv
CUS_0x928f,en Berkowitza,39,117-83-9437,Accountant,1/1/2023,2025-11-09,2023-01,features_attributes.csv
CUS_0x929a,Davidb,35,108-81-3545,Lawyer,1/1/2023,2025-11-09,2023-01,features_attributes.csv
CUS_0x929c,Carrelj,27,788-88-0244,Developer,1/1/2023,2025-11-09,2023-01,features_attributes.csv
CUS_0x92d6,Ingridd,31,914-52-5784,Accountant,1/1/2023,2025-11-09,2023-01,features_attributes.csv
CUS_0x92f0,Erik Kirschbaumc,16,147-69-1388,Writer,1/1/2023,2025-11-09,2023-01,features_attributes.csv
CUS_0x9357,Saphiri,29,600-08-5694,Musician,1/1/2023,2025-11-09,2023-01,features_attributes.csv
CUS_0x93a0,Granta,44,128-55-3371,Entrepreneur,1/1/2023,2025-11-09,2023-01,features_attributes.csv
CUS_0x9435,Richwinec,37,500-06-3724,Accountant,1/1/2023,2025-11-09,2023-01,features_attributes.csv
CUS_0x948f,Sinead Carewe,37,640-58-0930,Developer,1/1/2023,2025-11-09,2023-01,features_attributes.csv
CUS_0x950d,Robinx,38,205-57-7066,Developer,1/1/2023,2025-11-09,2023-01,features_attributes.csv
CUS_0x95aa,Stempelg,31,999-07-3430,Journalist,1/1/2023,2025-11-09,2023-01,features_attributes.csv
CUS_0x962f,Melp,48,545-49-4921,Mechanic,1/1/2023,2025-11-09,2023-01,features_attributes.csv
CUS_0x96a2,Tetsushi Kajimotos,30,#F%$D@*&8,_______,1/1/2023,2025-11-09,2023-01,features_attributes.csv
CUS_0x970f,Hodog,30,505-12-0535,Musician,1/1/2023,2025-11-09,2023-01,features_attributes.csv
CUS_0x972d,Stephen Browne,47,#F%$D@*&8,Doctor,1/1/2023,2025-11-09,2023-01,features_attributes.csv
CUS_0x97ab,Krisztinae,53,845-77-8805,Manager,1/1/2023,2025-11-09,2023-01,features_attributes.csv
CUS_0x97b,Lawdero,29,948-33-7459,Entrepreneur,1/1/2023,2025-11-09,2023-01,features_attributes.csv
CUS_0x97bd,Ryany,2038,552-35-7303,Engineer,1/1/2023,2025-11-09,2023-01,features_attributes.csv
CUS_0x9805,Josephinez,37,699-98-6012,Writer,1/1/2023,2025-11-09,2023-01,features_attributes.csv
CUS_0x988c,Kevinz,31,083-64-0011,Writer,1/1/2023,2025-11-09,2023-01,features_attributes.csv
CUS_0x9916,Jonathan Stempelc,203,797-89-1729,Journalist,1/1/2023,2025-11-09,2023-01,features_attributes.csv
CUS_0x9979,Karen Jacobsl,45,920-04-2870,Scientist,1/1/2023,2025-11-09,2023-01,features_attributes.csv
CUS_0x9985,Leikac,27,#F%$D@*&8,_______,1/1/2023,2025-11-09,2023-01,features_attributes.csv
CUS_0x9a55,Kathyy,43,371-02-6134,Scientist,1/1/2023,2025-11-09,2023-01,features_attributes.csv
CUS_0x9a71,Mukhopadhyayc,55,889-07-2357,Scientist,1/1/2023,2025-11-09,2023-01,features_attributes.csv
CUS_0x9b24,"\"Johne",20,958-56-7919,Entrepreneur,1/1/2023,2025-11-09,2023-01,features_attributes.csv
CUS_0x9bef,Annn,34_,722-46-7243,Architect,1/1/2023,2025-11-09,2023-01,features_attributes.csv
CUS_0x9c67,Mariy,39,977-57-0254,Manager,1/1/2023,2025-11-09,2023-01,features_attributes.csv
CUS_0x9ce6,Ekr,43,101-11-3105,Developer,1/1/2023,2025-11-09,2023-01,features_attributes.csv
CUS_0x9e02,ewichu,20,278-38-1974,Musician,1/1/2023,2025-11-09,2023-01,features_attributes.csv
CUS_0x9e09,Matthias Sobolewskie,24,298-70-8875,Lawyer,1/1/2023,2025-11-09,2023-01,features_attributes.csv
CUS_0x9e6a,Koky,52,203-00-3994,Writer,1/1/2023,2025-11-09,2023-01,features_attributes.csv
CUS_0x9f91,Nadia Damounin,45,419-62-1555,_______,1/1/2023,2025-11-09,2023-01,features_attributes.csv
CUS_0xa0c,Sarahs,14,767-22-6800,Doctor,1/1/2023,2025-11-09,2023-01,features_attributes.csv
CUS_0xa134,Leikan,30,707-42-6251,Journalist,1/1/2023,2025-11-09,2023-01,features_attributes.csv
CUS_0xa146,"\"Martinf",23,146-83-0280,_______,1/1/2023,2025-11-09,2023-01,features_attributes.csv
CUS_0xa182,Steven Scheert,44,552-47-8695,Engineer,1/1/2023,2025-11-09,2023-01,features_attributes.csv
CUS_0xa187,Laux,45,487-99-3229,Writer,1/1/2023,2025-11-09,2023-01,features_attributes.csv
CUS_0xa1bb,Latulo,29,484-76-2971,Mechanic,1/1/2023,2025-11-09,2023-01,features_attributes.csv
CUS_0xa203,Deepa Seetharamanc,40,986-88-3065,Entrepreneur,1/1/2023,2025-11-09,2023-01,features_attributes.csv
CUS_0xa20d,Luciax,24,455-15-5401,Accountant,1/1/2023,2025-11-09,2023-01,features_attributes.csv
CUS_0xa2c0,Papachristouk,46,023-14-5348,Engineer,1/1/2023,2025-11-09,2023-01,features_attributes.csv
CUS_0xa2ee,ill Rigbyk,21_,248-82-9905,Doctor,1/1/2023,2025-11-09,2023-01,features_attributes.csv
CUS_0xa408,Gerry Shiha,24,359-29-7978,_______,1/1/2023,2025-11-09,2023-01,features_attributes.csv
CUS_0xa422,Lux,40,692-10-4434,Scientist,1/1/2023,2025-11-09,2023-01,features_attributes.csv
CUS_0xa423,Chikafumi Hodot,56,903-45-7906,Manager,1/1/2023,2025-11-09,2023-01,features_attributes.csv
CUS_0xa463,Gerryv,19,878-26-9046,Engineer,1/1/2023,2025-11-09,2023-01,features_attributes.csv
CUS_0xa488,Lynn Adlere,28,#F%$D@*&8,Journalist,1/1/2023,2025-11-09,2023-01,features_attributes.csv
CUS_0xa52,Bakerj,28,201-13-7255,Entrepreneur,1/1/2023,2025-11-09,2023-01,features_attributes.csv
CUS_0xa54d,Katya Wachtell,35_,022-66-6862,Writer,1/1/2023,2025-11-09,2023-01,features_attributes.csv
CUS_0xa5c,Peter Maushagend,36,975-11-0042,Writer,1/1/2023,2025-11-09,2023-01,features_attributes.csv
CUS_0xa5e6,Ahmedv,37,086-28-6732,Lawyer,1/1/2023,2025-11-09,2023-01,features_attributes.csv
CUS_0xa5e9,Josephx,19,640-46-2271,Teacher,1/1/2023,2025-11-09,2023-01,features_attributes.csv
CUS_0xa65,Longstrethz,45,156-18-7147,Architect,1/1/2023,2025-11-09,2023-01,features_attributes.csv
CUS_0xa6d9,Sineads,34,403-15-3171,Lawyer,1/1/2023,2025-11-09,2023-01,features_attributes.csv
CUS_0xa801,Henryq,46,643-91-3716,Manager,1/1/2023,2025-11-09,2023-01,features_attributes.csv
CUS_0xa83,Michele Kambasi,16,644-26-1074,Teacher,1/1/2023,2025-11-09,2023-01,features_attributes.csv
CUS_0xa8c6,Jed Horowitzm,20,214-47-2407,_______,1/1/2023,2025-11-09,2023-01,features_attributes.csv
CUS_0xa918,Aman Shahx,27,195-30-9920,Teacher,1/1/2023,2025-11-09,2023-01,features_attributes.csv
CUS_0xa9a,Christiaan Hetznerw,41,809-65-2502,Mechanic,1/1/2023,2025-11-09,2023-01,features_attributes.csv
CUS_0xaa8e,Shengnanx,28,145-74-7622,_______,1/1/2023,2025-11-09,2023-01,features_attributes.csv
CUS_0xaaff,Lucia Mutikaniv,-500,269-27-4859,Musician,1/1/2023,2025-11-09,2023-01,features_attributes.csv
CUS_0xabf2,Chans,17,009-06-4377,Engineer,1/1/2023,2025-11-09,2023-01,features_attributes.csv
CUS_0xac46,Scott DiSavinoy,32,370-59-9988,Scientist,1/1/2023,2025-11-09,2023-01,features_attributes.csv
CUS_0xac7c,Jeffsj,30,878-64-2983,Accountant,1/1/2023,2025-11-09,2023-01,features_attributes.csv
CUS_0xaca7,akumar Johnp,33,588-25-9381,Journalist,1/1/2023,2025-11-09,2023-01,features_attributes.csv
CUS_0xacab,Lincoln Feastq,49,489-93-0775,Engineer,1/1/2023,2025-11-09,2023-01,features_attributes.csv
CUS_0xacfa,Alexeia,37,324-46-6478,Entrepreneur,1/1/2023,2025-11-09,2023-01,features_attributes.csv
CUS_0xad13,Orank,24,563-54-2045,Manager,1/1/2023,2025-11-09,2023-01,features_attributes.csv
CUS_0xad1d,A.i,31,296-71-4680,Developer,1/1/2023,2025-11-09,2023-01,features_attributes.csv
CUS_0xad90,Lucia Mutikania,23,918-30-9013,Writer,1/1/2023,2025-11-09,2023-01,features_attributes.csv
CUS_0xadb2,Victorh,42,807-07-8104,_______,1/1/2023,2025-11-09,2023-01,features_attributes.csv
CUS_0xadb8,Lj,19,511-50-4936,Doctor,1/1/2023,2025-11-09,2023-01,features_attributes.csv
CUS_0xae51,Josephine Masonz,46,082-17-4774,Entrepreneur,1/1/2023,2025-11-09,2023-01,features_attributes.csv
CUS_0xae6a,Slaterh,52,944-46-8769,Lawyer,1/1/2023,2025-11-09,2023-01,features_attributes.csv
CUS_0xae7d,Deepax,20,651-44-1370,Accountant,1/1/2023,2025-11-09,2023-01,features_attributes.csv
CUS_0xae9e,Bansalp,17,345-91-4839,_______,1/1/2023,2025-11-09,2023-01,features_attributes.csv
CUS_0xaebc,Estelleg,29,792-56-4701,Accountant,1/1/2023,2025-11-09,2023-01,features_attributes.csv
CUS_0xaf09,Rodrigo Vigar,49,003-80-8234,Lawyer,1/1/2023,2025-11-09,2023-01,features_attributes.csv
CUS_0xafb5,Jennifer Sabae,17,902-21-4884,Journalist,1/1/2023,2025-11-09,2023-01,features_attributes.csv
CUS_0xb0bd,Herberta,37,744-86-5309,Accountant,1/1/2023,2025-11-09,2023-01,features_attributes.csv
CUS_0xb0c4,Pawelb,14,810-15-1395,Entrepreneur,1/1/2023,2025-11-09,2023-01,features_attributes.csv
CUS_0xb0e4,Niak,55,022-68-0160,Media_Manager,1/1/2023,2025-11-09,2023-01,features_attributes.csv
CUS_0xb1f5,Janetb,51,405-57-7202,Developer,1/1/2023,2025-11-09,2023-01,features_attributes.csv
CUS_0xb220,Longstrethj,18,677-44-3825,_______,1/1/2023,2025-11-09,2023-01,features_attributes.csv
CUS_0xb2b8,Soyoung Kimp,37,708-90-6151,Lawyer,1/1/2023,2025-11-09,2023-01,features_attributes.csv
CUS_0xb381,Volcovicii,53,#F%$D@*&8,Architect,1/1/2023,2025-11-09,2023-01,features_attributes.csv
CUS_0xb3f4,Alwyn Scottj,26,553-09-5457,Entrepreneur,1/1/2023,2025-11-09,2023-01,features_attributes.csv
CUS_0xb403,Shalal-Esag,23,628-68-3928,Musician,1/1/2023,2025-11-09,2023-01,features_attributes.csv
CUS_0xb41f,en Hirschlerp,46,#F%$D@*&8,Architect,1/1/2023,2025-11-09,2023-01,features_attributes.csv
CUS_0xb424,Tanx,44,331-28-1921,Media_Manager,1/1/2023,2025-11-09,2023-01,features_attributes.csv
CUS_0xb437,Jonathan Cabled,55,480-15-7639,_______,1/1/2023,2025-11-09,2023-01,features_attributes.csv
CUS_0xb46,illd,33,004-46-4845,Engineer,1/1/2023,2025-11-09,2023-01,features_attributes.csv
CUS_0xb4d8,Paulq,45,508-83-0349,Lawyer,1/1/2023,2025-11-09,2023-01,features_attributes.csv
CUS_0xb51c,Ransdell Piersono,29,711-70-5709,Engineer,1/1/2023,2025-11-09,2023-01,features_attributes.csv
CUS_0xb64a,Niuv,38,408-06-4944,Engineer,1/1/2023,2025-11-09,2023-01,features_attributes.csv
CUS_0xb662,Chris Stebbinse,18,414-25-8356,Teacher,1/1/2023,2025-11-09,2023-01,features_attributes.csv
CUS_0xb67c,Ronaldy,49,432-02-3211,Entrepreneur,1/1/2023,2025-11-09,2023-01,features_attributes.csv
CUS_0xb685,Amanz,19,412-81-9069,Mechanic,1/1/2023,2025-11-09,2023-01,features_attributes.csv
CUS_0xb6e3,McCrankr,17,#F%$D@*&8,Mechanic,1/1/2023,2025-11-09,2023-01,features_attributes.csv
CUS_0xb73,Jeffrey Kerrj,37,888-32-1754,Teacher,1/1/2023,2025-11-09,2023-01,features_attributes.csv
CUS_0xb745,Alister Bulll,40,230-68-7913,Developer,1/1/2023,2025-11-09,2023-01,features_attributes.csv
CUS_0xb875,Baertleino,53,972-49-2910,_______,1/1/2023,2025-11-09,2023-01,features_attributes.csv
CUS_0xb8b9,Andrew Callush,28,369-60-3838,Doctor,1/1/2023,2025-11-09,2023-01,features_attributes.csv
CUS_0xb915,Hiratan,31_,647-84-4933,_______,1/1/2023,2025-11-09,2023-01,features_attributes.csv
CUS_0xb93e,Jorge Otaolat,38,977-08-5980,Scientist,1/1/2023,2025-11-09,2023-01,features_attributes.csv
CUS_0xba9d,Caroline Valetkevitcho,17,350-61-5419,Journalist,1/1/2023,2025-11-09,2023-01,features_attributes.csv
CUS_0xbbe4,Mikey,25,162-52-7725,Scientist,1/1/2023,2025-11-09,2023-01,features_attributes.csv
CUS_0xbca6,Chatterjeet,25,202-37-4701,Lawyer,1/1/2023,2025-11-09,2023-01,features_attributes.csv
CUS_0xbd1f,Ronald Groverk,34,159-72-2454,Writer,1/1/2023,2025-11-09,2023-01,features_attributes.csv
CUS_0xbd8f,Amena Bakrb,32,344-21-3701,Lawyer,1/1/2023,2025-11-09,2023-01,features_attributes.csv
CUS_0xbf01,Luke Jeffsy,31,102-29-2206,Doctor,1/1/2023,2025-11-09,2023-01,features_attributes.csv
CUS_0xbf38,Christian Plumbi,35,448-31-1022,Scientist,1/1/2023,2025-11-09,2023-01,features_attributes.csv
CUS_0xbf55,Valetkevitchv,38,293-42-1972,Journalist,1/1/2023,2025-11-09,2023-01,features_attributes.csv
CUS_0xc010,Al-Zaquanq,48,843-92-4425,Media_Manager,1/1/2023,2025-11-09,2023-01,features_attributes.csv
CUS_0xc055,Guillermo Parra-Bernale,26,600-94-2851,Developer,1/1/2023,2025-11-09,2023-01,features_attributes.csv
CUS_0xc063,Kimt,27,987-95-1111,Entrepreneur,1/1/2023,2025-11-09,2023-01,features_attributes.csv
CUS_0xc0f6,Prasadv,24,773-23-6801,Developer,1/1/2023,2025-11-09,2023-01,features_attributes.csv
CUS_0xc144,Jonathan Stempelk,20,015-72-5418,_______,1/1/2023,2025-11-09,2023-01,features_attributes.csv
CUS_0xc18b,Estellec,26,090-19-8485,Musician,1/1/2023,2025-11-09,2023-01,features_attributes.csv
CUS_0xc1b3,Richard Hubbards,56,454-72-8750,Media_Manager,1/1/2023,2025-11-09,2023-01,features_attributes.csv
CUS_0xc1b4,Wahbau,25,130-22-5184,Teacher,1/1/2023,2025-11-09,2023-01,features_attributes.csv
CUS_0xc1e7,Nick Browno,25,475-26-4534,Journalist,1/1/2023,2025-11-09,2023-01,features_attributes.csv
CUS_0xc206,Jessica Wohlm,23,941-20-6495,Lawyer,1/1/2023,2025-11-09,2023-01,features_attributes.csv
CUS_0xc254,Yoko Kubotal,27,133-79-2442,Developer,1/1/2023,2025-11-09,2023-01,features_attributes.csv
CUS_0xc29e,Dhanyai,45,467-13-5970,Accountant,1/1/2023,2025-11-09,2023-01,features_attributes.csv
CUS_0xc2e2,Irene Jayl,17,327-46-6796,Architect,1/1/2023,2025-11-09,2023-01,features_attributes.csv
CUS_0xc2ea,Sw,37,665-75-2844,Accountant,1/1/2023,2025-11-09,2023-01,features_attributes.csv
CUS_0xc2fd,Tim Hepherq,21,897-92-2253,Lawyer,1/1/2023,2025-11-09,2023-01,features_attributes.csv
CUS_0xc305,Sophie Sassardc,27,656-31-5843,Media_Manager,1/1/2023,2025-11-09,2023-01,features_attributes.csv
CUS_0xc38a,Ryanq,50,488-34-3335,Teacher,1/1/2023,2025-11-09,2023-01,features_attributes.csv
CUS_0xc3aa,Bradent,31,172-48-6355,_______,1/1/2023,2025-11-09,2023-01,features_attributes.csv
CUS_0xc3d0,Lesleyt,37,954-21-6713,Mechanic,1/1/2023,2025-11-09,2023-01,features_attributes.csv
CUS_0xc3ee,Dominic Lauy,43,971-78-9268,Architect,1/1/2023,2025-11-09,2023-01,features_attributes.csv
CUS_0xc465,Nivedita Bhattacharjeeq,24,301-71-9115,Lawyer,1/1/2023,2025-11-09,2023-01,features_attributes.csv
CUS_0xc4c3,Megan Daviesf,54,718-68-7156,Media_Manager,1/1/2023,2025-11-09,2023-01,features_attributes.csv
CUS_0xc5cb,Luciana Lopezc,26,179-93-9579,Journalist,1/1/2023,2025-11-09,2023-01,features_attributes.csv
CUS_0xc5e8,Sakthiw,15,#F%$D@*&8,Architect,1/1/2023,2025-11-09,2023-01,features_attributes.csv
CUS_0xc60e,Lefteris Papadimasw,2604,654-21-9706,Journalist,1/1/2023,2025-11-09,2023-01,features_attributes.csv
CUS_0xc622,Bullj,54,#F%$D@*&8,Engineer,1/1/2023,2025-11-09,2023-01,features_attributes.csv
CUS_0xc63b,John Acherd,28,563-40-6433,Media_Manager,1/1/2023,2025-11-09,2023-01,features_attributes.csv
CUS_0xc686,Laurenn,22,448-29-3180,Engineer,1/1/2023,2025-11-09,2023-01,features_attributes.csv
CUS_0xc712,Suoninenv,55,623-66-4307,Lawyer,1/1/2023,2025-11-09,2023-01,features_attributes.csv
CUS_0xc716,Ablanj,28,900-03-2348,Writer,1/1/2023,2025-11-09,2023-01,features_attributes.csv
CUS_0xcf0,Foot,22,049-18-2146,Engineer,1/1/2023,2025-11-09,2023-01,features_attributes.csv
CUS_0xd20,Jeffsv,7459,273-87-4456,Journalist,1/1/2023,2025-11-09,2023-01,features_attributes.csv
CUS_0xd6f,Sara Rossiy,40,634-41-3558,Mechanic,1/1/2023,2025-11-09,2023-01,features_attributes.csv
CUS_0xd73,Johnsonq,14,043-26-2764,Manager,1/1/2023,2025-11-09,2023-01,features_attributes.csv
CUS_0xdd3,Dougz,41,536-31-0878,Accountant,1/1/2023,2025-11-09,2023-01,features_attributes.csv
CUS_0xdd8,Kaorim,36,798-80-7921,Teacher,1/1/2023,2025-11-09,2023-01,features_attributes.csv
CUS_0xde2,Eric M.n,35,819-51-5513,Accountant,1/1/2023,2025-11-09,2023-01,features_attributes.csv
CUS_0xdfb,Robin Emmottu,37_,080-47-2722,Journalist,1/1/2023,2025-11-09,2023-01,features_attributes.csv
CUS_0xe28,John Stonestreetv,23,308-22-2918,Doctor,1/1/2023,2025-11-09,2023-01,features_attributes.csv
CUS_0xe64,Sineadl,34,801-49-9318,Mechanic,1/1/2023,2025-11-09,2023-01,features_attributes.csv
CUS_0xe84,Raymondd,21,043-91-6538,Engineer,1/1/2023,2025-11-09,2023-01,features_attributes.csv
CUS_0xe98,Thans,39,663-43-9394,Journalist,1/1/2023,2025-11-09,2023-01,features_attributes.csv
CUS_0xea6,Daviesd,31,991-58-6499,Lawyer,1/1/2023,2025-11-09,2023-01,features_attributes.csv
CUS_0xed3,Manuelo,30,828-88-6721,Developer,1/1/2023,2025-11-09,2023-01,features_attributes.csv
CUS_0xed8,Sudip Kar-Guptag,25,542-81-2536,Engineer,1/1/2023,2025-11-09,2023-01,features_attributes.csv
CUS_0xfc9,Lynn Adlerr,34,264-17-8777,Architect,1/1/2023,2025-11-09,2023-01,features_attributes.csv
