Customer_ID,Name,Age,SSN,Occupation,snapshot_date,ingest_dt,snap_ym,source_file
CUS_0x102e,Rhysn,26,#F%$D@*&8,Scientist,1/4/2024,2025-11-09,2024-04,features_attributes.csv
CUS_0x109d,Langep,45,260-21-1290,Writer,1/4/2024,2025-11-09,2024-04,features_attributes.csv
CUS_0x112e,Sanog,32,981-03-7949,Mechanic,1/4/2024,2025-11-09,2024-04,features_attributes.csv
CUS_0x1183,Barlyna,22,972-42-3182,_______,1/4/2024,2025-11-09,2024-04,features_attributes.csv
CUS_0x1220,Berkowitze,31,#F%$D@*&8,Architect,1/4/2024,2025-11-09,2024-04,features_attributes.csv
CUS_0x1226,Hildebry,52,027-55-0167,_______,1/4/2024,2025-11-09,2024-04,features_attributes.csv
CUS_0x1343,Aubinm,21,443-92-7114,Teacher,1/4/2024,2025-11-09,2024-04,features_attributes.csv
CUS_0x13c7,Asmab,34,305-39-6641,Teacher,1/4/2024,2025-11-09,2024-04,features_attributes.csv
CUS_0x13d5,Camposq,50,604-47-5660,Musician,1/4/2024,2025-11-09,2024-04,features_attributes.csv
CUS_0x1422,Eva Kuehnent,16,#F%$D@*&8,Developer,1/4/2024,2025-11-09,2024-04,features_attributes.csv
CUS_0x14ce,Laul,44,318-82-4117,Musician,1/4/2024,2025-11-09,2024-04,features_attributes.csv
CUS_0x1528,Foow,44,770-63-1122,Entrepreneur,1/4/2024,2025-11-09,2024-04,features_attributes.csv
CUS_0x1534,Ernest Scheyderi,26,764-41-7508,Scientist,1/4/2024,2025-11-09,2024-04,features_attributes.csv
CUS_0x1628,Frostl,33,340-56-9506,Musician,1/4/2024,2025-11-09,2024-04,features_attributes.csv
CUS_0x16cf,Aaron Sheldricka,14,386-77-8198,Architect,1/4/2024,2025-11-09,2024-04,features_attributes.csv
CUS_0x16d4,Sinead Carewq,44,132-82-7348,Developer,1/4/2024,2025-11-09,2024-04,features_attributes.csv
CUS_0x17fb,Sharpi,40,700-02-0618,Teacher,1/4/2024,2025-11-09,2024-04,features_attributes.csv
CUS_0x18ef,Andrea Shalal-Esak,21,136-44-5764,Entrepreneur,1/4/2024,2025-11-09,2024-04,features_attributes.csv
CUS_0x18f7,Emily Stephensont,41,498-86-5960,Musician,1/4/2024,2025-11-09,2024-04,features_attributes.csv
CUS_0x193c,Christiaan Hetzners,25,933-33-8472,_______,1/4/2024,2025-11-09,2024-04,features_attributes.csv
CUS_0x1968,Cezaryq,16_,259-84-4594,Accountant,1/4/2024,2025-11-09,2024-04,features_attributes.csv
CUS_0x1999,Silviob,32_,447-57-2543,Engineer,1/4/2024,2025-11-09,2024-04,features_attributes.csv
CUS_0x1a03,Haggetto,28,692-28-2431,_______,1/4/2024,2025-11-09,2024-04,features_attributes.csv
CUS_0x1a53,Petersono,38_,425-07-1650,Manager,1/4/2024,2025-11-09,2024-04,features_attributes.csv
CUS_0x1a5a,Petes,36,225-82-5288,Lawyer,1/4/2024,2025-11-09,2024-04,features_attributes.csv
CUS_0x1a85,Hughx,30,294-75-4552,Engineer,1/4/2024,2025-11-09,2024-04,features_attributes.csv
CUS_0x1ba2,Torbatib,24,#F%$D@*&8,Scientist,1/4/2024,2025-11-09,2024-04,features_attributes.csv
CUS_0x1c26,Philipo,23,955-54-1229,Entrepreneur,1/4/2024,2025-11-09,2024-04,features_attributes.csv
CUS_0x1c98,Joan Biskupics,19,390-87-7592,Entrepreneur,1/4/2024,2025-11-09,2024-04,features_attributes.csv
CUS_0x1cc3,David Frenchq,56,436-19-3706,Mechanic,1/4/2024,2025-11-09,2024-04,features_attributes.csv
CUS_0x1d15,Dominiquey,35_,721-59-8577,Architect,1/4/2024,2025-11-09,2024-04,features_attributes.csv
CUS_0x1d2c,Alister Bulln,42,281-15-6845,Architect,1/4/2024,2025-11-09,2024-04,features_attributes.csv
CUS_0x1d4e,McCranke,37,182-25-5092,Journalist,1/4/2024,2025-11-09,2024-04,features_attributes.csv
CUS_0x1dd4,Johnson Richardi,49,692-38-9743,Doctor,1/4/2024,2025-11-09,2024-04,features_attributes.csv
CUS_0x1ec9,Yoko Kubotai,46,503-13-4318,Entrepreneur,1/4/2024,2025-11-09,2024-04,features_attributes.csv
CUS_0x1ed2,Karen Jacobsk,25,443-20-1399,Journalist,1/4/2024,2025-11-09,2024-04,features_attributes.csv
CUS_0x1ed5,Parra-Bernalo,31,025-32-3903,Teacher,1/4/2024,2025-11-09,2024-04,features_attributes.csv
CUS_0x1edc,Leika Kiharaw,20,468-63-2688,_______,1/4/2024,2025-11-09,2024-04,features_attributes.csv
CUS_0x1f9c,Lomi Kriely,41,498-47-1128,Entrepreneur,1/4/2024,2025-11-09,2024-04,features_attributes.csv
CUS_0x1fbd,Jane Chungn,41,905-87-8021,Writer,1/4/2024,2025-11-09,2024-04,features_attributes.csv
CUS_0x20db,Lukei,43,997-54-5719,Accountant,1/4/2024,2025-11-09,2024-04,features_attributes.csv
CUS_0x2102,Nishant Kumarz,51,418-67-9689,Scientist,1/4/2024,2025-11-09,2024-04,features_attributes.csv
CUS_0x21bb,Piersonz,50_,814-86-7307,Teacher,1/4/2024,2025-11-09,2024-04,features_attributes.csv
CUS_0x21c1,Roumeliotisf,53,#F%$D@*&8,Architect,1/4/2024,2025-11-09,2024-04,features_attributes.csv
CUS_0x21e9,Baertleinh,24,802-04-2637,Journalist,1/4/2024,2025-11-09,2024-04,features_attributes.csv
CUS_0x2258,Alex Chamberso,54,218-85-8418,Developer,1/4/2024,2025-11-09,2024-04,features_attributes.csv
CUS_0x228c,Strupczewskij,26,927-99-0920,Teacher,1/4/2024,2025-11-09,2024-04,features_attributes.csv
CUS_0x22d0,Soyoung Kimk,33,156-11-2163,Teacher,1/4/2024,2025-11-09,2024-04,features_attributes.csv
CUS_0x22f8,Carolinej,35,089-37-2681,Developer,1/4/2024,2025-11-09,2024-04,features_attributes.csv
CUS_0x234a,Wardellk,40,#F%$D@*&8,Doctor,1/4/2024,2025-11-09,2024-04,features_attributes.csv
CUS_0x235a,Guttermang,22,830-22-8518,Architect,1/4/2024,2025-11-09,2024-04,features_attributes.csv
CUS_0x23c8,Herbert Lashy,37,209-61-0204,Entrepreneur,1/4/2024,2025-11-09,2024-04,features_attributes.csv
CUS_0x23dd,Stella Dawsonn,47,117-06-4475,Manager,1/4/2024,2025-11-09,2024-04,features_attributes.csv
CUS_0x23f3,Leikae,37,817-24-5272,Lawyer,1/4/2024,2025-11-09,2024-04,features_attributes.csv
CUS_0x240d,Taiga Uranakan,56,087-22-6137,Musician,1/4/2024,2025-11-09,2024-04,features_attributes.csv
CUS_0x2468,Alexei Oreskovicq,45_,733-64-4265,Journalist,1/4/2024,2025-11-09,2024-04,features_attributes.csv
CUS_0x2483,Marius Zahariap,37,468-18-1488,Media_Manager,1/4/2024,2025-11-09,2024-04,features_attributes.csv
CUS_0x2484,env,19,781-29-3684,Musician,1/4/2024,2025-11-09,2024-04,features_attributes.csv
CUS_0x24ae,Shalal-Esaa,51,959-48-9170,Entrepreneur,1/4/2024,2025-11-09,2024-04,features_attributes.csv
CUS_0x24e3,Daniel Alvarengas,36,891-36-8798,Scientist,1/4/2024,2025-11-09,2024-04,features_attributes.csv
CUS_0x24ee,Taroi,38,313-17-3944,Engineer,1/4/2024,2025-11-09,2024-04,features_attributes.csv
CUS_0x2714,Tom Halsr,15,129-56-9147,Journalist,1/4/2024,2025-11-09,2024-04,features_attributes.csv
CUS_0x272a,Katharinax,25,444-95-6664,Teacher,1/4/2024,2025-11-09,2024-04,features_attributes.csv
CUS_0x2808,Jessica Dyec,19,224-39-4670,Scientist,1/4/2024,2025-11-09,2024-04,features_attributes.csv
CUS_0x2813,John McCrankg,20,361-34-7350,Architect,1/4/2024,2025-11-09,2024-04,features_attributes.csv
CUS_0x2823,Lefterisu,44,744-09-8974,Musician,1/4/2024,2025-11-09,2024-04,features_attributes.csv
CUS_0x2863,Serapiow,46,150-77-6507,Architect,1/4/2024,2025-11-09,2024-04,features_attributes.csv
CUS_0x2876,Schnurrr,581,177-50-6419,Lawyer,1/4/2024,2025-11-09,2024-04,features_attributes.csv
CUS_0x28d0,Vlastelicaf,26,104-04-7236,Writer,1/4/2024,2025-11-09,2024-04,features_attributes.csv
CUS_0x2998,C.v,41,586-59-6353,Lawyer,1/4/2024,2025-11-09,2024-04,features_attributes.csv
CUS_0x29d5,"\"rendand",33,325-05-9932,Scientist,1/4/2024,2025-11-09,2024-04,features_attributes.csv
CUS_0x2a2e,Kubotas,26,739-38-0026,Entrepreneur,1/4/2024,2025-11-09,2024-04,features_attributes.csv
CUS_0x2b11,Janet McGurtyf,27,419-48-6173,Media_Manager,1/4/2024,2025-11-09,2024-04,features_attributes.csv
CUS_0x2b2b,Mennc,24,216-65-5815,Scientist,1/4/2024,2025-11-09,2024-04,features_attributes.csv
CUS_0x2bc7,Schneyere,17,407-94-5689,_______,1/4/2024,2025-11-09,2024-04,features_attributes.csv
CUS_0x2c1a,Werrw,42_,502-32-2431,Journalist,1/4/2024,2025-11-09,2024-04,features_attributes.csv
CUS_0x2c1c,Mirna Sleimank,50,373-14-1116,Developer,1/4/2024,2025-11-09,2024-04,features_attributes.csv
CUS_0x2c2b,Polansekx,29_,444-54-5613,Entrepreneur,1/4/2024,2025-11-09,2024-04,features_attributes.csv
CUS_0x2c51,Swetha Gopinathh,19,880-55-1300,Entrepreneur,1/4/2024,2025-11-09,2024-04,features_attributes.csv
CUS_0x2c7f,Ransdellx,36,702-92-8891,Entrepreneur,1/4/2024,2025-11-09,2024-04,features_attributes.csv
CUS_0x2c94,arani Krishnanw,16_,169-58-1270,_______,1/4/2024,2025-11-09,2024-04,features_attributes.csv
CUS_0x2cd1,Paulj,44,503-47-3701,Accountant,1/4/2024,2025-11-09,2024-04,features_attributes.csv
CUS_0x2ced,Katya Golubkovaz,36,499-65-8867,Developer,1/4/2024,2025-11-09,2024-04,features_attributes.csv
CUS_0x2cfe,"\"Johnb",52,258-99-9292,Mechanic,1/4/2024,2025-11-09,2024-04,features_attributes.csv
CUS_0x2d3e,Niklas Pollardw,43,771-64-8544,Architect,1/4/2024,2025-11-09,2024-04,features_attributes.csv
CUS_0x2d84,Julienp,23,565-71-0473,Architect,1/4/2024,2025-11-09,2024-04,features_attributes.csv
CUS_0x2e15,David Laguek,37,986-75-9097,Teacher,1/4/2024,2025-11-09,2024-04,features_attributes.csv
CUS_0x2e22,Simpsonf,41,882-68-3751,Lawyer,1/4/2024,2025-11-09,2024-04,features_attributes.csv
CUS_0x2f7e,Sabina Zawadzkif,31,109-48-2095,Doctor,1/4/2024,2025-11-09,2024-04,features_attributes.csv
CUS_0x2ff3,Bullw,35,475-78-3962,Mechanic,1/4/2024,2025-11-09,2024-04,features_attributes.csv
CUS_0x3003,Lesley Wroughtonx,31,843-29-2146,Developer,1/4/2024,2025-11-09,2024-04,features_attributes.csv
CUS_0x3040,Ering,29,755-93-6252,Engineer,1/4/2024,2025-11-09,2024-04,features_attributes.csv
CUS_0x3176,Baertleinx,35,158-09-7660,Scientist,1/4/2024,2025-11-09,2024-04,features_attributes.csv
CUS_0x3195,Alexu,28,238-89-8489,Engineer,1/4/2024,2025-11-09,2024-04,features_attributes.csv
CUS_0x31b7,Luciana Lopezs,42,303-30-5170,Lawyer,1/4/2024,2025-11-09,2024-04,features_attributes.csv
CUS_0x32e6,Jonathan Stempelk,35,137-57-7256,Developer,1/4/2024,2025-11-09,2024-04,features_attributes.csv
CUS_0x3383,Diane Bartzv,31,407-85-2454,_______,1/4/2024,2025-11-09,2024-04,features_attributes.csv
CUS_0x33b5,David Jonesc,17,019-20-5348,Entrepreneur,1/4/2024,2025-11-09,2024-04,features_attributes.csv
CUS_0x33f0,Pedro dax,33,#F%$D@*&8,Scientist,1/4/2024,2025-11-09,2024-04,features_attributes.csv
CUS_0x347c,LaCaprac,33_,497-94-5245,_______,1/4/2024,2025-11-09,2024-04,features_attributes.csv
CUS_0x34a8,James Grubelp,25,344-78-5892,Developer,1/4/2024,2025-11-09,2024-04,features_attributes.csv
CUS_0x34b5,Kentaror,46,370-04-7463,Engineer,1/4/2024,2025-11-09,2024-04,features_attributes.csv
CUS_0x3582,Laurence Fletcherb,26_,346-20-0951,Media_Manager,1/4/2024,2025-11-09,2024-04,features_attributes.csv
CUS_0x3606,Dyep,22,162-34-3252,_______,1/4/2024,2025-11-09,2024-04,features_attributes.csv
CUS_0x36a1,Miyoung Kimh,43,286-88-7128,Teacher,1/4/2024,2025-11-09,2024-04,features_attributes.csv
CUS_0x36f2,Phil Wahbag,40,661-06-7195,Scientist,1/4/2024,2025-11-09,2024-04,features_attributes.csv
CUS_0x36fd,Erwin Sebaq,17,090-60-7501,Doctor,1/4/2024,2025-11-09,2024-04,features_attributes.csv
CUS_0x36ff,Michaele,-500,881-57-6870,Architect,1/4/2024,2025-11-09,2024-04,features_attributes.csv
CUS_0x3809,Anna Driverw,53,060-56-1128,Journalist,1/4/2024,2025-11-09,2024-04,features_attributes.csv
CUS_0x3821,Steveu,20,248-72-2340,Architect,1/4/2024,2025-11-09,2024-04,features_attributes.csv
CUS_0x38bc,Liana B.c,34,018-15-9448,Developer,1/4/2024,2025-11-09,2024-04,features_attributes.csv
CUS_0x38c2,Andreasc,19,423-55-1106,Musician,1/4/2024,2025-11-09,2024-04,features_attributes.csv
CUS_0x3966,Brownx,24,977-16-6058,Journalist,1/4/2024,2025-11-09,2024-04,features_attributes.csv
CUS_0x39d7,Nate Raymondw,29,300-57-8786,Teacher,1/4/2024,2025-11-09,2024-04,features_attributes.csv
CUS_0x39e5,William Jamesl,17,378-91-8909,Accountant,1/4/2024,2025-11-09,2024-04,features_attributes.csv
CUS_0x3a57,Klaymans,39,058-04-9742,Teacher,1/4/2024,2025-11-09,2024-04,features_attributes.csv
CUS_0x3b33,Davidw,34,218-74-2565,Scientist,1/4/2024,2025-11-09,2024-04,features_attributes.csv
CUS_0x3b4c,"\"Johnk",19_,119-63-5471,Teacher,1/4/2024,2025-11-09,2024-04,features_attributes.csv
CUS_0x3cf7,Yaog,31,226-49-8871,Journalist,1/4/2024,2025-11-09,2024-04,features_attributes.csv
CUS_0x3d40,Azharu,22,#F%$D@*&8,Entrepreneur,1/4/2024,2025-11-09,2024-04,features_attributes.csv
CUS_0x3d71,Kevins,38,133-11-8146,Media_Manager,1/4/2024,2025-11-09,2024-04,features_attributes.csv
CUS_0x3de8,Daniele,27,614-99-8314,Entrepreneur,1/4/2024,2025-11-09,2024-04,features_attributes.csv
CUS_0x3f49,Johny,56,860-62-7728,Accountant,1/4/2024,2025-11-09,2024-04,features_attributes.csv
CUS_0x4068,Ognibenep,20,096-81-0180,Entrepreneur,1/4/2024,2025-11-09,2024-04,features_attributes.csv
CUS_0x4098,Greg Roumeliotisk,18,422-50-2476,Doctor,1/4/2024,2025-11-09,2024-04,features_attributes.csv
CUS_0x40d,Luke Jeffsj,43,011-33-6276,_______,1/4/2024,2025-11-09,2024-04,features_attributes.csv
CUS_0x40d1,Phil Wahbag,32,344-66-6046,Entrepreneur,1/4/2024,2025-11-09,2024-04,features_attributes.csv
CUS_0x411d,Lucia Mutikanii,23,956-90-9886,Media_Manager,1/4/2024,2025-11-09,2024-04,features_attributes.csv
CUS_0x41ac,Jane Wardellg,45,051-82-4680,_______,1/4/2024,2025-11-09,2024-04,features_attributes.csv
CUS_0x41be,Selyukha,35,700-01-5042,Musician,1/4/2024,2025-11-09,2024-04,features_attributes.csv
CUS_0x41d3,Nick Browna,43,170-57-5121,Engineer,1/4/2024,2025-11-09,2024-04,features_attributes.csv
CUS_0x41eb,Lianaa,32,901-83-8493,Journalist,1/4/2024,2025-11-09,2024-04,features_attributes.csv
CUS_0x4211,Katharinah,37,335-18-8653,Manager,1/4/2024,2025-11-09,2024-04,features_attributes.csv
CUS_0x4250,Sayantanij,30,042-68-7991,Doctor,1/4/2024,2025-11-09,2024-04,features_attributes.csv
CUS_0x42ec,Tiisetso Motsoenengo,47,#F%$D@*&8,Accountant,1/4/2024,2025-11-09,2024-04,features_attributes.csv
CUS_0x432b,Herbert Lashu,41,066-46-4441,Journalist,1/4/2024,2025-11-09,2024-04,features_attributes.csv
CUS_0x4333,Annax,26,#F%$D@*&8,Developer,1/4/2024,2025-11-09,2024-04,features_attributes.csv
CUS_0x4354,Euanv,18,895-48-7601,Entrepreneur,1/4/2024,2025-11-09,2024-04,features_attributes.csv
CUS_0x43a2,Knightw,35,721-56-6330,Doctor,1/4/2024,2025-11-09,2024-04,features_attributes.csv
CUS_0x43dd,Chang-Rane,30,454-20-3018,Journalist,1/4/2024,2025-11-09,2024-04,features_attributes.csv
CUS_0x4409,Elzio Barreton,16,024-84-1689,Writer,1/4/2024,2025-11-09,2024-04,features_attributes.csv
CUS_0x4491,ernard Vaughanl,38,699-79-1235,Media_Manager,1/4/2024,2025-11-09,2024-04,features_attributes.csv
CUS_0x4517,Jacke,55,052-90-2364,Teacher,1/4/2024,2025-11-09,2024-04,features_attributes.csv
CUS_0x460c,Scott Maloneu,23,647-87-5349,_______,1/4/2024,2025-11-09,2024-04,features_attributes.csv
CUS_0x460f,Langi Chiangs,33,540-34-2378,Writer,1/4/2024,2025-11-09,2024-04,features_attributes.csv
CUS_0x463e,Philb,14,522-26-7644,Developer,1/4/2024,2025-11-09,2024-04,features_attributes.csv
CUS_0x4640,Nick Edwardst,36,969-47-8792,_______,1/4/2024,2025-11-09,2024-04,features_attributes.csv
CUS_0x4691,Julien Toyerd,34,545-29-4548,Teacher,1/4/2024,2025-11-09,2024-04,features_attributes.csv
CUS_0x4712,Karen Jacobsa,25,#F%$D@*&8,Manager,1/4/2024,2025-11-09,2024-04,features_attributes.csv
CUS_0x4718,Martonc,41,232-98-1128,Doctor,1/4/2024,2025-11-09,2024-04,features_attributes.csv
CUS_0x4778,Alistair Barrx,30,888-43-4739,Journalist,1/4/2024,2025-11-09,2024-04,features_attributes.csv
CUS_0x47b2,Mary Gabrielx,44,799-70-1935,Doctor,1/4/2024,2025-11-09,2024-04,features_attributes.csv
CUS_0x47c5,Scuffhamu,20,619-50-3378,Journalist,1/4/2024,2025-11-09,2024-04,features_attributes.csv
CUS_0x4807,Emi Emotor,40,001-96-0566,Musician,1/4/2024,2025-11-09,2024-04,features_attributes.csv
CUS_0x4883,Clareb,23,822-72-2207,_______,1/4/2024,2025-11-09,2024-04,features_attributes.csv
CUS_0x48d,Palmerq,22,283-87-8819,Writer,1/4/2024,2025-11-09,2024-04,features_attributes.csv
CUS_0x4900,Luke Bakerd,34,518-03-9456,Teacher,1/4/2024,2025-11-09,2024-04,features_attributes.csv
CUS_0x493c,Taylorj,52,977-92-2690,Mechanic,1/4/2024,2025-11-09,2024-04,features_attributes.csv
CUS_0x496a,Ilainaq,25,726-77-5372,Engineer,1/4/2024,2025-11-09,2024-04,features_attributes.csv
CUS_0x4973,Marcuss,43,128-30-2776,_______,1/4/2024,2025-11-09,2024-04,features_attributes.csv
CUS_0x49e4,Lynchr,33,218-55-3668,Architect,1/4/2024,2025-11-09,2024-04,features_attributes.csv
CUS_0x4a45,Charlie Zhuk,38,948-93-2039,Journalist,1/4/2024,2025-11-09,2024-04,features_attributes.csv
CUS_0x4a5,Sophiet,38,867-41-1583,Teacher,1/4/2024,2025-11-09,2024-04,features_attributes.csv
CUS_0x4b5a,Laurencel,24,890-10-1820,Lawyer,1/4/2024,2025-11-09,2024-04,features_attributes.csv
CUS_0x4c36,Dowsettn,26,744-46-6342,Teacher,1/4/2024,2025-11-09,2024-04,features_attributes.csv
CUS_0x4c59,Ryana,24,261-01-0693,Accountant,1/4/2024,2025-11-09,2024-04,features_attributes.csv
CUS_0x4c9a,Shieldsv,31,462-85-2090,Manager,1/4/2024,2025-11-09,2024-04,features_attributes.csv
CUS_0x4e42,Camposj,38,473-82-4532,Scientist,1/4/2024,2025-11-09,2024-04,features_attributes.csv
CUS_0x4eef,Emmap,47,328-98-9359,Doctor,1/4/2024,2025-11-09,2024-04,features_attributes.csv
CUS_0x4f29,Sruthiu,37,332-04-0058,Journalist,1/4/2024,2025-11-09,2024-04,features_attributes.csv
CUS_0x4f57,Kime,18,504-94-9465,Doctor,1/4/2024,2025-11-09,2024-04,features_attributes.csv
CUS_0x4fa6,Gareth Jonesj,18,085-81-0307,Lawyer,1/4/2024,2025-11-09,2024-04,features_attributes.csv
CUS_0x4fb8,Kim Dixond,23,166-21-7041,Musician,1/4/2024,2025-11-09,2024-04,features_attributes.csv
CUS_0x4fc9,Vaughanl,52,258-52-7665,Journalist,1/4/2024,2025-11-09,2024-04,features_attributes.csv
CUS_0x5054,Douge,20,493-32-5111,Lawyer,1/4/2024,2025-11-09,2024-04,features_attributes.csv
CUS_0x506d,Jonathan Stempelm,47,707-39-5108,Media_Manager,1/4/2024,2025-11-09,2024-04,features_attributes.csv
CUS_0x509e,Ishiguroa,24,304-30-4564,Writer,1/4/2024,2025-11-09,2024-04,features_attributes.csv
CUS_0x50ef,Chucke,29,629-09-0735,Teacher,1/4/2024,2025-11-09,2024-04,features_attributes.csv
CUS_0x514e,Clara Ferreira-Marquesb,24,418-27-3029,Teacher,1/4/2024,2025-11-09,2024-04,features_attributes.csv
CUS_0x516c,Julie Steenhuysena,47_,324-60-4563,Accountant,1/4/2024,2025-11-09,2024-04,features_attributes.csv
CUS_0x5171,Tayloro,43,686-96-5490,Engineer,1/4/2024,2025-11-09,2024-04,features_attributes.csv
CUS_0x51d8,Henrya,32,383-53-7720,Journalist,1/4/2024,2025-11-09,2024-04,features_attributes.csv
CUS_0x5269,Polanseks,34,643-26-5458,Engineer,1/4/2024,2025-11-09,2024-04,features_attributes.csv
CUS_0x52e7,Carolyn Cohnn,19,641-27-8461,Developer,1/4/2024,2025-11-09,2024-04,features_attributes.csv
CUS_0x5309,Emma Farged,45,458-84-3825,Accountant,1/4/2024,2025-11-09,2024-04,features_attributes.csv
CUS_0x530c,Renee Maltezour,45,273-49-2019,Scientist,1/4/2024,2025-11-09,2024-04,features_attributes.csv
CUS_0x53bc,Stempelf,50,267-52-0601,Teacher,1/4/2024,2025-11-09,2024-04,features_attributes.csv
CUS_0x5407,Annk,30,500-92-6408,Media_Manager,1/4/2024,2025-11-09,2024-04,features_attributes.csv
CUS_0x542c,"\"John ODonnell\"z",40,717-41-5370,Manager,1/4/2024,2025-11-09,2024-04,features_attributes.csv
CUS_0x5465,Michaelh,36,639-70-2163,Musician,1/4/2024,2025-11-09,2024-04,features_attributes.csv
CUS_0x5479,Edwardsl,50,087-00-0175,Musician,1/4/2024,2025-11-09,2024-04,features_attributes.csv
CUS_0x554b,Alexeih,53,776-27-8471,Entrepreneur,1/4/2024,2025-11-09,2024-04,features_attributes.csv
CUS_0x5554,ernardx,54,225-64-6391,Lawyer,1/4/2024,2025-11-09,2024-04,features_attributes.csv
CUS_0x55c7,Jonathan Spicerb,32,617-11-1965,Accountant,1/4/2024,2025-11-09,2024-04,features_attributes.csv
CUS_0x563b,Chestneyr,50,895-16-5219,Media_Manager,1/4/2024,2025-11-09,2024-04,features_attributes.csv
CUS_0x56bb,Sabaj,27_,055-66-2809,Teacher,1/4/2024,2025-11-09,2024-04,features_attributes.csv
CUS_0x56ef,Billf,20,454-36-2008,Mechanic,1/4/2024,2025-11-09,2024-04,features_attributes.csv
CUS_0x56f,"\"Johnp",20,451-16-8531,_______,1/4/2024,2025-11-09,2024-04,features_attributes.csv
CUS_0x575a,Bulle,44,#F%$D@*&8,Writer,1/4/2024,2025-11-09,2024-04,features_attributes.csv
CUS_0x57dc,Lefteris Papadimasp,35,019-51-4007,Musician,1/4/2024,2025-11-09,2024-04,features_attributes.csv
CUS_0x57e,Janowskio,-500,882-25-3454,_______,1/4/2024,2025-11-09,2024-04,features_attributes.csv
CUS_0x5859,Slaterd,38,278-10-7087,Accountant,1/4/2024,2025-11-09,2024-04,features_attributes.csv
CUS_0x58b5,Miguela,27,166-72-8708,Mechanic,1/4/2024,2025-11-09,2024-04,features_attributes.csv
CUS_0x5978,Dan Levineb,35,763-74-8586,_______,1/4/2024,2025-11-09,2024-04,features_attributes.csv
CUS_0x598d,Andrease,49,199-80-5451,Lawyer,1/4/2024,2025-11-09,2024-04,features_attributes.csv
CUS_0x599f,Mihir Dalalg,42,#F%$D@*&8,Doctor,1/4/2024,2025-11-09,2024-04,features_attributes.csv
CUS_0x59dc,Kimu,25,#F%$D@*&8,Journalist,1/4/2024,2025-11-09,2024-04,features_attributes.csv
CUS_0x5a92,Gillams,42,486-47-1751,Doctor,1/4/2024,2025-11-09,2024-04,features_attributes.csv
CUS_0x5b90,Nick Edwardsa,42,341-11-8430,Architect,1/4/2024,2025-11-09,2024-04,features_attributes.csv
CUS_0x5be7,Sheppardw,25,162-11-9944,Engineer,1/4/2024,2025-11-09,2024-04,features_attributes.csv
CUS_0x5bfe,Soyoung Kimi,15,932-62-0394,Media_Manager,1/4/2024,2025-11-09,2024-04,features_attributes.csv
CUS_0x5c0f,Lukei,19,050-21-1213,Musician,1/4/2024,2025-11-09,2024-04,features_attributes.csv
CUS_0x5c89,Matthiasf,14,#F%$D@*&8,_______,1/4/2024,2025-11-09,2024-04,features_attributes.csv
CUS_0x5c90,Estelle Shirbonr,25,112-81-3185,Doctor,1/4/2024,2025-11-09,2024-04,features_attributes.csv
CUS_0x5cde,Sung-wonf,38,073-10-1268,Writer,1/4/2024,2025-11-09,2024-04,features_attributes.csv
CUS_0x5d09,James Daveye,35,553-83-1565,_______,1/4/2024,2025-11-09,2024-04,features_attributes.csv
CUS_0x5d36,Andrean,39,372-03-0075,Scientist,1/4/2024,2025-11-09,2024-04,features_attributes.csv
CUS_0x5d43,Kate Holtonr,25,891-78-5847,Musician,1/4/2024,2025-11-09,2024-04,features_attributes.csv
CUS_0x5db1,Herbertm,37,418-30-2017,Developer,1/4/2024,2025-11-09,2024-04,features_attributes.csv
CUS_0x5e00,Peterc,47,799-20-2552,Entrepreneur,1/4/2024,2025-11-09,2024-04,features_attributes.csv
CUS_0x5e40,Allisonz,37,355-34-7507,Entrepreneur,1/4/2024,2025-11-09,2024-04,features_attributes.csv
CUS_0x5e7f,Deborahj,31,864-25-5318,Developer,1/4/2024,2025-11-09,2024-04,features_attributes.csv
CUS_0x5eae,Yinka Adegokec,22,332-71-6850,Writer,1/4/2024,2025-11-09,2024-04,features_attributes.csv
CUS_0x5ed4,Lashm,32,211-83-4029,Lawyer,1/4/2024,2025-11-09,2024-04,features_attributes.csv
CUS_0x5f15,Gouldn,33,001-97-1222,Scientist,1/4/2024,2025-11-09,2024-04,features_attributes.csv
CUS_0x5ffc,Taraz,38,756-51-8878,Doctor,1/4/2024,2025-11-09,2024-04,features_attributes.csv
CUS_0x604a,Halsz,-500,345-45-3616,Engineer,1/4/2024,2025-11-09,2024-04,features_attributes.csv
CUS_0x6083,Jant,35,018-04-5329,Lawyer,1/4/2024,2025-11-09,2024-04,features_attributes.csv
CUS_0x60d,Langef,28,994-11-0278,Architect,1/4/2024,2025-11-09,2024-04,features_attributes.csv
CUS_0x60e3,Paritosha,31,351-59-3736,Journalist,1/4/2024,2025-11-09,2024-04,features_attributes.csv
CUS_0x612d,Raoc,31,597-77-6079,Accountant,1/4/2024,2025-11-09,2024-04,features_attributes.csv
CUS_0x6138,Daveyt,20,245-14-1659,Media_Manager,1/4/2024,2025-11-09,2024-04,features_attributes.csv
CUS_0x62b5,Danb,50,303-12-8448,Doctor,1/4/2024,2025-11-09,2024-04,features_attributes.csv
CUS_0x62f4,Jochelley,27,841-09-1439,Writer,1/4/2024,2025-11-09,2024-04,features_attributes.csv
CUS_0x633b,ini Julient,40,158-88-3834,Entrepreneur,1/4/2024,2025-11-09,2024-04,features_attributes.csv
CUS_0x636b,Somasundaramd,24,353-92-8877,Architect,1/4/2024,2025-11-09,2024-04,features_attributes.csv
CUS_0x6387,Araxiab,27,063-08-8008,Manager,1/4/2024,2025-11-09,2024-04,features_attributes.csv
CUS_0x63fe,Grantn,35,685-81-8221,Mechanic,1/4/2024,2025-11-09,2024-04,features_attributes.csv
CUS_0x646e,Johnsont,27,142-24-2784,Media_Manager,1/4/2024,2025-11-09,2024-04,features_attributes.csv
CUS_0x64a5,Herbert Lashv,42,681-01-0375,Scientist,1/4/2024,2025-11-09,2024-04,features_attributes.csv
CUS_0x64e7,James Pomfreti,38,556-17-3791,Accountant,1/4/2024,2025-11-09,2024-04,features_attributes.csv
CUS_0x6525,Palmerw,28,734-19-2330,Manager,1/4/2024,2025-11-09,2024-04,features_attributes.csv
CUS_0x6573,Jamesp,34,682-25-4861,Doctor,1/4/2024,2025-11-09,2024-04,features_attributes.csv
CUS_0x659f,Peg Mackeyp,43_,632-73-9889,Architect,1/4/2024,2025-11-09,2024-04,features_attributes.csv
CUS_0x65ab,Kareni,39,310-13-3662,Entrepreneur,1/4/2024,2025-11-09,2024-04,features_attributes.csv
CUS_0x665c,Aradhanan,26,624-89-5858,Developer,1/4/2024,2025-11-09,2024-04,features_attributes.csv
CUS_0x667a,Josephn,34,072-36-2011,Teacher,1/4/2024,2025-11-09,2024-04,features_attributes.csv
CUS_0x66ce,Robin Emmotte,46,200-14-2930,Entrepreneur,1/4/2024,2025-11-09,2024-04,features_attributes.csv
CUS_0x6794,Raymondl,42,204-14-2702,Teacher,1/4/2024,2025-11-09,2024-04,features_attributes.csv
CUS_0x682c,Mike Dolanl,56,327-00-8482,Entrepreneur,1/4/2024,2025-11-09,2024-04,features_attributes.csv
CUS_0x6853,Suzanne Barlynm,45_,777-91-5121,Manager,1/4/2024,2025-11-09,2024-04,features_attributes.csv
CUS_0x6896,Chestneye,14,975-47-9681,Media_Manager,1/4/2024,2025-11-09,2024-04,features_attributes.csv
CUS_0x68ea,Forgiones,47,#F%$D@*&8,Scientist,1/4/2024,2025-11-09,2024-04,features_attributes.csv
CUS_0x691a,Dyen,52,188-25-4731,Musician,1/4/2024,2025-11-09,2024-04,features_attributes.csv
CUS_0x696,Victoria Thiebergerb,36,912-94-2116,Mechanic,1/4/2024,2025-11-09,2024-04,features_attributes.csv
CUS_0x69c7,Dane,31,600-22-2209,Architect,1/4/2024,2025-11-09,2024-04,features_attributes.csv
CUS_0x6a8b,Ann Saphirx,34,168-72-6945,Media_Manager,1/4/2024,2025-11-09,2024-04,features_attributes.csv
CUS_0x6abc,A. Ananthalakshmix,24,910-60-1253,Manager,1/4/2024,2025-11-09,2024-04,features_attributes.csv
CUS_0x6b89,Virkia,39,702-92-3642,Media_Manager,1/4/2024,2025-11-09,2024-04,features_attributes.csv
CUS_0x6c2a,Jasonb,29,093-93-0051,Lawyer,1/4/2024,2025-11-09,2024-04,features_attributes.csv
CUS_0x6cb3,Christoph Steitzt,43,261-43-4112,Entrepreneur,1/4/2024,2025-11-09,2024-04,features_attributes.csv
CUS_0x6df5,Weihao Caog,43,135-83-0935,Writer,1/4/2024,2025-11-09,2024-04,features_attributes.csv
CUS_0x6e64,"\"John ODonnell\"a",38,#F%$D@*&8,Scientist,1/4/2024,2025-11-09,2024-04,features_attributes.csv
CUS_0x6ea4,Andrear,21,594-25-4221,Entrepreneur,1/4/2024,2025-11-09,2024-04,features_attributes.csv
CUS_0x6ee0,Skariachanf,29,352-17-4274,Accountant,1/4/2024,2025-11-09,2024-04,features_attributes.csv
CUS_0x6f22,William Jamesl,24,166-86-5483,Lawyer,1/4/2024,2025-11-09,2024-04,features_attributes.csv
CUS_0x6f72,Kimw,36,948-68-6332,Teacher,1/4/2024,2025-11-09,2024-04,features_attributes.csv
CUS_0x700f,Toonkelj,21,197-74-0612,Mechanic,1/4/2024,2025-11-09,2024-04,features_attributes.csv
CUS_0x7016,Bartzl,18,976-92-7680,Lawyer,1/4/2024,2025-11-09,2024-04,features_attributes.csv
CUS_0x707c,Busvinew,33,670-84-4853,Writer,1/4/2024,2025-11-09,2024-04,features_attributes.csv
CUS_0x7091,Matt Falloonv,16,230-80-0322,Architect,1/4/2024,2025-11-09,2024-04,features_attributes.csv
CUS_0x7174,Risab,30,063-61-8403,Lawyer,1/4/2024,2025-11-09,2024-04,features_attributes.csv
CUS_0x727e,Louise Eganu,44_,838-91-3677,Teacher,1/4/2024,2025-11-09,2024-04,features_attributes.csv
CUS_0x7284,Edwardz,44,411-70-7311,Accountant,1/4/2024,2025-11-09,2024-04,features_attributes.csv
CUS_0x731c,Mariyan,43,831-78-4559,Journalist,1/4/2024,2025-11-09,2024-04,features_attributes.csv
CUS_0x737a,Toml,28,643-54-4901,Engineer,1/4/2024,2025-11-09,2024-04,features_attributes.csv
CUS_0x73aa,Whiter,48_,930-70-0066,Teacher,1/4/2024,2025-11-09,2024-04,features_attributes.csv
CUS_0x73de,Katzk,31,225-54-0437,Teacher,1/4/2024,2025-11-09,2024-04,features_attributes.csv
CUS_0x744b,Arunaz,14,605-03-2867,Musician,1/4/2024,2025-11-09,2024-04,features_attributes.csv
CUS_0x748,Twinniei,42,#F%$D@*&8,Doctor,1/4/2024,2025-11-09,2024-04,features_attributes.csv
CUS_0x74e5,Wickhamw,24,596-70-1576,Teacher,1/4/2024,2025-11-09,2024-04,features_attributes.csv
CUS_0x7527,Berginh,38,913-79-8046,Journalist,1/4/2024,2025-11-09,2024-04,features_attributes.csv
CUS_0x7562,Victoria Howleym,23,984-41-8281,Writer,1/4/2024,2025-11-09,2024-04,features_attributes.csv
CUS_0x7570,D.r,29,389-19-4125,Architect,1/4/2024,2025-11-09,2024-04,features_attributes.csv
CUS_0x7590,Malathi Nayakw,43,751-03-4015,Architect,1/4/2024,2025-11-09,2024-04,features_attributes.csv
CUS_0x75e3,en Deightonr,22,143-28-6216,Scientist,1/4/2024,2025-11-09,2024-04,features_attributes.csv
CUS_0x763a,Margaretb,36,334-76-8557,Scientist,1/4/2024,2025-11-09,2024-04,features_attributes.csv
CUS_0x7640,Ivanaa,45,522-55-7850,Accountant,1/4/2024,2025-11-09,2024-04,features_attributes.csv
CUS_0x7656,anz,34,515-31-7948,_______,1/4/2024,2025-11-09,2024-04,features_attributes.csv
CUS_0x76d0,David Henryg,51,613-73-2506,Manager,1/4/2024,2025-11-09,2024-04,features_attributes.csv
CUS_0x7720,Niluksi Koswanagev,20,175-17-7561,Scientist,1/4/2024,2025-11-09,2024-04,features_attributes.csv
CUS_0x778a,Jime,47,737-34-8629,Developer,1/4/2024,2025-11-09,2024-04,features_attributes.csv
CUS_0x77fa,Gergely Szakacsc,34,426-00-7283,Architect,1/4/2024,2025-11-09,2024-04,features_attributes.csv
CUS_0x7879,Jonesx,53,489-98-2589,Doctor,1/4/2024,2025-11-09,2024-04,features_attributes.csv
CUS_0x790d,Katharina Barty,44,431-56-0286,Journalist,1/4/2024,2025-11-09,2024-04,features_attributes.csv
CUS_0x791e,Plumeq,41,667-96-7235,Musician,1/4/2024,2025-11-09,2024-04,features_attributes.csv
CUS_0x792d,Nate Raymondr,41,257-23-8497,Architect,1/4/2024,2025-11-09,2024-04,features_attributes.csv
CUS_0x7972,Nate Raymondc,-500,065-29-8457,Engineer,1/4/2024,2025-11-09,2024-04,features_attributes.csv
CUS_0x7993,Wahbax,24,#F%$D@*&8,Media_Manager,1/4/2024,2025-11-09,2024-04,features_attributes.csv
CUS_0x79ad,er Annikae,47,976-11-4359,Accountant,1/4/2024,2025-11-09,2024-04,features_attributes.csv
CUS_0x7a6c,Jessica Wohlp,32,492-59-4587,Writer,1/4/2024,2025-11-09,2024-04,features_attributes.csv
CUS_0x7ac9,Agrawall,43,122-02-5419,Journalist,1/4/2024,2025-11-09,2024-04,features_attributes.csv
CUS_0x7ae4,Kevinc,41,209-28-8999,Scientist,1/4/2024,2025-11-09,2024-04,features_attributes.csv
CUS_0x7b3c,ray,40,397-72-8040,Mechanic,1/4/2024,2025-11-09,2024-04,features_attributes.csv
CUS_0x7b40,Ritsukob,46,575-33-3200,Doctor,1/4/2024,2025-11-09,2024-04,features_attributes.csv
CUS_0x7b61,Jessicag,15,132-42-7088,Developer,1/4/2024,2025-11-09,2024-04,features_attributes.csv
CUS_0x7c0f,Laup,30,#F%$D@*&8,Architect,1/4/2024,2025-11-09,2024-04,features_attributes.csv
CUS_0x7c6d,Francescay,24,889-77-4172,Accountant,1/4/2024,2025-11-09,2024-04,features_attributes.csv
CUS_0x7cbf,Goldsteinh,31,671-14-3613,Musician,1/4/2024,2025-11-09,2024-04,features_attributes.csv
CUS_0x7cec,Suchitran,20,341-58-6733,Journalist,1/4/2024,2025-11-09,2024-04,features_attributes.csv
CUS_0x7d40,Dan Levinen,39,596-94-4140,Writer,1/4/2024,2025-11-09,2024-04,features_attributes.csv
CUS_0x7e8d,Michelle Sierrai,35,162-25-0998,Media_Manager,1/4/2024,2025-11-09,2024-04,features_attributes.csv
CUS_0x7f0a,Lynn Adlerg,25,924-98-2206,Architect,1/4/2024,2025-11-09,2024-04,features_attributes.csv
CUS_0x7f47,Paulk,42,746-02-0586,Journalist,1/4/2024,2025-11-09,2024-04,features_attributes.csv
CUS_0x806f,Jessica Donativ,31,370-38-5926,Journalist,1/4/2024,2025-11-09,2024-04,features_attributes.csv
CUS_0x80bd,Ann Saphirp,35,534-53-3213,Manager,1/4/2024,2025-11-09,2024-04,features_attributes.csv
CUS_0x80d,Jonathan Stempeld,36,317-79-2635,Entrepreneur,1/4/2024,2025-11-09,2024-04,features_attributes.csv
CUS_0x80dd,Zhouc,33,558-26-7068,Media_Manager,1/4/2024,2025-11-09,2024-04,features_attributes.csv
CUS_0x8158,Ermane,27_,020-00-9645,Architect,1/4/2024,2025-11-09,2024-04,features_attributes.csv
CUS_0x81d3,Henry Foyc,41,939-81-7581,Architect,1/4/2024,2025-11-09,2024-04,features_attributes.csv
CUS_0x824c,Robin Emmottu,22,707-76-1701,Engineer,1/4/2024,2025-11-09,2024-04,features_attributes.csv
CUS_0x831,Stempelh,16,424-18-8158,Developer,1/4/2024,2025-11-09,2024-04,features_attributes.csv
CUS_0x8369,Nickz,14,698-91-4112,Manager,1/4/2024,2025-11-09,2024-04,features_attributes.csv
CUS_0x838a,Abboudt,51,925-05-6508,Developer,1/4/2024,2025-11-09,2024-04,features_attributes.csv
CUS_0x83a7,Barrp,50,733-36-8265,Engineer,1/4/2024,2025-11-09,2024-04,features_attributes.csv
CUS_0x85bd,Dalaly,32,055-00-5463,Scientist,1/4/2024,2025-11-09,2024-04,features_attributes.csv
CUS_0x85dd,Lucianam,45,767-36-7303,_______,1/4/2024,2025-11-09,2024-04,features_attributes.csv
CUS_0x8628,Lynne,56,718-22-9642,Architect,1/4/2024,2025-11-09,2024-04,features_attributes.csv
CUS_0x86a8,Freiliche,27,938-92-1711,Mechanic,1/4/2024,2025-11-09,2024-04,features_attributes.csv
CUS_0x879a,Jasona,44,056-87-0146,Manager,1/4/2024,2025-11-09,2024-04,features_attributes.csv
CUS_0x87b4,Wohlk,40,151-39-5789,Musician,1/4/2024,2025-11-09,2024-04,features_attributes.csv
CUS_0x87e2,Vlastelicaj,43,#F%$D@*&8,Teacher,1/4/2024,2025-11-09,2024-04,features_attributes.csv
CUS_0x880e,Huww,19,601-03-2677,Entrepreneur,1/4/2024,2025-11-09,2024-04,features_attributes.csv
CUS_0x8823,a Coopert,55_,220-68-1404,Musician,1/4/2024,2025-11-09,2024-04,features_attributes.csv
CUS_0x883e,Euanq,41,744-84-2263,Writer,1/4/2024,2025-11-09,2024-04,features_attributes.csv
CUS_0x8858,Frank Tangp,24,466-53-4101,Architect,1/4/2024,2025-11-09,2024-04,features_attributes.csv
CUS_0x885c,Estellew,39,314-74-0834,Teacher,1/4/2024,2025-11-09,2024-04,features_attributes.csv
CUS_0x8894,Wachtels,32,347-33-6352,Manager,1/4/2024,2025-11-09,2024-04,features_attributes.csv
CUS_0x88c,Ernest Scheyderf,17,017-54-5930,Teacher,1/4/2024,2025-11-09,2024-04,features_attributes.csv
CUS_0x8a12,Sullivang,40,691-41-8769,Accountant,1/4/2024,2025-11-09,2024-04,features_attributes.csv
CUS_0x8a8e,Yereth Rosend,35,#F%$D@*&8,Lawyer,1/4/2024,2025-11-09,2024-04,features_attributes.csv
CUS_0x8af1,Dennyv,52,240-13-9967,Scientist,1/4/2024,2025-11-09,2024-04,features_attributes.csv
CUS_0x8b06,Nickd,40,414-76-2511,Journalist,1/4/2024,2025-11-09,2024-04,features_attributes.csv
CUS_0x8bd4,en Klaymanr,56,652-47-0987,Mechanic,1/4/2024,2025-11-09,2024-04,features_attributes.csv
CUS_0x8bdd,Smita Madhurl,43,970-19-5512,Developer,1/4/2024,2025-11-09,2024-04,features_attributes.csv
CUS_0x8cbe,Giorgio Stevew,39,236-25-0124,Manager,1/4/2024,2025-11-09,2024-04,features_attributes.csv
CUS_0x8e82,Zai,38,002-00-8104,Scientist,1/4/2024,2025-11-09,2024-04,features_attributes.csv
CUS_0x8f16,Victoriae,40,244-17-9158,Entrepreneur,1/4/2024,2025-11-09,2024-04,features_attributes.csv
CUS_0x8f1b,Lucia Mutikanih,5301,#F%$D@*&8,Musician,1/4/2024,2025-11-09,2024-04,features_attributes.csv
CUS_0x8fb8,Paulz,34,430-79-5000,Journalist,1/4/2024,2025-11-09,2024-04,features_attributes.csv
CUS_0x8fcd,Soham Chatterjeea,31,435-45-6780,_______,1/4/2024,2025-11-09,2024-04,features_attributes.csv
CUS_0x90d0,Langel,39,047-17-4695,Writer,1/4/2024,2025-11-09,2024-04,features_attributes.csv
CUS_0x90ef,Steven C.n,53,096-71-6003,_______,1/4/2024,2025-11-09,2024-04,features_attributes.csv
CUS_0x914e,Prodhanf,55,748-44-0227,Musician,1/4/2024,2025-11-09,2024-04,features_attributes.csv
CUS_0x9169,Harryc,7710,#F%$D@*&8,Mechanic,1/4/2024,2025-11-09,2024-04,features_attributes.csv
CUS_0x925e,Sleimany,36,571-44-4118,Musician,1/4/2024,2025-11-09,2024-04,features_attributes.csv
CUS_0x927e,Jessica Toonkelq,54,445-77-0108,Writer,1/4/2024,2025-11-09,2024-04,features_attributes.csv
CUS_0x9330,Johnsond,35,924-37-4566,_______,1/4/2024,2025-11-09,2024-04,features_attributes.csv
CUS_0x9338,Bartj,19,420-69-3653,Architect,1/4/2024,2025-11-09,2024-04,features_attributes.csv
CUS_0x9365,Julien Toyerz,19,452-11-1523,Teacher,1/4/2024,2025-11-09,2024-04,features_attributes.csv
CUS_0x939b,Kareno,36,917-93-3502,Manager,1/4/2024,2025-11-09,2024-04,features_attributes.csv
CUS_0x93b2,Dianev,54,191-48-4647,Developer,1/4/2024,2025-11-09,2024-04,features_attributes.csv
CUS_0x93c9,Sruthim,33,#F%$D@*&8,Architect,1/4/2024,2025-11-09,2024-04,features_attributes.csv
CUS_0x93f5,Megan Daviesw,45,513-95-5849,Media_Manager,1/4/2024,2025-11-09,2024-04,features_attributes.csv
CUS_0x93ff,Roumeliotisv,27,237-50-9740,Lawyer,1/4/2024,2025-11-09,2024-04,features_attributes.csv
CUS_0x9497,Mutikanij,41,938-80-4362,_______,1/4/2024,2025-11-09,2024-04,features_attributes.csv
CUS_0x952a,Alisonn,30,179-17-6232,Accountant,1/4/2024,2025-11-09,2024-04,features_attributes.csv
CUS_0x9557,Richardi,19,202-25-0813,Doctor,1/4/2024,2025-11-09,2024-04,features_attributes.csv
CUS_0x9576,S raf,22,333-99-1246,Developer,1/4/2024,2025-11-09,2024-04,features_attributes.csv
CUS_0x965d,Nate Raymondv,38_,717-35-0735,Doctor,1/4/2024,2025-11-09,2024-04,features_attributes.csv
CUS_0x969b,Katya Wachtelw,38,782-58-3379,Musician,1/4/2024,2025-11-09,2024-04,features_attributes.csv
CUS_0x97a0,Jonathan Stempele,22,065-31-8896,Musician,1/4/2024,2025-11-09,2024-04,features_attributes.csv
CUS_0x9813,Wachteli,36,383-35-5831,Accountant,1/4/2024,2025-11-09,2024-04,features_attributes.csv
CUS_0x9878,Emilyp,24,770-90-1146,Manager,1/4/2024,2025-11-09,2024-04,features_attributes.csv
CUS_0x98fc,Raymondr,15,458-84-2808,Doctor,1/4/2024,2025-11-09,2024-04,features_attributes.csv
CUS_0x991b,Woodallp,23,#F%$D@*&8,_______,1/4/2024,2025-11-09,2024-04,features_attributes.csv
CUS_0x99b3,Sarahd,32,815-96-4134,Entrepreneur,1/4/2024,2025-11-09,2024-04,features_attributes.csv
CUS_0x99c5,Zam,24,120-06-8395,Lawyer,1/4/2024,2025-11-09,2024-04,features_attributes.csv
CUS_0x9a1c,Lisa Baertleinw,37_,930-67-1725,Lawyer,1/4/2024,2025-11-09,2024-04,features_attributes.csv
CUS_0x9a2c,Polina Devittv,24,485-92-4277,Writer,1/4/2024,2025-11-09,2024-04,features_attributes.csv
CUS_0x9a4a,Poppery,15,456-84-1684,Musician,1/4/2024,2025-11-09,2024-04,features_attributes.csv
CUS_0x9acf,Mikolajczakl,19,305-54-1601,Scientist,1/4/2024,2025-11-09,2024-04,features_attributes.csv
CUS_0x9af6,Kiharad,41,372-93-7737,Lawyer,1/4/2024,2025-11-09,2024-04,features_attributes.csv
CUS_0x9c65,Ryan Vlastelicae,23,#F%$D@*&8,Entrepreneur,1/4/2024,2025-11-09,2024-04,features_attributes.csv
CUS_0x9c99,Huwv,43,065-84-0454,Scientist,1/4/2024,2025-11-09,2024-04,features_attributes.csv
CUS_0x9ce3,Tim Kellya,22,914-39-8208,Doctor,1/4/2024,2025-11-09,2024-04,features_attributes.csv
CUS_0x9d38,Marcx,56,101-88-1001,Lawyer,1/4/2024,2025-11-09,2024-04,features_attributes.csv
CUS_0x9db5,Nl,43,573-08-7905,Lawyer,1/4/2024,2025-11-09,2024-04,features_attributes.csv
CUS_0x9e0,Eileen Houlihanb,18,759-32-1111,Developer,1/4/2024,2025-11-09,2024-04,features_attributes.csv
CUS_0x9e43,LaCaprak,18,384-48-7123,Accountant,1/4/2024,2025-11-09,2024-04,features_attributes.csv
CUS_0x9e68,Arno Schuetzez,26,366-23-3329,Manager,1/4/2024,2025-11-09,2024-04,features_attributes.csv
CUS_0x9fd0,Cheer,39,974-82-7446,Developer,1/4/2024,2025-11-09,2024-04,features_attributes.csv
CUS_0x9ff7,Twinnies,47,965-32-3124,Scientist,1/4/2024,2025-11-09,2024-04,features_attributes.csv
CUS_0xa015,Euanc,17,132-61-3959,Architect,1/4/2024,2025-11-09,2024-04,features_attributes.csv
CUS_0xa075,Tonyb,30,362-78-8068,Accountant,1/4/2024,2025-11-09,2024-04,features_attributes.csv
CUS_0xa082,Martinne Gellerp,34,737-67-1879,Manager,1/4/2024,2025-11-09,2024-04,features_attributes.csv
CUS_0xa0cd,Jasonb,50,870-09-1756,Mechanic,1/4/2024,2025-11-09,2024-04,features_attributes.csv
CUS_0xa18d,Brownc,14,156-02-3992,Teacher,1/4/2024,2025-11-09,2024-04,features_attributes.csv
CUS_0xa1a8,Roumeliotisb,38,070-04-3134,Accountant,1/4/2024,2025-11-09,2024-04,features_attributes.csv
CUS_0xa22b,Egentere,22,207-76-1040,Journalist,1/4/2024,2025-11-09,2024-04,features_attributes.csv
CUS_0xa276,Rinkey,34,789-12-3913,Accountant,1/4/2024,2025-11-09,2024-04,features_attributes.csv
CUS_0xa3df,Stephen Greyv,47,208-84-0945,Scientist,1/4/2024,2025-11-09,2024-04,features_attributes.csv
CUS_0xa3f4,Schnurry,22,418-41-4964,Engineer,1/4/2024,2025-11-09,2024-04,features_attributes.csv
CUS_0xa403,Stanley Whitee,18,814-00-0664,Media_Manager,1/4/2024,2025-11-09,2024-04,features_attributes.csv
CUS_0xa411,Cremery,46,303-75-5660,Architect,1/4/2024,2025-11-09,2024-04,features_attributes.csv
CUS_0xa453,Ethan Bilbyw,46,932-45-0249,Lawyer,1/4/2024,2025-11-09,2024-04,features_attributes.csv
CUS_0xa459,Lopezl,16,315-62-8807,Accountant,1/4/2024,2025-11-09,2024-04,features_attributes.csv
CUS_0xa46,Katharinay,42,414-97-4872,Scientist,1/4/2024,2025-11-09,2024-04,features_attributes.csv
CUS_0xa4fd,inis,35,360-74-8260,Accountant,1/4/2024,2025-11-09,2024-04,features_attributes.csv
CUS_0xa567,Richwinef,31,#F%$D@*&8,Engineer,1/4/2024,2025-11-09,2024-04,features_attributes.csv
CUS_0xa56d,Kellyg,40,299-50-2330,Architect,1/4/2024,2025-11-09,2024-04,features_attributes.csv
CUS_0xa60a,Lawrenceu,36,#F%$D@*&8,Manager,1/4/2024,2025-11-09,2024-04,features_attributes.csv
CUS_0xa64c,Sujata Raoj,-500,135-47-1680,Journalist,1/4/2024,2025-11-09,2024-04,features_attributes.csv
CUS_0xa663,Leikah,23,743-80-2245,Media_Manager,1/4/2024,2025-11-09,2024-04,features_attributes.csv
CUS_0xa6e0,Clara Ferreira-Marquest,55,134-85-8550,Accountant,1/4/2024,2025-11-09,2024-04,features_attributes.csv
CUS_0xa742,Grahamn,27,143-37-1481,Accountant,1/4/2024,2025-11-09,2024-04,features_attributes.csv
CUS_0xa79,Ricki,45,777-13-0214,Architect,1/4/2024,2025-11-09,2024-04,features_attributes.csv
CUS_0xa7ce,Kellyv,35,039-05-1274,Musician,1/4/2024,2025-11-09,2024-04,features_attributes.csv
CUS_0xa86a,Leigh Thomask,21,605-98-8733,Media_Manager,1/4/2024,2025-11-09,2024-04,features_attributes.csv
CUS_0xa8d4,Rob Taylors,42,228-74-4538,Lawyer,1/4/2024,2025-11-09,2024-04,features_attributes.csv
CUS_0xa8df,Praveenk,46,601-67-5511,Writer,1/4/2024,2025-11-09,2024-04,features_attributes.csv
CUS_0xa8e1,Karlq,21,730-04-4483,Engineer,1/4/2024,2025-11-09,2024-04,features_attributes.csv
CUS_0xa977,Hetznerh,22,863-63-0669,Teacher,1/4/2024,2025-11-09,2024-04,features_attributes.csv
CUS_0xa987,Emily Stephensonv,43,145-29-9794,Media_Manager,1/4/2024,2025-11-09,2024-04,features_attributes.csv
CUS_0xad02,Nataliao,37,532-10-0243,Media_Manager,1/4/2024,2025-11-09,2024-04,features_attributes.csv
CUS_0xad15,Jane,39,611-34-7572,Scientist,1/4/2024,2025-11-09,2024-04,features_attributes.csv
CUS_0xadeb,Damounii,18,118-18-1829,Manager,1/4/2024,2025-11-09,2024-04,features_attributes.csv
CUS_0xadf0,Chadbourna,44,076-89-6350,Manager,1/4/2024,2025-11-09,2024-04,features_attributes.csv
CUS_0xae01,Gavin Jonesl,37,691-44-6094,Accountant,1/4/2024,2025-11-09,2024-04,features_attributes.csv
CUS_0xae02,Keith Weirm,29,962-65-2926,Teacher,1/4/2024,2025-11-09,2024-04,features_attributes.csv
CUS_0xae30,Andreas Cremeru,37,422-31-6038,Architect,1/4/2024,2025-11-09,2024-04,features_attributes.csv
CUS_0xae60,Jimq,31,024-26-9203,Lawyer,1/4/2024,2025-11-09,2024-04,features_attributes.csv
CUS_0xafa3,Alwyn Scotts,26,484-09-6362,Engineer,1/4/2024,2025-11-09,2024-04,features_attributes.csv
CUS_0xb00,Alwyn Scotth,38,585-13-6101,Writer,1/4/2024,2025-11-09,2024-04,features_attributes.csv
CUS_0xb035,Lashp,32,298-25-8844,Doctor,1/4/2024,2025-11-09,2024-04,features_attributes.csv
CUS_0xb057,Francesca Piscioneric,48,046-76-3154,Scientist,1/4/2024,2025-11-09,2024-04,features_attributes.csv
CUS_0xb060,Nickd,39,309-06-5437,Manager,1/4/2024,2025-11-09,2024-04,features_attributes.csv
CUS_0xb09,Lianau,31,228-47-4867,Lawyer,1/4/2024,2025-11-09,2024-04,features_attributes.csv
CUS_0xb1cd,Julien Toyerv,51,350-77-3663,_______,1/4/2024,2025-11-09,2024-04,features_attributes.csv
CUS_0xb1d8,Alister Bulli,15,337-80-9835,Scientist,1/4/2024,2025-11-09,2024-04,features_attributes.csv
CUS_0xb367,Vlastelicaf,17,301-31-7681,Mechanic,1/4/2024,2025-11-09,2024-04,features_attributes.csv
CUS_0xb38d,Langej,39,307-67-5773,Teacher,1/4/2024,2025-11-09,2024-04,features_attributes.csv
CUS_0xb3ac,Niu Shupingj,17,597-82-3599,Scientist,1/4/2024,2025-11-09,2024-04,features_attributes.csv
CUS_0xb3cd,Lynnq,15,530-05-2968,Mechanic,1/4/2024,2025-11-09,2024-04,features_attributes.csv
CUS_0xb40,Chikafumin,32,#F%$D@*&8,Engineer,1/4/2024,2025-11-09,2024-04,features_attributes.csv
CUS_0xb464,Christiaan Hetznerv,30,689-62-0292,Architect,1/4/2024,2025-11-09,2024-04,features_attributes.csv
CUS_0xb46a,Alwyn Scottu,23,906-16-9985,Accountant,1/4/2024,2025-11-09,2024-04,features_attributes.csv
CUS_0xb49f,Carewg,49,732-35-8904,Journalist,1/4/2024,2025-11-09,2024-04,features_attributes.csv
CUS_0xb4a,Eva Kuehnenx,31,418-09-0995,Entrepreneur,1/4/2024,2025-11-09,2024-04,features_attributes.csv
CUS_0xb53,Mark Felsenthalx,32,666-23-6187,Engineer,1/4/2024,2025-11-09,2024-04,features_attributes.csv
CUS_0xb57b,Joseph Axp,47_,891-87-0301,Accountant,1/4/2024,2025-11-09,2024-04,features_attributes.csv
CUS_0xb5f6,Yokox,37,738-32-5720,Engineer,1/4/2024,2025-11-09,2024-04,features_attributes.csv
CUS_0xb66d,Jennifer Sabao,17,565-85-5504,Writer,1/4/2024,2025-11-09,2024-04,features_attributes.csv
CUS_0xb675,Moonk,39,579-70-0511,Teacher,1/4/2024,2025-11-09,2024-04,features_attributes.csv
CUS_0xb69d,Nigelb,39,719-93-0101,Architect,1/4/2024,2025-11-09,2024-04,features_attributes.csv
CUS_0xb8a2,Gregk,29,722-89-2405,Architect,1/4/2024,2025-11-09,2024-04,features_attributes.csv
CUS_0xb8af,Deyg,39,641-83-1438,Journalist,1/4/2024,2025-11-09,2024-04,features_attributes.csv
CUS_0xb8da,Ryanp,34,882-30-4887,_______,1/4/2024,2025-11-09,2024-04,features_attributes.csv
CUS_0xb956,K.T. Arasuv,7068,463-27-1350,Mechanic,1/4/2024,2025-11-09,2024-04,features_attributes.csv
CUS_0xbaa0,Sonali Paula,21,622-60-1700,Manager,1/4/2024,2025-11-09,2024-04,features_attributes.csv
CUS_0xbaa9,Alexei Oreskovicz,25,334-44-6939,Musician,1/4/2024,2025-11-09,2024-04,features_attributes.csv
CUS_0xbb3c,Ilaina Jonash,32,956-87-6952,Teacher,1/4/2024,2025-11-09,2024-04,features_attributes.csv
CUS_0xbb53,Mutikanix,32,671-00-6399,Lawyer,1/4/2024,2025-11-09,2024-04,features_attributes.csv
CUS_0xbbd8,Lisa Juccai,21,849-15-4668,_______,1/4/2024,2025-11-09,2024-04,features_attributes.csv
CUS_0xbc23,Costasn,39_,474-38-7638,Entrepreneur,1/4/2024,2025-11-09,2024-04,features_attributes.csv
CUS_0xbc7f,Rinkex,39,111-47-2435,Teacher,1/4/2024,2025-11-09,2024-04,features_attributes.csv
CUS_0xbca4,Suoninenl,54,736-57-1275,Entrepreneur,1/4/2024,2025-11-09,2024-04,features_attributes.csv
CUS_0xbcfc,Aman Shahw,27,121-11-2540,Lawyer,1/4/2024,2025-11-09,2024-04,features_attributes.csv
CUS_0xbd5,Pedrox,53_,893-14-9648,Media_Manager,1/4/2024,2025-11-09,2024-04,features_attributes.csv
CUS_0xbd76,Lucia Mutikaniz,6219,336-61-7010,Architect,1/4/2024,2025-11-09,2024-04,features_attributes.csv
CUS_0xbd90,Jonathanv,48,500-94-1740,Lawyer,1/4/2024,2025-11-09,2024-04,features_attributes.csv
CUS_0xbd9f,Doug Palmerc,49,109-05-8401,Accountant,1/4/2024,2025-11-09,2024-04,features_attributes.csv
CUS_0xbda3,Chris Vellacotte,23,016-19-9621,Manager,1/4/2024,2025-11-09,2024-04,features_attributes.csv
CUS_0xbdac,Noonanm,26,238-72-7105,Writer,1/4/2024,2025-11-09,2024-04,features_attributes.csv
CUS_0xbe29,Younglais,31,970-80-4101,Architect,1/4/2024,2025-11-09,2024-04,features_attributes.csv
CUS_0xbed9,Swetha Gopinathv,35_,516-43-1005,Teacher,1/4/2024,2025-11-09,2024-04,features_attributes.csv
CUS_0xbfa8,Timb,7715,349-13-3796,Doctor,1/4/2024,2025-11-09,2024-04,features_attributes.csv
CUS_0xc04,Michael Ermanp,36,707-19-6850,Writer,1/4/2024,2025-11-09,2024-04,features_attributes.csv
CUS_0xc072,McCoolx,43,115-85-4315,Lawyer,1/4/2024,2025-11-09,2024-04,features_attributes.csv
CUS_0xc07c,Christine Kimc,19,#F%$D@*&8,Mechanic,1/4/2024,2025-11-09,2024-04,features_attributes.csv
CUS_0xc127,Hurleyw,43,596-27-6018,Mechanic,1/4/2024,2025-11-09,2024-04,features_attributes.csv
CUS_0xc24a,Charlieg,31,504-49-1795,_______,1/4/2024,2025-11-09,2024-04,features_attributes.csv
CUS_0xc282,Edwin Chanb,17,092-89-2578,Musician,1/4/2024,2025-11-09,2024-04,features_attributes.csv
CUS_0xc2cc,Alwyn Scottd,45,952-37-1540,Teacher,1/4/2024,2025-11-09,2024-04,features_attributes.csv
CUS_0xc35c,Tony Munroem,47,#F%$D@*&8,Architect,1/4/2024,2025-11-09,2024-04,features_attributes.csv
CUS_0xc394,N.o,34,747-43-9082,Architect,1/4/2024,2025-11-09,2024-04,features_attributes.csv
CUS_0xc436,Rachelle Younglaid,15_,512-83-3982,Accountant,1/4/2024,2025-11-09,2024-04,features_attributes.csv
CUS_0xc47,Valetkevitchf,54,449-91-5348,Engineer,1/4/2024,2025-11-09,2024-04,features_attributes.csv
CUS_0xc548,Robc,46,540-77-4341,Mechanic,1/4/2024,2025-11-09,2024-04,features_attributes.csv
CUS_0xc592,Daniel Alvarengax,36,#F%$D@*&8,Architect,1/4/2024,2025-11-09,2024-04,features_attributes.csv
CUS_0xc599,Carlos Ruanob,20_,407-33-2562,Media_Manager,1/4/2024,2025-11-09,2024-04,features_attributes.csv
CUS_0xc5d3,Alexei Oreskovicj,24,299-84-9786,Entrepreneur,1/4/2024,2025-11-09,2024-04,features_attributes.csv
CUS_0xc5ee,Chris Petersw,24,534-84-1363,Mechanic,1/4/2024,2025-11-09,2024-04,features_attributes.csv
CUS_0xc617,Soyoung Kimj,21,135-33-6057,_______,1/4/2024,2025-11-09,2024-04,features_attributes.csv
CUS_0xc650,Steve Scherero,46,517-42-5927,Musician,1/4/2024,2025-11-09,2024-04,features_attributes.csv
CUS_0xc6e4,Yereth Rosenb,18,577-08-7180,Manager,1/4/2024,2025-11-09,2024-04,features_attributes.csv
CUS_0xc700,Edwardh,38,078-41-7717,Lawyer,1/4/2024,2025-11-09,2024-04,features_attributes.csv
CUS_0xc7c,Valentina Zam,21,188-41-5955,Entrepreneur,1/4/2024,2025-11-09,2024-04,features_attributes.csv
CUS_0xcc3,Wan Xue,38,920-34-9069,Architect,1/4/2024,2025-11-09,2024-04,features_attributes.csv
CUS_0xce6,Hornbyi,-500,031-54-1872,Engineer,1/4/2024,2025-11-09,2024-04,features_attributes.csv
CUS_0xcea,Luis Rojasm,31,#F%$D@*&8,Entrepreneur,1/4/2024,2025-11-09,2024-04,features_attributes.csv
CUS_0xd3e,Peter Laurian,16,920-94-1868,Teacher,1/4/2024,2025-11-09,2024-04,features_attributes.csv
CUS_0xd60,Deepa Seetharamanm,32,810-45-4212,Mechanic,1/4/2024,2025-11-09,2024-04,features_attributes.csv
CUS_0xd6a,Nicolab,33,997-71-2344,Scientist,1/4/2024,2025-11-09,2024-04,features_attributes.csv
CUS_0xd78,Brenda Gohc,26,884-85-6493,Engineer,1/4/2024,2025-11-09,2024-04,features_attributes.csv
CUS_0xdc0,Geert Den,38,344-18-7699,Architect,1/4/2024,2025-11-09,2024-04,features_attributes.csv
CUS_0xe18,Louise Eganb,305,260-70-2118,_______,1/4/2024,2025-11-09,2024-04,features_attributes.csv
CUS_0xe5b,Cameron Frencho,23,990-04-1542,Doctor,1/4/2024,2025-11-09,2024-04,features_attributes.csv
CUS_0xee1,Dawsony,34,376-41-3395,Writer,1/4/2024,2025-11-09,2024-04,features_attributes.csv
CUS_0xf42,Baertleinm,45,306-13-0709,Accountant,1/4/2024,2025-11-09,2024-04,features_attributes.csv
CUS_0xf64,Rigbyr,32,478-73-8323,Doctor,1/4/2024,2025-11-09,2024-04,features_attributes.csv
CUS_0xf8b,Agrawaly,40,779-60-0339,Developer,1/4/2024,2025-11-09,2024-04,features_attributes.csv
CUS_0xfe3,Mikew,53_,868-17-6573,Media_Manager,1/4/2024,2025-11-09,2024-04,features_attributes.csv
