Customer_ID,Name,Age,SSN,Occupation,snapshot_date,ingest_dt,snap_ym,source_file
CUS_0x100b,Shirboni,19,#F%$D@*&8,Media_Manager,1/3/2024,2025-11-09,2024-03,features_attributes.csv
CUS_0x1096,Edward Krudyk,43,228-65-4194,Lawyer,1/3/2024,2025-11-09,2024-03,features_attributes.csv
CUS_0x111c,Deepaa,24_,420-66-8144,Journalist,1/3/2024,2025-11-09,2024-03,features_attributes.csv
CUS_0x112d,James Daveyt,22,774-29-5843,Accountant,1/3/2024,2025-11-09,2024-03,features_attributes.csv
CUS_0x1204,Lashg,46_,741-78-3585,Writer,1/3/2024,2025-11-09,2024-03,features_attributes.csv
CUS_0x12af,Marius Zahariao,37,430-21-6270,Manager,1/3/2024,2025-11-09,2024-03,features_attributes.csv
CUS_0x12cb,Sakarif,39,075-60-6485,Writer,1/3/2024,2025-11-09,2024-03,features_attributes.csv
CUS_0x12fc,illo,18,439-29-4580,Manager,1/3/2024,2025-11-09,2024-03,features_attributes.csv
CUS_0x144c,Karen Freifelde,53,317-80-3283,Mechanic,1/3/2024,2025-11-09,2024-03,features_attributes.csv
CUS_0x1546,Ryanh,17,078-43-8169,Engineer,1/3/2024,2025-11-09,2024-03,features_attributes.csv
CUS_0x1591,Olivia Oranh,20,352-06-6563,Writer,1/3/2024,2025-11-09,2024-03,features_attributes.csv
CUS_0x15d5,Grantq,24,296-39-6431,Teacher,1/3/2024,2025-11-09,2024-03,features_attributes.csv
CUS_0x15d9,Edwine,34,595-11-4463,Doctor,1/3/2024,2025-11-09,2024-03,features_attributes.csv
CUS_0x1695,Svea Herbst-Baylissx,28,947-47-2443,Engineer,1/3/2024,2025-11-09,2024-03,features_attributes.csv
CUS_0x16b4,Mahmoudn,37,171-24-2247,Lawyer,1/3/2024,2025-11-09,2024-03,features_attributes.csv
CUS_0x1713,Jessica Wohlr,32,186-82-0006,Musician,1/3/2024,2025-11-09,2024-03,features_attributes.csv
CUS_0x1871,Groomj,25,245-31-5920,Lawyer,1/3/2024,2025-11-09,2024-03,features_attributes.csv
CUS_0x18d8,Nishant Kumarf,37,584-59-3676,Accountant,1/3/2024,2025-11-09,2024-03,features_attributes.csv
CUS_0x18e5,Zieminskih,34,958-83-8767,Architect,1/3/2024,2025-11-09,2024-03,features_attributes.csv
CUS_0x1931,Jonathan Stempelt,18,954-05-2870,Lawyer,1/3/2024,2025-11-09,2024-03,features_attributes.csv
CUS_0x19b0,Arunat,38,523-76-9027,Writer,1/3/2024,2025-11-09,2024-03,features_attributes.csv
CUS_0x19b2,Rebecca Hamiltonx,38,469-26-7362,Developer,1/3/2024,2025-11-09,2024-03,features_attributes.csv
CUS_0x19c9,Cableo,31_,534-54-1028,Entrepreneur,1/3/2024,2025-11-09,2024-03,features_attributes.csv
CUS_0x19cc,John McCrankb,886,077-67-6966,Entrepreneur,1/3/2024,2025-11-09,2024-03,features_attributes.csv
CUS_0x19f3,Ryan Vlastelicak,32,940-10-6588,Entrepreneur,1/3/2024,2025-11-09,2024-03,features_attributes.csv
CUS_0x1ac0,Rick Rothackerd,37,728-34-9997,Doctor,1/3/2024,2025-11-09,2024-03,features_attributes.csv
CUS_0x1ac9,Seetharamanx,30,815-80-6961,_______,1/3/2024,2025-11-09,2024-03,features_attributes.csv
CUS_0x1b0b,Rick Rothackerv,28,001-67-3534,Manager,1/3/2024,2025-11-09,2024-03,features_attributes.csv
CUS_0x1b21,Jason Langez,27,382-04-7153,_______,1/3/2024,2025-11-09,2024-03,features_attributes.csv
CUS_0x1b97,Ransdell Piersonm,18,543-81-0130,Entrepreneur,1/3/2024,2025-11-09,2024-03,features_attributes.csv
CUS_0x1d85,Daniely,33,057-78-0785,Engineer,1/3/2024,2025-11-09,2024-03,features_attributes.csv
CUS_0x1e63,Aileen Wangy,37,341-75-1132,_______,1/3/2024,2025-11-09,2024-03,features_attributes.csv
CUS_0x1ebb,Georges,28,092-56-0694,Writer,1/3/2024,2025-11-09,2024-03,features_attributes.csv
CUS_0x20b2,Petert,33,#F%$D@*&8,Accountant,1/3/2024,2025-11-09,2024-03,features_attributes.csv
CUS_0x20f3,Gavind,35,898-99-9373,Architect,1/3/2024,2025-11-09,2024-03,features_attributes.csv
CUS_0x2176,Denny Thomasl,37,308-31-8537,Writer,1/3/2024,2025-11-09,2024-03,features_attributes.csv
CUS_0x21f4,Flynnq,55,587-32-3592,Doctor,1/3/2024,2025-11-09,2024-03,features_attributes.csv
CUS_0x224a,Bartzm,55,612-13-5545,Teacher,1/3/2024,2025-11-09,2024-03,features_attributes.csv
CUS_0x2267,Rigbyv,43,322-94-2134,_______,1/3/2024,2025-11-09,2024-03,features_attributes.csv
CUS_0x2270,imartea,35,075-00-2076,Scientist,1/3/2024,2025-11-09,2024-03,features_attributes.csv
CUS_0x2308,ra Ulmeru,23,853-72-0269,Lawyer,1/3/2024,2025-11-09,2024-03,features_attributes.csv
CUS_0x2346,Chanu,32,918-83-4696,Accountant,1/3/2024,2025-11-09,2024-03,features_attributes.csv
CUS_0x23a1,Herbert Lasho,23,567-97-0729,Mechanic,1/3/2024,2025-11-09,2024-03,features_attributes.csv
CUS_0x23d6,Conor Humphriesi,19,708-94-3434,Journalist,1/3/2024,2025-11-09,2024-03,features_attributes.csv
CUS_0x2425,Hepherh,25,735-48-2138,Developer,1/3/2024,2025-11-09,2024-03,features_attributes.csv
CUS_0x2508,Kiharan,45,811-51-3882,Musician,1/3/2024,2025-11-09,2024-03,features_attributes.csv
CUS_0x25b0,Ransdell Piersonk,31,686-89-7086,Teacher,1/3/2024,2025-11-09,2024-03,features_attributes.csv
CUS_0x2646,ewich Billk,45,261-90-8736,Journalist,1/3/2024,2025-11-09,2024-03,features_attributes.csv
CUS_0x2653,Langeu,35,508-35-4856,_______,1/3/2024,2025-11-09,2024-03,features_attributes.csv
CUS_0x2717,Spiceri,31,617-86-7354,_______,1/3/2024,2025-11-09,2024-03,features_attributes.csv
CUS_0x2730,Paul Carrelb,39,272-36-5834,Engineer,1/3/2024,2025-11-09,2024-03,features_attributes.csv
CUS_0x2731,Foo Yunp,54,721-95-6535,Teacher,1/3/2024,2025-11-09,2024-03,features_attributes.csv
CUS_0x2788,Doriss,49,024-45-5113,Writer,1/3/2024,2025-11-09,2024-03,features_attributes.csv
CUS_0x27ab,Annc,30,626-43-7937,Media_Manager,1/3/2024,2025-11-09,2024-03,features_attributes.csv
CUS_0x27e5,Gerryf,21,373-40-0600,Media_Manager,1/3/2024,2025-11-09,2024-03,features_attributes.csv
CUS_0x2824,Herskovitzb,19,501-69-4060,_______,1/3/2024,2025-11-09,2024-03,features_attributes.csv
CUS_0x28a3,Pollardu,37,948-70-3925,Architect,1/3/2024,2025-11-09,2024-03,features_attributes.csv
CUS_0x294d,Hirschlera,39,862-89-7529,Teacher,1/3/2024,2025-11-09,2024-03,features_attributes.csv
CUS_0x2959,Yanno,40,294-46-8269,Writer,1/3/2024,2025-11-09,2024-03,features_attributes.csv
CUS_0x29ab,Annab,43,406-65-3278,Writer,1/3/2024,2025-11-09,2024-03,features_attributes.csv
CUS_0x2a86,Lesleyk,36,154-26-2987,Accountant,1/3/2024,2025-11-09,2024-03,features_attributes.csv
CUS_0x2b3b,Lemghalefv,29_,#F%$D@*&8,_______,1/3/2024,2025-11-09,2024-03,features_attributes.csv
CUS_0x2bc4,Leilaz,32,807-49-7186,Musician,1/3/2024,2025-11-09,2024-03,features_attributes.csv
CUS_0x2ccb,Davidq,52,470-93-6587,Journalist,1/3/2024,2025-11-09,2024-03,features_attributes.csv
CUS_0x2d82,Nairs,40,358-29-0203,Doctor,1/3/2024,2025-11-09,2024-03,features_attributes.csv
CUS_0x2d9a,Virkiu,16,138-19-7383,Doctor,1/3/2024,2025-11-09,2024-03,features_attributes.csv
CUS_0x2db3,Daveyd,50,#F%$D@*&8,Manager,1/3/2024,2025-11-09,2024-03,features_attributes.csv
CUS_0x2e91,Griswoldh,31,797-70-3063,_______,1/3/2024,2025-11-09,2024-03,features_attributes.csv
CUS_0x2eb4,Scott Maloned,39,936-12-2774,Engineer,1/3/2024,2025-11-09,2024-03,features_attributes.csv
CUS_0x2eff,Oliviab,19,087-44-8837,Doctor,1/3/2024,2025-11-09,2024-03,features_attributes.csv
CUS_0x2f1c,Andrea Shalal-Esaw,43,803-27-5656,Engineer,1/3/2024,2025-11-09,2024-03,features_attributes.csv
CUS_0x2f9b,Bosea,25,343-89-9854,Engineer,1/3/2024,2025-11-09,2024-03,features_attributes.csv
CUS_0x300b,Reese Ewingy,37_,862-78-8936,Mechanic,1/3/2024,2025-11-09,2024-03,features_attributes.csv
CUS_0x309d,Anna Yukhananovm,16,887-92-9025,Doctor,1/3/2024,2025-11-09,2024-03,features_attributes.csv
CUS_0x31e8,Steven C.m,21,587-68-1142,Doctor,1/3/2024,2025-11-09,2024-03,features_attributes.csv
CUS_0x3224,Andrea Shalal-Esaw,18,078-06-0704,Lawyer,1/3/2024,2025-11-09,2024-03,features_attributes.csv
CUS_0x3243,Vignaln,21_,892-18-3180,Doctor,1/3/2024,2025-11-09,2024-03,features_attributes.csv
CUS_0x32cb,Tomj,47,526-91-1494,Entrepreneur,1/3/2024,2025-11-09,2024-03,features_attributes.csv
CUS_0x3356,Henryl,47,050-91-7855,Doctor,1/3/2024,2025-11-09,2024-03,features_attributes.csv
CUS_0x3397,Sveap,45,097-59-6601,_______,1/3/2024,2025-11-09,2024-03,features_attributes.csv
CUS_0x33dc,"\"Johnn",44_,363-00-8931,Musician,1/3/2024,2025-11-09,2024-03,features_attributes.csv
CUS_0x33ef,Reijin,35,863-69-9979,Lawyer,1/3/2024,2025-11-09,2024-03,features_attributes.csv
CUS_0x34d2,Aml,35,179-82-0650,Mechanic,1/3/2024,2025-11-09,2024-03,features_attributes.csv
CUS_0x34d7,N.n,38,065-57-1268,Mechanic,1/3/2024,2025-11-09,2024-03,features_attributes.csv
CUS_0x3655,Ransdellw,30,#F%$D@*&8,Lawyer,1/3/2024,2025-11-09,2024-03,features_attributes.csv
CUS_0x373b,en Berkowitzi,32,368-07-2548,Media_Manager,1/3/2024,2025-11-09,2024-03,features_attributes.csv
CUS_0x3757,Kazunori Takadax,42,610-13-4952,Mechanic,1/3/2024,2025-11-09,2024-03,features_attributes.csv
CUS_0x379e,Johnu,46,870-05-0089,Lawyer,1/3/2024,2025-11-09,2024-03,features_attributes.csv
CUS_0x37e9,Elvina Nawagunaw,55,504-96-4851,Architect,1/3/2024,2025-11-09,2024-03,features_attributes.csv
CUS_0x3811,Regann,44,305-88-2648,Lawyer,1/3/2024,2025-11-09,2024-03,features_attributes.csv
CUS_0x3844,Klaymang,20,577-62-7672,Accountant,1/3/2024,2025-11-09,2024-03,features_attributes.csv
CUS_0x38a2,Careyq,39,175-60-9565,Writer,1/3/2024,2025-11-09,2024-03,features_attributes.csv
CUS_0x39c5,Douwem,44,908-64-8885,Mechanic,1/3/2024,2025-11-09,2024-03,features_attributes.csv
CUS_0x3a71,Silvia Ognibenei,2593,662-21-2846,Accountant,1/3/2024,2025-11-09,2024-03,features_attributes.csv
CUS_0x3b11,Reida,27,109-50-0031,Accountant,1/3/2024,2025-11-09,2024-03,features_attributes.csv
CUS_0x3b3b,Camposa,45,947-32-6305,Scientist,1/3/2024,2025-11-09,2024-03,features_attributes.csv
CUS_0x3c87,Keithx,49,972-92-2021,Entrepreneur,1/3/2024,2025-11-09,2024-03,features_attributes.csv
CUS_0x3ccf,Katyap,44,744-25-0877,Manager,1/3/2024,2025-11-09,2024-03,features_attributes.csv
CUS_0x3d42,renda Gohi,14,098-96-4178,Engineer,1/3/2024,2025-11-09,2024-03,features_attributes.csv
CUS_0x3d8e,Jessicaj,20,382-00-6048,Writer,1/3/2024,2025-11-09,2024-03,features_attributes.csv
CUS_0x3e2e,Jacobsk,38,407-02-3314,Scientist,1/3/2024,2025-11-09,2024-03,features_attributes.csv
CUS_0x3f1d,Mattn,21,540-99-5377,Musician,1/3/2024,2025-11-09,2024-03,features_attributes.csv
CUS_0x3f3,Terry Wadeu,44,422-13-0011,Writer,1/3/2024,2025-11-09,2024-03,features_attributes.csv
CUS_0x3fa8,Kumarp,40,283-56-6375,Writer,1/3/2024,2025-11-09,2024-03,features_attributes.csv
CUS_0x407c,Anuragf,24,318-25-1020,Writer,1/3/2024,2025-11-09,2024-03,features_attributes.csv
CUS_0x40d4,Estelle Shirbong,28,286-96-2058,Mechanic,1/3/2024,2025-11-09,2024-03,features_attributes.csv
CUS_0x40e6,ra Hudsonp,43,539-46-2692,Accountant,1/3/2024,2025-11-09,2024-03,features_attributes.csv
CUS_0x40f2,Markf,39,527-74-9429,Mechanic,1/3/2024,2025-11-09,2024-03,features_attributes.csv
CUS_0x41b2,Valetkevitchk,28,624-65-3481,_______,1/3/2024,2025-11-09,2024-03,features_attributes.csv
CUS_0x41c1,Angelika Strickerp,29,824-78-7820,_______,1/3/2024,2025-11-09,2024-03,features_attributes.csv
CUS_0x41ce,Tommyf,29,510-01-7946,Mechanic,1/3/2024,2025-11-09,2024-03,features_attributes.csv
CUS_0x429a,Axk,29_,719-71-0189,Mechanic,1/3/2024,2025-11-09,2024-03,features_attributes.csv
CUS_0x435a,Susans,53,295-35-0003,Architect,1/3/2024,2025-11-09,2024-03,features_attributes.csv
CUS_0x439a,Gregq,33,259-01-6271,Engineer,1/3/2024,2025-11-09,2024-03,features_attributes.csv
CUS_0x43de,Younglaig,26,539-56-3950,Scientist,1/3/2024,2025-11-09,2024-03,features_attributes.csv
CUS_0x4470,Lucia Mutikanil,39,622-40-1120,Mechanic,1/3/2024,2025-11-09,2024-03,features_attributes.csv
CUS_0x448a,McLaughlinv,38,#F%$D@*&8,Lawyer,1/3/2024,2025-11-09,2024-03,features_attributes.csv
CUS_0x454f,Leeh,41,255-20-4167,Musician,1/3/2024,2025-11-09,2024-03,features_attributes.csv
CUS_0x4565,Jessica Toonkelm,43,239-95-8894,Entrepreneur,1/3/2024,2025-11-09,2024-03,features_attributes.csv
CUS_0x4567,Krishnanh,19,761-63-8906,Architect,1/3/2024,2025-11-09,2024-03,features_attributes.csv
CUS_0x45e1,Kim Dixonz,36,039-56-8958,Architect,1/3/2024,2025-11-09,2024-03,features_attributes.csv
CUS_0x46c3,Kaiserc,52,299-88-0862,Entrepreneur,1/3/2024,2025-11-09,2024-03,features_attributes.csv
CUS_0x46db,Sineadc,26,276-03-8497,Scientist,1/3/2024,2025-11-09,2024-03,features_attributes.csv
CUS_0x470e,Lynch Arunab,40,402-32-6834,Media_Manager,1/3/2024,2025-11-09,2024-03,features_attributes.csv
CUS_0x475f,Tomz,21,782-04-7216,Journalist,1/3/2024,2025-11-09,2024-03,features_attributes.csv
CUS_0x47fe,Egenterq,22,740-19-9586,Teacher,1/3/2024,2025-11-09,2024-03,features_attributes.csv
CUS_0x485d,"\"Rosalbak",37,748-22-1056,Lawyer,1/3/2024,2025-11-09,2024-03,features_attributes.csv
CUS_0x487a,Suzanne Barlyny,27,795-68-8114,Scientist,1/3/2024,2025-11-09,2024-03,features_attributes.csv
CUS_0x48ee,Zieminskij,40,328-26-2142,Scientist,1/3/2024,2025-11-09,2024-03,features_attributes.csv
CUS_0x48f2,Jamesz,31,568-82-5596,Scientist,1/3/2024,2025-11-09,2024-03,features_attributes.csv
CUS_0x492c,Emma Thomassonf,41,672-34-5802,Entrepreneur,1/3/2024,2025-11-09,2024-03,features_attributes.csv
CUS_0x4986,Charles Abbotta,34,971-61-8388,Entrepreneur,1/3/2024,2025-11-09,2024-03,features_attributes.csv
CUS_0x49f5,Ramin Mostafavik,24_,612-77-0513,Musician,1/3/2024,2025-11-09,2024-03,features_attributes.csv
CUS_0x4a5d,Jessica Dyec,17,714-45-9727,Lawyer,1/3/2024,2025-11-09,2024-03,features_attributes.csv
CUS_0x4b4,Arunai,29,334-73-3962,Engineer,1/3/2024,2025-11-09,2024-03,features_attributes.csv
CUS_0x4c5c,Govindasamyd,44,636-39-1081,Doctor,1/3/2024,2025-11-09,2024-03,features_attributes.csv
CUS_0x4d2e,Benk,35_,280-54-8121,Teacher,1/3/2024,2025-11-09,2024-03,features_attributes.csv
CUS_0x4d50,Lionel Laurentd,1066,282-83-1022,Scientist,1/3/2024,2025-11-09,2024-03,features_attributes.csv
CUS_0x4d68,C.r,49,558-98-5170,Media_Manager,1/3/2024,2025-11-09,2024-03,features_attributes.csv
CUS_0x4daa,Laurend,44,451-28-9406,Lawyer,1/3/2024,2025-11-09,2024-03,features_attributes.csv
CUS_0x4e22,Alistair Barrs,52,903-30-6308,_______,1/3/2024,2025-11-09,2024-03,features_attributes.csv
CUS_0x4e24,Treeden,50,692-00-1087,_______,1/3/2024,2025-11-09,2024-03,features_attributes.csv
CUS_0x4e3b,Sophieu,36,794-37-5918,Musician,1/3/2024,2025-11-09,2024-03,features_attributes.csv
CUS_0x4ec9,Luciag,31,912-23-3911,Engineer,1/3/2024,2025-11-09,2024-03,features_attributes.csv
CUS_0x4f15,Reneeu,46,419-97-7180,Manager,1/3/2024,2025-11-09,2024-03,features_attributes.csv
CUS_0x4f43,Silvia Aloisir,34,282-99-1365,Doctor,1/3/2024,2025-11-09,2024-03,features_attributes.csv
CUS_0x4f83,Jonathan Stempeld,44,329-87-7684,Journalist,1/3/2024,2025-11-09,2024-03,features_attributes.csv
CUS_0x501c,Basesx,32,918-33-6747,_______,1/3/2024,2025-11-09,2024-03,features_attributes.csv
CUS_0x5048,Paritosh Bansalw,19,986-86-6614,Doctor,1/3/2024,2025-11-09,2024-03,features_attributes.csv
CUS_0x5161,Melanie Leef,17,566-41-9357,Writer,1/3/2024,2025-11-09,2024-03,features_attributes.csv
CUS_0x525f,Rochal,36,085-73-3755,_______,1/3/2024,2025-11-09,2024-03,features_attributes.csv
CUS_0x5336,Ayesha Rascoed,22_,758-83-2675,Mechanic,1/3/2024,2025-11-09,2024-03,features_attributes.csv
CUS_0x5375,Andreasi,54,103-66-4137,Doctor,1/3/2024,2025-11-09,2024-03,features_attributes.csv
CUS_0x53e8,Andreasb,34,988-17-8179,Teacher,1/3/2024,2025-11-09,2024-03,features_attributes.csv
CUS_0x53e9,Yoo Choonsiky,20,553-74-4119,Journalist,1/3/2024,2025-11-09,2024-03,features_attributes.csv
CUS_0x5435,Rothackerm,47,196-26-4721,Mechanic,1/3/2024,2025-11-09,2024-03,features_attributes.csv
CUS_0x544f,Krielc,38,358-15-3403,_______,1/3/2024,2025-11-09,2024-03,features_attributes.csv
CUS_0x558d,Lh,42,658-01-3989,Writer,1/3/2024,2025-11-09,2024-03,features_attributes.csv
CUS_0x55b5,Viswanatham,31,113-58-6546,Entrepreneur,1/3/2024,2025-11-09,2024-03,features_attributes.csv
CUS_0x55c5,Jiliant,27,424-29-8918,Musician,1/3/2024,2025-11-09,2024-03,features_attributes.csv
CUS_0x563d,Alanc,39,269-05-1234,Journalist,1/3/2024,2025-11-09,2024-03,features_attributes.csv
CUS_0x5737,Dominicc,34_,915-29-8924,Architect,1/3/2024,2025-11-09,2024-03,features_attributes.csv
CUS_0x574a,Ann Saphirg,45,340-65-6634,Teacher,1/3/2024,2025-11-09,2024-03,features_attributes.csv
CUS_0x5764,Sublerm,22,672-84-3682,Media_Manager,1/3/2024,2025-11-09,2024-03,features_attributes.csv
CUS_0x580e,McAllistere,48,357-06-5725,Manager,1/3/2024,2025-11-09,2024-03,features_attributes.csv
CUS_0x581e,Charlesd,44,690-52-2331,Accountant,1/3/2024,2025-11-09,2024-03,features_attributes.csv
CUS_0x5898,Owolabib,27,172-32-7436,Engineer,1/3/2024,2025-11-09,2024-03,features_attributes.csv
CUS_0x5981,Jane Barrettk,26,816-61-3047,Doctor,1/3/2024,2025-11-09,2024-03,features_attributes.csv
CUS_0x59c1,Luciad,40,319-03-2071,Mechanic,1/3/2024,2025-11-09,2024-03,features_attributes.csv
CUS_0x5a2d,en Hirschlerj,24,279-97-1576,Manager,1/3/2024,2025-11-09,2024-03,features_attributes.csv
CUS_0x5a48,Pinskerp,52_,549-86-5251,Scientist,1/3/2024,2025-11-09,2024-03,features_attributes.csv
CUS_0x5a59,Christinaf,20,346-22-5248,Engineer,1/3/2024,2025-11-09,2024-03,features_attributes.csv
CUS_0x5ade,Bartw,35,706-03-4308,Manager,1/3/2024,2025-11-09,2024-03,features_attributes.csv
CUS_0x5af6,Maril,25,015-20-8263,Accountant,1/3/2024,2025-11-09,2024-03,features_attributes.csv
CUS_0x5afe,Palmerw,47,470-69-8284,Architect,1/3/2024,2025-11-09,2024-03,features_attributes.csv
CUS_0x5b5a,Valenciar,45,531-46-1872,Engineer,1/3/2024,2025-11-09,2024-03,features_attributes.csv
CUS_0x5b6f,Forgionej,21,054-49-7239,Mechanic,1/3/2024,2025-11-09,2024-03,features_attributes.csv
CUS_0x5b7d,Bill Rigbyb,46_,052-24-8925,Musician,1/3/2024,2025-11-09,2024-03,features_attributes.csv
CUS_0x5bd3,Finerenu,35,172-11-9220,Teacher,1/3/2024,2025-11-09,2024-03,features_attributes.csv
CUS_0x5c06,Kambasj,38,887-34-3815,Journalist,1/3/2024,2025-11-09,2024-03,features_attributes.csv
CUS_0x5c81,Lesley Wroughtonv,20,003-29-4313,Teacher,1/3/2024,2025-11-09,2024-03,features_attributes.csv
CUS_0x5c92,Shyamanthax,21,515-12-7106,Doctor,1/3/2024,2025-11-09,2024-03,features_attributes.csv
CUS_0x5d3d,Melanie Burtonl,36,276-69-9621,Accountant,1/3/2024,2025-11-09,2024-03,features_attributes.csv
CUS_0x5da3,Valetkevitchb,30,333-52-1932,Engineer,1/3/2024,2025-11-09,2024-03,features_attributes.csv
CUS_0x5e3f,Tommyg,31,333-37-8000,Lawyer,1/3/2024,2025-11-09,2024-03,features_attributes.csv
CUS_0x5e6a,Natsukom,38,253-27-5552,Engineer,1/3/2024,2025-11-09,2024-03,features_attributes.csv
CUS_0x5e84,en Klaymans,29,802-00-7859,Architect,1/3/2024,2025-11-09,2024-03,features_attributes.csv
CUS_0x5e89,Menonr,46,372-89-5474,Journalist,1/3/2024,2025-11-09,2024-03,features_attributes.csv
CUS_0x5ecb,Flitterd,34,356-75-9183,Doctor,1/3/2024,2025-11-09,2024-03,features_attributes.csv
CUS_0x5f43,Anthonyc,51,708-15-7663,Entrepreneur,1/3/2024,2025-11-09,2024-03,features_attributes.csv
CUS_0x5f61,Taran,18,126-44-7194,Doctor,1/3/2024,2025-11-09,2024-03,features_attributes.csv
CUS_0x6020,Munroea,17,940-70-3305,Writer,1/3/2024,2025-11-09,2024-03,features_attributes.csv
CUS_0x6077,Poornima Guptau,31,#F%$D@*&8,Musician,1/3/2024,2025-11-09,2024-03,features_attributes.csv
CUS_0x60ad,Kwokw,24,058-60-7291,Accountant,1/3/2024,2025-11-09,2024-03,features_attributes.csv
CUS_0x60f9,Patrick Temple-Wests,39,314-67-0732,Entrepreneur,1/3/2024,2025-11-09,2024-03,features_attributes.csv
CUS_0x6117,arani Krishnanc,28,478-07-5623,Lawyer,1/3/2024,2025-11-09,2024-03,features_attributes.csv
CUS_0x614d,Paul Dayd,30,868-50-4952,Engineer,1/3/2024,2025-11-09,2024-03,features_attributes.csv
CUS_0x6187,ay,40,112-38-6623,Scientist,1/3/2024,2025-11-09,2024-03,features_attributes.csv
CUS_0x61c8,Steveni,33_,018-82-2114,Accountant,1/3/2024,2025-11-09,2024-03,features_attributes.csv
CUS_0x624c,Martinner,27,591-74-3545,Engineer,1/3/2024,2025-11-09,2024-03,features_attributes.csv
CUS_0x629,Leea,45,495-74-9883,Writer,1/3/2024,2025-11-09,2024-03,features_attributes.csv
CUS_0x6308,Rick Rothackerm,43,254-43-4736,Scientist,1/3/2024,2025-11-09,2024-03,features_attributes.csv
CUS_0x6397,Silvia Aloisia,24,206-27-6666,Journalist,1/3/2024,2025-11-09,2024-03,features_attributes.csv
CUS_0x648b,Goldsteino,37,476-22-9217,Lawyer,1/3/2024,2025-11-09,2024-03,features_attributes.csv
CUS_0x64c0,Clementl,16,644-67-7119,Media_Manager,1/3/2024,2025-11-09,2024-03,features_attributes.csv
CUS_0x6510,Ruanot,42,029-49-9162,Musician,1/3/2024,2025-11-09,2024-03,features_attributes.csv
CUS_0x651d,Ryan Vlastelicap,34,689-46-1968,_______,1/3/2024,2025-11-09,2024-03,features_attributes.csv
CUS_0x672c,ray,19,450-62-5162,Manager,1/3/2024,2025-11-09,2024-03,features_attributes.csv
CUS_0x6734,Lefterisi,20,276-02-5954,Teacher,1/3/2024,2025-11-09,2024-03,features_attributes.csv
CUS_0x6793,Jonathann,33,201-71-4544,_______,1/3/2024,2025-11-09,2024-03,features_attributes.csv
CUS_0x67a3,Gerryu,32,#F%$D@*&8,Engineer,1/3/2024,2025-11-09,2024-03,features_attributes.csv
CUS_0x6809,Leahp,20,936-38-8280,Journalist,1/3/2024,2025-11-09,2024-03,features_attributes.csv
CUS_0x6831,B.z,21,897-28-5647,Engineer,1/3/2024,2025-11-09,2024-03,features_attributes.csv
CUS_0x6883,"\"John OCallaghan\"g",20,513-15-4094,Entrepreneur,1/3/2024,2025-11-09,2024-03,features_attributes.csv
CUS_0x68a5,Holtona,37,200-09-1283,Teacher,1/3/2024,2025-11-09,2024-03,features_attributes.csv
CUS_0x68d1,Emmanueln,37,763-35-0890,Architect,1/3/2024,2025-11-09,2024-03,features_attributes.csv
CUS_0x6a4d,Jan Strupczewskib,31,843-53-4733,Doctor,1/3/2024,2025-11-09,2024-03,features_attributes.csv
CUS_0x6a9e,Sonali Paulc,35,139-41-1213,Entrepreneur,1/3/2024,2025-11-09,2024-03,features_attributes.csv
CUS_0x6ae7,Valetkevitchp,25,799-75-6587,Scientist,1/3/2024,2025-11-09,2024-03,features_attributes.csv
CUS_0x6aeb,Stevek,42,381-73-9446,Journalist,1/3/2024,2025-11-09,2024-03,features_attributes.csv
CUS_0x6b88,Nairr,29,284-92-0654,Scientist,1/3/2024,2025-11-09,2024-03,features_attributes.csv
CUS_0x6c4e,Tom Berginh,33,467-01-4929,Architect,1/3/2024,2025-11-09,2024-03,features_attributes.csv
CUS_0x6c67,Alexe,22,024-43-6489,Media_Manager,1/3/2024,2025-11-09,2024-03,features_attributes.csv
CUS_0x6d82,Munroem,51,323-17-1676,Teacher,1/3/2024,2025-11-09,2024-03,features_attributes.csv
CUS_0x6da8,Caroline Valetkevitchu,21,566-95-6703,Accountant,1/3/2024,2025-11-09,2024-03,features_attributes.csv
CUS_0x6dc6,Nick Edwardsw,39,600-54-4237,Journalist,1/3/2024,2025-11-09,2024-03,features_attributes.csv
CUS_0x6e0e,Stephen Jewkesr,46_,#F%$D@*&8,Architect,1/3/2024,2025-11-09,2024-03,features_attributes.csv
CUS_0x6e1c,Miyoungu,48,#F%$D@*&8,Lawyer,1/3/2024,2025-11-09,2024-03,features_attributes.csv
CUS_0x6e38,Karenv,28,574-92-0412,Musician,1/3/2024,2025-11-09,2024-03,features_attributes.csv
CUS_0x6ee1,Deepa Seetharamana,49,119-35-9497,Entrepreneur,1/3/2024,2025-11-09,2024-03,features_attributes.csv
CUS_0x6ee8,Mollenkampp,29,642-77-9287,Writer,1/3/2024,2025-11-09,2024-03,features_attributes.csv
CUS_0x6fc4,N.g,20,137-76-6084,Manager,1/3/2024,2025-11-09,2024-03,features_attributes.csv
CUS_0x7087,ty,48,#F%$D@*&8,Writer,1/3/2024,2025-11-09,2024-03,features_attributes.csv
CUS_0x70bf,Yoko Kubotag,29,941-06-1233,Media_Manager,1/3/2024,2025-11-09,2024-03,features_attributes.csv
CUS_0x70d,Daniel Basesk,24,350-94-1349,Engineer,1/3/2024,2025-11-09,2024-03,features_attributes.csv
CUS_0x70d0,Louis Charbonneaur,46_,186-22-4112,Entrepreneur,1/3/2024,2025-11-09,2024-03,features_attributes.csv
CUS_0x710f,Morganz,3115,805-31-3666,Scientist,1/3/2024,2025-11-09,2024-03,features_attributes.csv
CUS_0x7292,Jennifer Ablanl,50,439-78-9960,Developer,1/3/2024,2025-11-09,2024-03,features_attributes.csv
CUS_0x7304,asils,40_,619-13-9521,Developer,1/3/2024,2025-11-09,2024-03,features_attributes.csv
CUS_0x7398,James B.l,15,981-68-0892,Entrepreneur,1/3/2024,2025-11-09,2024-03,features_attributes.csv
CUS_0x754c,Fabic,44,899-74-8440,Entrepreneur,1/3/2024,2025-11-09,2024-03,features_attributes.csv
CUS_0x760a,Dominic Lauk,44,726-06-9872,Doctor,1/3/2024,2025-11-09,2024-03,features_attributes.csv
CUS_0x7670,Bernie Woodallj,30,559-25-3382,Architect,1/3/2024,2025-11-09,2024-03,features_attributes.csv
CUS_0x76ca,Dianen,51,#F%$D@*&8,Mechanic,1/3/2024,2025-11-09,2024-03,features_attributes.csv
CUS_0x76df,Sarah McBrider,45,826-97-3188,_______,1/3/2024,2025-11-09,2024-03,features_attributes.csv
CUS_0x76e2,Ilainax,43,758-23-1095,Engineer,1/3/2024,2025-11-09,2024-03,features_attributes.csv
CUS_0x7711,Stella Dawsonk,40,339-01-5731,Mechanic,1/3/2024,2025-11-09,2024-03,features_attributes.csv
CUS_0x7766,Stephensonc,46,876-26-2819,Writer,1/3/2024,2025-11-09,2024-03,features_attributes.csv
CUS_0x783b,David Baileyy,46,024-41-2966,Teacher,1/3/2024,2025-11-09,2024-03,features_attributes.csv
CUS_0x78c2,Reijim,29,682-92-8819,Lawyer,1/3/2024,2025-11-09,2024-03,features_attributes.csv
CUS_0x78ce,Sinead Cruiseu,44,882-44-3099,Writer,1/3/2024,2025-11-09,2024-03,features_attributes.csv
CUS_0x78fe,Mirna Sleimann,31,574-49-3850,Journalist,1/3/2024,2025-11-09,2024-03,features_attributes.csv
CUS_0x79b7,Shaikhj,37,844-64-5104,Journalist,1/3/2024,2025-11-09,2024-03,features_attributes.csv
CUS_0x79c5,Marci,17_,#F%$D@*&8,Journalist,1/3/2024,2025-11-09,2024-03,features_attributes.csv
CUS_0x7a01,Supanthao,24,323-84-9870,Media_Manager,1/3/2024,2025-11-09,2024-03,features_attributes.csv
CUS_0x7a29,Lisac,16,371-71-4885,Media_Manager,1/3/2024,2025-11-09,2024-03,features_attributes.csv
CUS_0x7aae,Kazunori Takadau,2048,701-33-6545,Architect,1/3/2024,2025-11-09,2024-03,features_attributes.csv
CUS_0x7ae,er Davidl,50,956-28-1881,Lawyer,1/3/2024,2025-11-09,2024-03,features_attributes.csv
CUS_0x7b32,Kentarom,24,461-94-1279,Developer,1/3/2024,2025-11-09,2024-03,features_attributes.csv
CUS_0x7b62,Carewu,20,722-22-8364,Doctor,1/3/2024,2025-11-09,2024-03,features_attributes.csv
CUS_0x7bc9,Shahl,28,130-42-0564,Engineer,1/3/2024,2025-11-09,2024-03,features_attributes.csv
CUS_0x7c6a,Mollenkampl,22,021-53-1156,_______,1/3/2024,2025-11-09,2024-03,features_attributes.csv
CUS_0x7c71,Helena Soderpalmn,33,232-13-7134,Teacher,1/3/2024,2025-11-09,2024-03,features_attributes.csv
CUS_0x7caf,Rl,29,628-85-7991,Architect,1/3/2024,2025-11-09,2024-03,features_attributes.csv
CUS_0x7cb3,Somervillen,20,890-81-4409,Accountant,1/3/2024,2025-11-09,2024-03,features_attributes.csv
CUS_0x7d8,Ayla Jeany,15_,680-85-5010,Doctor,1/3/2024,2025-11-09,2024-03,features_attributes.csv
CUS_0x7df,Juliend,26,556-57-5003,Accountant,1/3/2024,2025-11-09,2024-03,features_attributes.csv
CUS_0x7e61,Patrick Temple-Westr,54,823-07-3351,Media_Manager,1/3/2024,2025-11-09,2024-03,features_attributes.csv
CUS_0x7ed7,David Gaffenc,51,115-40-4075,Engineer,1/3/2024,2025-11-09,2024-03,features_attributes.csv
CUS_0x7edc,Herberty,17,300-94-7083,Engineer,1/3/2024,2025-11-09,2024-03,features_attributes.csv
CUS_0x7edd,Richa Naiduh,53,920-53-9907,Journalist,1/3/2024,2025-11-09,2024-03,features_attributes.csv
CUS_0x7f31,Emeliad,56,630-24-4636,Mechanic,1/3/2024,2025-11-09,2024-03,features_attributes.csv
CUS_0x7f53,Plumee,35,474-27-4829,Media_Manager,1/3/2024,2025-11-09,2024-03,features_attributes.csv
CUS_0x8002,Jeffrey Hodgsonm,36,#F%$D@*&8,Mechanic,1/3/2024,2025-11-09,2024-03,features_attributes.csv
CUS_0x8018,Smitab,52_,456-03-1565,Mechanic,1/3/2024,2025-11-09,2024-03,features_attributes.csv
CUS_0x8099,ram,51,767-19-9517,Writer,1/3/2024,2025-11-09,2024-03,features_attributes.csv
CUS_0x810,Pauln,39_,666-51-5857,Accountant,1/3/2024,2025-11-09,2024-03,features_attributes.csv
CUS_0x8121,Roumeliotisg,45,958-40-2996,Journalist,1/3/2024,2025-11-09,2024-03,features_attributes.csv
CUS_0x81d6,Dianea,27,359-78-1565,Developer,1/3/2024,2025-11-09,2024-03,features_attributes.csv
CUS_0x81f4,Sarah McBrideu,39,798-70-4000,Writer,1/3/2024,2025-11-09,2024-03,features_attributes.csv
CUS_0x8232,Euani,36,146-07-7618,Developer,1/3/2024,2025-11-09,2024-03,features_attributes.csv
CUS_0x8274,Norihikov,47,968-42-8366,Journalist,1/3/2024,2025-11-09,2024-03,features_attributes.csv
CUS_0x82be,Alistairt,31_,590-92-4796,Manager,1/3/2024,2025-11-09,2024-03,features_attributes.csv
CUS_0x833d,Sarah Morrisz,32,732-53-2113,Entrepreneur,1/3/2024,2025-11-09,2024-03,features_attributes.csv
CUS_0x844d,Anna Yukhananovv,44,947-44-3246,Lawyer,1/3/2024,2025-11-09,2024-03,features_attributes.csv
CUS_0x84a2,Karen Freifeldk,30,013-64-0379,Developer,1/3/2024,2025-11-09,2024-03,features_attributes.csv
CUS_0x84a6,Alexp,23,048-49-2969,Mechanic,1/3/2024,2025-11-09,2024-03,features_attributes.csv
CUS_0x8513,Annaz,33,783-31-2912,Teacher,1/3/2024,2025-11-09,2024-03,features_attributes.csv
CUS_0x854f,Scott Maloneq,17,124-72-9354,Media_Manager,1/3/2024,2025-11-09,2024-03,features_attributes.csv
CUS_0x865c,Ronaldl,20,993-96-4833,Manager,1/3/2024,2025-11-09,2024-03,features_attributes.csv
CUS_0x86b0,Janej,40,315-54-4372,Journalist,1/3/2024,2025-11-09,2024-03,features_attributes.csv
CUS_0x86b2,Carewd,23,242-32-6684,Teacher,1/3/2024,2025-11-09,2024-03,features_attributes.csv
CUS_0x86c1,Yee Poornimaj,15,945-44-2551,Manager,1/3/2024,2025-11-09,2024-03,features_attributes.csv
CUS_0x86ec,ill Rigbyi,20,293-88-4924,Writer,1/3/2024,2025-11-09,2024-03,features_attributes.csv
CUS_0x87e6,K. Rg,23,239-23-3959,Doctor,1/3/2024,2025-11-09,2024-03,features_attributes.csv
CUS_0x87f,Carrick Mollenkampc,54,684-26-1191,Architect,1/3/2024,2025-11-09,2024-03,features_attributes.csv
CUS_0x8814,Megha Rajagopalanx,24,257-81-4862,Engineer,1/3/2024,2025-11-09,2024-03,features_attributes.csv
CUS_0x8848,enr,37,930-77-6871,Engineer,1/3/2024,2025-11-09,2024-03,features_attributes.csv
CUS_0x88fd,Sophie Sassardn,52,#F%$D@*&8,Writer,1/3/2024,2025-11-09,2024-03,features_attributes.csv
CUS_0x8916,Nicola Leskep,42,272-25-4840,Architect,1/3/2024,2025-11-09,2024-03,features_attributes.csv
CUS_0x8984,Jessicaw,30,669-48-7668,_______,1/3/2024,2025-11-09,2024-03,features_attributes.csv
CUS_0x89c8,Chikafumif,49,929-04-4055,Lawyer,1/3/2024,2025-11-09,2024-03,features_attributes.csv
CUS_0x8a8b,ernie Woodalle,24,475-74-0431,Media_Manager,1/3/2024,2025-11-09,2024-03,features_attributes.csv
CUS_0x8ac0,Rachellee,20,385-33-2227,_______,1/3/2024,2025-11-09,2024-03,features_attributes.csv
CUS_0x8b3e,John McCrankd,24,266-96-2968,Doctor,1/3/2024,2025-11-09,2024-03,features_attributes.csv
CUS_0x8b6c,Dougp,41,299-98-9190,Journalist,1/3/2024,2025-11-09,2024-03,features_attributes.csv
CUS_0x8b96,Daniely,20,342-46-9453,Doctor,1/3/2024,2025-11-09,2024-03,features_attributes.csv
CUS_0x8bf3,Shalal-Esab,40,#F%$D@*&8,Engineer,1/3/2024,2025-11-09,2024-03,features_attributes.csv
CUS_0x8c36,Vlastelicax,16,243-75-6208,Engineer,1/3/2024,2025-11-09,2024-03,features_attributes.csv
CUS_0x8ca7,Sruthig,20,778-05-0735,Lawyer,1/3/2024,2025-11-09,2024-03,features_attributes.csv
CUS_0x8d19,Barbashl,55,267-39-6802,Entrepreneur,1/3/2024,2025-11-09,2024-03,features_attributes.csv
CUS_0x8da8,Dianep,29_,028-05-9742,Developer,1/3/2024,2025-11-09,2024-03,features_attributes.csv
CUS_0x8dfe,Kellyx,44,055-37-6531,Teacher,1/3/2024,2025-11-09,2024-03,features_attributes.csv
CUS_0x8e48,Menone,52,574-16-6279,Scientist,1/3/2024,2025-11-09,2024-03,features_attributes.csv
CUS_0x8e8,Vladimir Soldatkina,32,793-86-5298,Scientist,1/3/2024,2025-11-09,2024-03,features_attributes.csv
CUS_0x8ea,Chang-Ranx,29,069-74-8043,Journalist,1/3/2024,2025-11-09,2024-03,features_attributes.csv
CUS_0x8ebd,Carewd,34,029-29-7952,Musician,1/3/2024,2025-11-09,2024-03,features_attributes.csv
CUS_0x8ed5,Leila Abboudm,21,817-16-2848,Lawyer,1/3/2024,2025-11-09,2024-03,features_attributes.csv
CUS_0x8efa,Younga,26,933-08-6838,Entrepreneur,1/3/2024,2025-11-09,2024-03,features_attributes.csv
CUS_0x8f17,Ermans,46,794-17-4490,Journalist,1/3/2024,2025-11-09,2024-03,features_attributes.csv
CUS_0x9046,en Berkowitzf,42,985-91-4669,Engineer,1/3/2024,2025-11-09,2024-03,features_attributes.csv
CUS_0x906b,Busvined,28,677-40-1433,Developer,1/3/2024,2025-11-09,2024-03,features_attributes.csv
CUS_0x906e,Sinead Cruiseo,21,615-78-0586,Manager,1/3/2024,2025-11-09,2024-03,features_attributes.csv
CUS_0x9126,Frearsono,19,580-64-9646,Entrepreneur,1/3/2024,2025-11-09,2024-03,features_attributes.csv
CUS_0x9146,Michele Kambask,45,845-07-7226,Writer,1/3/2024,2025-11-09,2024-03,features_attributes.csv
CUS_0x9153,Jamesf,29,582-13-9967,Accountant,1/3/2024,2025-11-09,2024-03,features_attributes.csv
CUS_0x915a,Rodrigo Camposm,29,526-07-1321,Doctor,1/3/2024,2025-11-09,2024-03,features_attributes.csv
CUS_0x91ee,Douglasy,32,475-37-1012,Manager,1/3/2024,2025-11-09,2024-03,features_attributes.csv
CUS_0x91f6,Bullv,56_,174-77-8420,Writer,1/3/2024,2025-11-09,2024-03,features_attributes.csv
CUS_0x9200,McCools,44,612-18-3692,Architect,1/3/2024,2025-11-09,2024-03,features_attributes.csv
CUS_0x9233,Jebw,17,467-66-3762,Media_Manager,1/3/2024,2025-11-09,2024-03,features_attributes.csv
CUS_0x929d,Janz,42,728-75-7830,Entrepreneur,1/3/2024,2025-11-09,2024-03,features_attributes.csv
CUS_0x92f,Mikez,19,298-72-3174,Doctor,1/3/2024,2025-11-09,2024-03,features_attributes.csv
CUS_0x9334,Jonathan Stempels,40,928-48-2913,Engineer,1/3/2024,2025-11-09,2024-03,features_attributes.csv
CUS_0x9336,Sleimans,33,497-64-5099,Teacher,1/3/2024,2025-11-09,2024-03,features_attributes.csv
CUS_0x9339,Deepat,40,646-09-4131,Accountant,1/3/2024,2025-11-09,2024-03,features_attributes.csv
CUS_0x9379,Chuck Mikolajczakg,18,405-00-1795,Lawyer,1/3/2024,2025-11-09,2024-03,features_attributes.csv
CUS_0x9381,Wohlo,34,609-67-9303,Engineer,1/3/2024,2025-11-09,2024-03,features_attributes.csv
CUS_0x9425,Lauren Taraj,26_,700-43-3169,Teacher,1/3/2024,2025-11-09,2024-03,features_attributes.csv
CUS_0x9485,Freifeldm,39,710-98-3724,Mechanic,1/3/2024,2025-11-09,2024-03,features_attributes.csv
CUS_0x94e2,Subhedarh,33,697-13-7537,Entrepreneur,1/3/2024,2025-11-09,2024-03,features_attributes.csv
CUS_0x94f4,Claree,32,092-79-1687,Mechanic,1/3/2024,2025-11-09,2024-03,features_attributes.csv
CUS_0x9525,ernie Woodallx,40,#F%$D@*&8,Writer,1/3/2024,2025-11-09,2024-03,features_attributes.csv
CUS_0x9529,Mike Dolanu,18,878-99-8757,Mechanic,1/3/2024,2025-11-09,2024-03,features_attributes.csv
CUS_0x956f,Stecklowy,30,388-03-9983,Doctor,1/3/2024,2025-11-09,2024-03,features_attributes.csv
CUS_0x957e,Leem,23,808-40-1110,Teacher,1/3/2024,2025-11-09,2024-03,features_attributes.csv
CUS_0x9620,en Klaymant,37,337-56-9724,Architect,1/3/2024,2025-11-09,2024-03,features_attributes.csv
CUS_0x9661,Dalall,46_,233-06-0115,Doctor,1/3/2024,2025-11-09,2024-03,features_attributes.csv
CUS_0x96c3,Kaorip,28,596-84-2916,Lawyer,1/3/2024,2025-11-09,2024-03,features_attributes.csv
CUS_0x96d9,Kaiserw,18,772-15-1692,Entrepreneur,1/3/2024,2025-11-09,2024-03,features_attributes.csv
CUS_0x9783,Luciac,40,360-46-5304,Accountant,1/3/2024,2025-11-09,2024-03,features_attributes.csv
CUS_0x982a,Doulatramanih,29,045-75-5603,Lawyer,1/3/2024,2025-11-09,2024-03,features_attributes.csv
CUS_0x983a,Lynchh,53,866-48-7201,Teacher,1/3/2024,2025-11-09,2024-03,features_attributes.csv
CUS_0x9871,Flynnr,31,968-80-1460,Lawyer,1/3/2024,2025-11-09,2024-03,features_attributes.csv
CUS_0x987d,Argin Changy,28,235-10-4940,Musician,1/3/2024,2025-11-09,2024-03,features_attributes.csv
CUS_0x991f,Framkee,21,733-09-1512,Architect,1/3/2024,2025-11-09,2024-03,features_attributes.csv
CUS_0x992b,Noriyukiu,28,343-98-8027,Doctor,1/3/2024,2025-11-09,2024-03,features_attributes.csv
CUS_0x9941,Subhadip Sircard,40,629-13-1252,Mechanic,1/3/2024,2025-11-09,2024-03,features_attributes.csv
CUS_0x9983,Julien Toyerb,36_,510-91-2920,Writer,1/3/2024,2025-11-09,2024-03,features_attributes.csv
CUS_0x99c9,Nate Raymondw,42,950-35-3123,Lawyer,1/3/2024,2025-11-09,2024-03,features_attributes.csv
CUS_0x9a18,Barlynp,43,401-98-9699,Musician,1/3/2024,2025-11-09,2024-03,features_attributes.csv
CUS_0x9a30,Stepheny,31,761-57-6010,Scientist,1/3/2024,2025-11-09,2024-03,features_attributes.csv
CUS_0x9a3c,Shalal-Esaf,25,156-41-3008,Musician,1/3/2024,2025-11-09,2024-03,features_attributes.csv
CUS_0x9a70,Gilbert Kreijgerq,31,#F%$D@*&8,Mechanic,1/3/2024,2025-11-09,2024-03,features_attributes.csv
CUS_0x9aa1,Poornimak,40,375-38-2010,Architect,1/3/2024,2025-11-09,2024-03,features_attributes.csv
CUS_0x9c4f,Nigel Huntk,26,#F%$D@*&8,Architect,1/3/2024,2025-11-09,2024-03,features_attributes.csv
CUS_0x9c9c,Michelle Sierraq,43,555-63-9146,Mechanic,1/3/2024,2025-11-09,2024-03,features_attributes.csv
CUS_0x9d1a,Haysi,27,059-71-5401,Writer,1/3/2024,2025-11-09,2024-03,features_attributes.csv
CUS_0x9d2f,Jenniferc,41,618-73-2642,Manager,1/3/2024,2025-11-09,2024-03,features_attributes.csv
CUS_0x9d60,Leongz,36,904-49-7781,Teacher,1/3/2024,2025-11-09,2024-03,features_attributes.csv
CUS_0x9d62,Laurenz,37,533-48-6343,Accountant,1/3/2024,2025-11-09,2024-03,features_attributes.csv
CUS_0x9da0,Katharinan,42,649-81-2116,Accountant,1/3/2024,2025-11-09,2024-03,features_attributes.csv
CUS_0x9dbc,Gabrielq,33,578-88-3585,Scientist,1/3/2024,2025-11-09,2024-03,features_attributes.csv
CUS_0x9dd7,Joe Brockc,24,194-04-6883,Engineer,1/3/2024,2025-11-09,2024-03,features_attributes.csv
CUS_0x9e39,Huwq,41,303-14-4721,Manager,1/3/2024,2025-11-09,2024-03,features_attributes.csv
CUS_0x9f27,Lauriaq,40,586-80-6673,Media_Manager,1/3/2024,2025-11-09,2024-03,features_attributes.csv
CUS_0x9f43,en Hirschlerj,21,367-85-2447,Manager,1/3/2024,2025-11-09,2024-03,features_attributes.csv
CUS_0x9f51,Alistairy,20,238-32-1687,Doctor,1/3/2024,2025-11-09,2024-03,features_attributes.csv
CUS_0x9ff3,Rp,44,666-38-6886,Teacher,1/3/2024,2025-11-09,2024-03,features_attributes.csv
CUS_0xa037,Aruna Viswanathap,22,318-64-2372,Manager,1/3/2024,2025-11-09,2024-03,features_attributes.csv
CUS_0xa06,Alistairp,39,522-90-6154,Developer,1/3/2024,2025-11-09,2024-03,features_attributes.csv
CUS_0xa062,Georgiopouloso,41,048-21-3119,Doctor,1/3/2024,2025-11-09,2024-03,features_attributes.csv
CUS_0xa078,Huffstuttert,29,769-91-1021,_______,1/3/2024,2025-11-09,2024-03,features_attributes.csv
CUS_0xa15a,Julie Gordonc,23,435-60-9418,Scientist,1/3/2024,2025-11-09,2024-03,features_attributes.csv
CUS_0xa1cc,Tane,39,#F%$D@*&8,Journalist,1/3/2024,2025-11-09,2024-03,features_attributes.csv
CUS_0xa20b,Angelau,3638,325-04-2025,Manager,1/3/2024,2025-11-09,2024-03,features_attributes.csv
CUS_0xa21c,Baertleinm,46,350-85-7603,Mechanic,1/3/2024,2025-11-09,2024-03,features_attributes.csv
CUS_0xa27a,enc,56,972-80-2405,_______,1/3/2024,2025-11-09,2024-03,features_attributes.csv
CUS_0xa294,Martinne Gelleru,55,527-12-0695,Teacher,1/3/2024,2025-11-09,2024-03,features_attributes.csv
CUS_0xa2b2,Pedro Nicolaciz,53,#F%$D@*&8,Manager,1/3/2024,2025-11-09,2024-03,features_attributes.csv
CUS_0xa2b9,Gabrielw,52,261-38-1072,Scientist,1/3/2024,2025-11-09,2024-03,features_attributes.csv
CUS_0xa2f4,Rosendahlx,32,564-46-1659,Journalist,1/3/2024,2025-11-09,2024-03,features_attributes.csv
CUS_0xa336,imarteb,44,849-68-8970,Musician,1/3/2024,2025-11-09,2024-03,features_attributes.csv
CUS_0xa4ad,Alex Lawlerh,24,028-73-8575,Manager,1/3/2024,2025-11-09,2024-03,features_attributes.csv
CUS_0xa547,Samb,41,175-92-0346,Architect,1/3/2024,2025-11-09,2024-03,features_attributes.csv
CUS_0xa5c2,Anna Driverk,31,345-77-5573,Musician,1/3/2024,2025-11-09,2024-03,features_attributes.csv
CUS_0xa624,ernie Woodallk,21,722-59-3496,_______,1/3/2024,2025-11-09,2024-03,features_attributes.csv
CUS_0xa64d,Nick Edwardsl,42,190-66-0409,Doctor,1/3/2024,2025-11-09,2024-03,features_attributes.csv
CUS_0xa66a,Henryq,29,797-13-4387,_______,1/3/2024,2025-11-09,2024-03,features_attributes.csv
CUS_0xa6e4,Aruna Viswanathap,24,837-93-4866,Teacher,1/3/2024,2025-11-09,2024-03,features_attributes.csv
CUS_0xa72c,Edwardsk,27,003-28-8343,Writer,1/3/2024,2025-11-09,2024-03,features_attributes.csv
CUS_0xa75c,Brownn,39,981-43-7537,Manager,1/3/2024,2025-11-09,2024-03,features_attributes.csv
CUS_0xa772,Norihiko Shirouzut,38,127-02-2110,Entrepreneur,1/3/2024,2025-11-09,2024-03,features_attributes.csv
CUS_0xa78f,Feastp,24,907-10-9336,Entrepreneur,1/3/2024,2025-11-09,2024-03,features_attributes.csv
CUS_0xa798,Reesea,15,#F%$D@*&8,Journalist,1/3/2024,2025-11-09,2024-03,features_attributes.csv
CUS_0xa835,Henry Foye,54,093-23-2302,Musician,1/3/2024,2025-11-09,2024-03,features_attributes.csv
CUS_0xa84b,Gillesz,14,447-43-9811,Manager,1/3/2024,2025-11-09,2024-03,features_attributes.csv
CUS_0xa8b1,Ericd,27_,086-29-1667,Doctor,1/3/2024,2025-11-09,2024-03,features_attributes.csv
CUS_0xa8e6,Whitec,31,#F%$D@*&8,Engineer,1/3/2024,2025-11-09,2024-03,features_attributes.csv
CUS_0xa8ec,Brm,42,752-84-4249,Mechanic,1/3/2024,2025-11-09,2024-03,features_attributes.csv
CUS_0xa9b1,Ronaldo,16,043-16-9013,Scientist,1/3/2024,2025-11-09,2024-03,features_attributes.csv
CUS_0xaa8d,Stephen Aldredu,39,898-00-1803,Manager,1/3/2024,2025-11-09,2024-03,features_attributes.csv
CUS_0xaac6,Tarmo Virkig,31,#F%$D@*&8,Musician,1/3/2024,2025-11-09,2024-03,features_attributes.csv
CUS_0xab0e,Toonkelf,21,313-71-1125,Doctor,1/3/2024,2025-11-09,2024-03,features_attributes.csv
CUS_0xab1f,Matt Robinsono,29,725-01-4124,Doctor,1/3/2024,2025-11-09,2024-03,features_attributes.csv
CUS_0xab2f,Terry Bayness,22,703-72-4069,Manager,1/3/2024,2025-11-09,2024-03,features_attributes.csv
CUS_0xab37,Tarmo Virkip,42,619-06-3124,Lawyer,1/3/2024,2025-11-09,2024-03,features_attributes.csv
CUS_0xac19,Beng,16,820-54-9717,Writer,1/3/2024,2025-11-09,2024-03,features_attributes.csv
CUS_0xac56,Mike Dolanx,29,565-66-0493,Lawyer,1/3/2024,2025-11-09,2024-03,features_attributes.csv
CUS_0xac60,Karl Plumej,22_,930-23-0780,Lawyer,1/3/2024,2025-11-09,2024-03,features_attributes.csv
CUS_0xac7b,Jessica Wohlt,46,651-72-0851,Developer,1/3/2024,2025-11-09,2024-03,features_attributes.csv
CUS_0xac81,Emmottl,34,211-79-7436,Mechanic,1/3/2024,2025-11-09,2024-03,features_attributes.csv
CUS_0xaca6,Jana,20,108-44-7721,Architect,1/3/2024,2025-11-09,2024-03,features_attributes.csv
CUS_0xacf1,Manoj Kumarl,32,176-52-9533,Doctor,1/3/2024,2025-11-09,2024-03,features_attributes.csv
CUS_0xadab,Johne,35,019-69-0387,_______,1/3/2024,2025-11-09,2024-03,features_attributes.csv
CUS_0xadd7,Cowanf,42,378-88-5726,Architect,1/3/2024,2025-11-09,2024-03,features_attributes.csv
CUS_0xae0,Chikafumi Hodof,36,#F%$D@*&8,Lawyer,1/3/2024,2025-11-09,2024-03,features_attributes.csv
CUS_0xae0b,Hopkinsu,20,428-26-9400,Entrepreneur,1/3/2024,2025-11-09,2024-03,features_attributes.csv
CUS_0xae15,Taro Fuseu,43,181-18-0854,Lawyer,1/3/2024,2025-11-09,2024-03,features_attributes.csv
CUS_0xaea6,Emilyy,34,824-37-3261,Architect,1/3/2024,2025-11-09,2024-03,features_attributes.csv
CUS_0xaea9,Ryan Vlastelicaa,14,964-34-3476,Engineer,1/3/2024,2025-11-09,2024-03,features_attributes.csv
CUS_0xaeb1,Ramakrishnang,15,342-76-9390,Scientist,1/3/2024,2025-11-09,2024-03,features_attributes.csv
CUS_0xaecd,Xiaoyid,35,267-20-3596,Mechanic,1/3/2024,2025-11-09,2024-03,features_attributes.csv
CUS_0xaeda,Gregl,37,745-72-3624,Media_Manager,1/3/2024,2025-11-09,2024-03,features_attributes.csv
CUS_0xaf93,Timi,52,842-21-5410,Developer,1/3/2024,2025-11-09,2024-03,features_attributes.csv
CUS_0xaf9c,Katya Wachtelz,36,800-90-9176,Writer,1/3/2024,2025-11-09,2024-03,features_attributes.csv
CUS_0xafb6,Felsenthalg,21,182-48-2589,Developer,1/3/2024,2025-11-09,2024-03,features_attributes.csv
CUS_0xafeb,ernie Woodalls,21,053-68-3074,Manager,1/3/2024,2025-11-09,2024-03,features_attributes.csv
CUS_0xb172,Christiaan Hetzners,5509,#F%$D@*&8,Mechanic,1/3/2024,2025-11-09,2024-03,features_attributes.csv
CUS_0xb1cc,Cheem,26,283-60-8539,_______,1/3/2024,2025-11-09,2024-03,features_attributes.csv
CUS_0xb222,Listonw,41,804-28-7310,_______,1/3/2024,2025-11-09,2024-03,features_attributes.csv
CUS_0xb23c,Freilichp,25,051-18-4651,Musician,1/3/2024,2025-11-09,2024-03,features_attributes.csv
CUS_0xb26,yv,42,644-23-8314,Engineer,1/3/2024,2025-11-09,2024-03,features_attributes.csv
CUS_0xb288,Nicolacir,44,390-44-4596,Journalist,1/3/2024,2025-11-09,2024-03,features_attributes.csv
CUS_0xb2a4,Miedemaz,24,420-33-9865,Teacher,1/3/2024,2025-11-09,2024-03,features_attributes.csv
CUS_0xb2f7,Jedx,38,#F%$D@*&8,Writer,1/3/2024,2025-11-09,2024-03,features_attributes.csv
CUS_0xb37a,Shihf,42,590-89-0942,_______,1/3/2024,2025-11-09,2024-03,features_attributes.csv
CUS_0xb3b3,Suoninenm,19,704-29-2598,Accountant,1/3/2024,2025-11-09,2024-03,features_attributes.csv
CUS_0xb40d,Shaor,19,886-87-2102,Architect,1/3/2024,2025-11-09,2024-03,features_attributes.csv
CUS_0xb426,Doug Palmers,24,059-95-1359,Developer,1/3/2024,2025-11-09,2024-03,features_attributes.csv
CUS_0xb481,Padraic Halpinm,26,214-50-8529,Engineer,1/3/2024,2025-11-09,2024-03,features_attributes.csv
CUS_0xb498,Elinorq,24,923-33-3914,Media_Manager,1/3/2024,2025-11-09,2024-03,features_attributes.csv
CUS_0xb4be,Carrick Mollenkampu,19,976-78-6014,Engineer,1/3/2024,2025-11-09,2024-03,features_attributes.csv
CUS_0xb513,Aloisig,38,544-88-4719,Scientist,1/3/2024,2025-11-09,2024-03,features_attributes.csv
CUS_0xb51d,Tetsushi Kajimotoq,37,129-24-9664,_______,1/3/2024,2025-11-09,2024-03,features_attributes.csv
CUS_0xb5a,Alexu,32,363-61-5055,Architect,1/3/2024,2025-11-09,2024-03,features_attributes.csv
CUS_0xb5bb,Campost,18,605-18-0222,Architect,1/3/2024,2025-11-09,2024-03,features_attributes.csv
CUS_0xb5da,Ransdellw,28,290-48-5830,Scientist,1/3/2024,2025-11-09,2024-03,features_attributes.csv
CUS_0xb60f,Sarah N.p,38,590-07-4139,Architect,1/3/2024,2025-11-09,2024-03,features_attributes.csv
CUS_0xb646,Dimmockr,27,565-33-6888,Developer,1/3/2024,2025-11-09,2024-03,features_attributes.csv
CUS_0xb66f,Lucia Mutikanip,21,886-59-6339,Doctor,1/3/2024,2025-11-09,2024-03,features_attributes.csv
CUS_0xb676,Chyen Yeeh,39_,117-46-6530,Accountant,1/3/2024,2025-11-09,2024-03,features_attributes.csv
CUS_0xb681,Sarahb,38,904-88-7361,Manager,1/3/2024,2025-11-09,2024-03,features_attributes.csv
CUS_0xb69a,Biondik,32,704-62-9013,Doctor,1/3/2024,2025-11-09,2024-03,features_attributes.csv
CUS_0xb6d0,Adegokej,28,883-18-0954,Mechanic,1/3/2024,2025-11-09,2024-03,features_attributes.csv
CUS_0xb6e7,Kevini,26,722-98-5151,Engineer,1/3/2024,2025-11-09,2024-03,features_attributes.csv
CUS_0xb794,Peter Lauriav,50,916-66-2598,Lawyer,1/3/2024,2025-11-09,2024-03,features_attributes.csv
CUS_0xb837,Caroline Valetkevitcho,23,670-65-6270,Journalist,1/3/2024,2025-11-09,2024-03,features_attributes.csv
CUS_0xb8c,Yeeq,24,146-11-7370,Writer,1/3/2024,2025-11-09,2024-03,features_attributes.csv
CUS_0xb8e5,Slaterm,14,940-35-3399,Teacher,1/3/2024,2025-11-09,2024-03,features_attributes.csv
CUS_0xb910,Eric Onstadv,38,173-92-4344,Musician,1/3/2024,2025-11-09,2024-03,features_attributes.csv
CUS_0xb92b,LaCapraq,24,501-27-2873,Doctor,1/3/2024,2025-11-09,2024-03,features_attributes.csv
CUS_0xb9ec,Anjuliq,25,972-15-6195,Developer,1/3/2024,2025-11-09,2024-03,features_attributes.csv
CUS_0xb9f,Olzhase,45,386-87-6151,Accountant,1/3/2024,2025-11-09,2024-03,features_attributes.csv
CUS_0xba06,Pauly,46,679-48-2124,Developer,1/3/2024,2025-11-09,2024-03,features_attributes.csv
CUS_0xba97,Nguiu,44,804-73-5989,Media_Manager,1/3/2024,2025-11-09,2024-03,features_attributes.csv
CUS_0xbb43,Victoria Bryanj,26_,051-05-4338,Engineer,1/3/2024,2025-11-09,2024-03,features_attributes.csv
CUS_0xbb88,Laderash,25,785-97-3899,Accountant,1/3/2024,2025-11-09,2024-03,features_attributes.csv
CUS_0xbc1c,Golubkovaf,36,144-47-3324,Media_Manager,1/3/2024,2025-11-09,2024-03,features_attributes.csv
CUS_0xbc38,David Jonesz,19,#F%$D@*&8,Writer,1/3/2024,2025-11-09,2024-03,features_attributes.csv
CUS_0xbd45,Martin Dokoupilv,32,355-81-4917,Mechanic,1/3/2024,2025-11-09,2024-03,features_attributes.csv
CUS_0xbd7c,Gellerr,33,154-57-2394,_______,1/3/2024,2025-11-09,2024-03,features_attributes.csv
CUS_0xbda9,Rickl,20,216-65-2934,Media_Manager,1/3/2024,2025-11-09,2024-03,features_attributes.csv
CUS_0xbdca,Yokof,35,096-92-4217,_______,1/3/2024,2025-11-09,2024-03,features_attributes.csv
CUS_0xbed8,Malonef,21,510-24-8765,Scientist,1/3/2024,2025-11-09,2024-03,features_attributes.csv
CUS_0xbee4,Edwardsr,39,832-11-8325,Writer,1/3/2024,2025-11-09,2024-03,features_attributes.csv
CUS_0xbf09,Patrickl,37,#F%$D@*&8,Media_Manager,1/3/2024,2025-11-09,2024-03,features_attributes.csv
CUS_0xbf53,Technology Correspondentd,39,905-14-5932,Teacher,1/3/2024,2025-11-09,2024-03,features_attributes.csv
CUS_0xbfdb,"\"Johnw",31,839-16-3066,Musician,1/3/2024,2025-11-09,2024-03,features_attributes.csv
CUS_0xc045,Sarahd,20,281-30-1712,Media_Manager,1/3/2024,2025-11-09,2024-03,features_attributes.csv
CUS_0xc163,Jason Langeg,19,552-86-7671,Media_Manager,1/3/2024,2025-11-09,2024-03,features_attributes.csv
CUS_0xc192,Lakmidasf,20,697-74-4378,Scientist,1/3/2024,2025-11-09,2024-03,features_attributes.csv
CUS_0xc1c,Oliviar,48,518-63-7829,Journalist,1/3/2024,2025-11-09,2024-03,features_attributes.csv
CUS_0xc1c6,Poornima Guptak,32,807-95-9558,Manager,1/3/2024,2025-11-09,2024-03,features_attributes.csv
CUS_0xc258,Navachs,25,921-61-1717,Teacher,1/3/2024,2025-11-09,2024-03,features_attributes.csv
CUS_0xc2c5,Leika Kiharal,42,563-08-0705,Mechanic,1/3/2024,2025-11-09,2024-03,features_attributes.csv
CUS_0xc37b,Thomaso,30,919-05-3349,_______,1/3/2024,2025-11-09,2024-03,features_attributes.csv
CUS_0xc39d,Busvineg,35,194-07-0591,Media_Manager,1/3/2024,2025-11-09,2024-03,features_attributes.csv
CUS_0xc4a7,Tarmoz,36,009-76-0533,Accountant,1/3/2024,2025-11-09,2024-03,features_attributes.csv
CUS_0xc4f4,Ransdellb,34,#F%$D@*&8,Musician,1/3/2024,2025-11-09,2024-03,features_attributes.csv
CUS_0xc586,Jennifera,35,921-75-7089,Teacher,1/3/2024,2025-11-09,2024-03,features_attributes.csv
CUS_0xc59e,Wahbat,25,#F%$D@*&8,Scientist,1/3/2024,2025-11-09,2024-03,features_attributes.csv
CUS_0xc6fa,Leongn,26,600-70-6095,Entrepreneur,1/3/2024,2025-11-09,2024-03,features_attributes.csv
CUS_0xc730,Jason Langev,24,076-13-6508,Journalist,1/3/2024,2025-11-09,2024-03,features_attributes.csv
CUS_0xce2,Lucy Hornbyv,20,590-83-1829,Musician,1/3/2024,2025-11-09,2024-03,features_attributes.csv
CUS_0xd05,Daniel Flynnu,45,600-02-1948,Musician,1/3/2024,2025-11-09,2024-03,features_attributes.csv
CUS_0xdd9,Stuart Grudgingss,53,107-35-7882,Musician,1/3/2024,2025-11-09,2024-03,features_attributes.csv
CUS_0xe09,Nivedita Bhattacharjeeh,23,172-37-8234,Journalist,1/3/2024,2025-11-09,2024-03,features_attributes.csv
CUS_0xe94,Nishanta,53,#F%$D@*&8,Musician,1/3/2024,2025-11-09,2024-03,features_attributes.csv
CUS_0xf84,Rachel Wolcotte,34,618-81-3518,Lawyer,1/3/2024,2025-11-09,2024-03,features_attributes.csv
CUS_0xffd,Damouniq,30,832-88-8320,Scientist,1/3/2024,2025-11-09,2024-03,features_attributes.csv
