Customer_ID,Name,Age,SSN,Occupation,snapshot_date,ingest_dt,snap_ym,source_file
CUS_0x107e,Lianaj,15,463-69-6790,Architect,1/11/2024,2025-11-09,2024-11,features_attributes.csv
CUS_0x10b3,Johnsona,48,293-45-3004,Mechanic,1/11/2024,2025-11-09,2024-11,features_attributes.csv
CUS_0x10df,Paritosh Bansalo,27,279-20-3097,Musician,1/11/2024,2025-11-09,2024-11,features_attributes.csv
CUS_0x10e7,Carewj,3843_,094-89-6380,_______,1/11/2024,2025-11-09,2024-11,features_attributes.csv
CUS_0x1144,Douwet,42,720-70-0565,Doctor,1/11/2024,2025-11-09,2024-11,features_attributes.csv
CUS_0x1152,Gellerv,29,330-02-2598,Accountant,1/11/2024,2025-11-09,2024-11,features_attributes.csv
CUS_0x11ae,Xiaoyi Shaou,22,032-97-5902,Architect,1/11/2024,2025-11-09,2024-11,features_attributes.csv
CUS_0x1231,James Reganc,39,780-20-7811,Journalist,1/11/2024,2025-11-09,2024-11,features_attributes.csv
CUS_0x126d,Brownj,36,047-21-1235,Architect,1/11/2024,2025-11-09,2024-11,features_attributes.csv
CUS_0x127d,McCoolg,43,829-08-2773,Doctor,1/11/2024,2025-11-09,2024-11,features_attributes.csv
CUS_0x1298,Melg,49,779-78-0153,Lawyer,1/11/2024,2025-11-09,2024-11,features_attributes.csv
CUS_0x12a4,Thomas Ferraroz,24,694-31-4893,Mechanic,1/11/2024,2025-11-09,2024-11,features_attributes.csv
CUS_0x138d,"ODonnell\"d",39,568-44-1961,Mechanic,1/11/2024,2025-11-09,2024-11,features_attributes.csv
CUS_0x13fb,Umeshc,22,995-80-1416,Doctor,1/11/2024,2025-11-09,2024-11,features_attributes.csv
CUS_0x1535,Reganv,22,600-38-3364,Musician,1/11/2024,2025-11-09,2024-11,features_attributes.csv
CUS_0x1551,Kyle Petersonm,28,210-96-9043,Entrepreneur,1/11/2024,2025-11-09,2024-11,features_attributes.csv
CUS_0x158e,Rodrigoo,34,208-03-8186,Writer,1/11/2024,2025-11-09,2024-11,features_attributes.csv
CUS_0x15a9,Petery,39,827-07-8942,Writer,1/11/2024,2025-11-09,2024-11,features_attributes.csv
CUS_0x174b,Mutikanic,30,942-42-9612,Writer,1/11/2024,2025-11-09,2024-11,features_attributes.csv
CUS_0x178d,Luciad,50,646-17-2843,Scientist,1/11/2024,2025-11-09,2024-11,features_attributes.csv
CUS_0x1799,Raymondk,47,069-90-4166,Mechanic,1/11/2024,2025-11-09,2024-11,features_attributes.csv
CUS_0x1835,Jeffrey Hellerw,18,013-26-5726,Doctor,1/11/2024,2025-11-09,2024-11,features_attributes.csv
CUS_0x1837,Kazunori Takadab,36,600-87-2067,Musician,1/11/2024,2025-11-09,2024-11,features_attributes.csv
CUS_0x1897,Hirschlers,34,173-54-8322,Manager,1/11/2024,2025-11-09,2024-11,features_attributes.csv
CUS_0x1929,Rickw,29,395-44-7800,Engineer,1/11/2024,2025-11-09,2024-11,features_attributes.csv
CUS_0x199b,Alister Bullf,42,445-42-3539,Architect,1/11/2024,2025-11-09,2024-11,features_attributes.csv
CUS_0x1a7b,Nathan Layneb,32,079-59-6325,Entrepreneur,1/11/2024,2025-11-09,2024-11,features_attributes.csv
CUS_0x1b1a,Michaeli,8669_,025-91-0217,Accountant,1/11/2024,2025-11-09,2024-11,features_attributes.csv
CUS_0x1b7e,Siddharth Cavalek,36,780-20-7356,Writer,1/11/2024,2025-11-09,2024-11,features_attributes.csv
CUS_0x1bac,Wolfo,1220,469-12-4672,_______,1/11/2024,2025-11-09,2024-11,features_attributes.csv
CUS_0x1c34,Kirstin Ridleyl,26,184-30-9439,Teacher,1/11/2024,2025-11-09,2024-11,features_attributes.csv
CUS_0x1ce1,Clarap,24,245-22-1682,Engineer,1/11/2024,2025-11-09,2024-11,features_attributes.csv
CUS_0x1dd9,ernard Vaughana,46_,634-25-7796,Architect,1/11/2024,2025-11-09,2024-11,features_attributes.csv
CUS_0x1df1,Barberm,31,#F%$D@*&8,Mechanic,1/11/2024,2025-11-09,2024-11,features_attributes.csv
CUS_0x1e45,Katyal,41,#F%$D@*&8,Manager,1/11/2024,2025-11-09,2024-11,features_attributes.csv
CUS_0x1f2e,Stefano Bernabeiq,26,049-84-5378,Entrepreneur,1/11/2024,2025-11-09,2024-11,features_attributes.csv
CUS_0x1fcd,Denny Thomasr,23,372-32-6203,Architect,1/11/2024,2025-11-09,2024-11,features_attributes.csv
CUS_0x2058,Alexeif,-500,964-56-1036,Journalist,1/11/2024,2025-11-09,2024-11,features_attributes.csv
CUS_0x205a,Lawrencej,20,344-24-4622,Lawyer,1/11/2024,2025-11-09,2024-11,features_attributes.csv
CUS_0x20d0,Tovay,20,232-22-8119,Musician,1/11/2024,2025-11-09,2024-11,features_attributes.csv
CUS_0x20e0,Anjuliy,34,079-99-9062,Media_Manager,1/11/2024,2025-11-09,2024-11,features_attributes.csv
CUS_0x217f,Skariachanf,36,666-11-6933,Mechanic,1/11/2024,2025-11-09,2024-11,features_attributes.csv
CUS_0x21a3,Simon Jessoph,33,185-07-6882,Journalist,1/11/2024,2025-11-09,2024-11,features_attributes.csv
CUS_0x223c,Leah Schnurri,26,698-89-5488,Writer,1/11/2024,2025-11-09,2024-11,features_attributes.csv
CUS_0x228d,Sarah N.l,35,848-58-5437,Musician,1/11/2024,2025-11-09,2024-11,features_attributes.csv
CUS_0x22c4,Paritoshq,27,153-92-8711,Media_Manager,1/11/2024,2025-11-09,2024-11,features_attributes.csv
CUS_0x232b,Marshk,26,516-71-4457,Entrepreneur,1/11/2024,2025-11-09,2024-11,features_attributes.csv
CUS_0x2366,Doris Frankelj,39,978-77-9217,Mechanic,1/11/2024,2025-11-09,2024-11,features_attributes.csv
CUS_0x23e9,Robinc,18,018-11-9472,_______,1/11/2024,2025-11-09,2024-11,features_attributes.csv
CUS_0x245e,Arshadh,44,480-30-7979,Musician,1/11/2024,2025-11-09,2024-11,features_attributes.csv
CUS_0x2551,Silvia Aloisig,47,#F%$D@*&8,_______,1/11/2024,2025-11-09,2024-11,features_attributes.csv
CUS_0x2593,Stempelp,28,049-48-0823,Media_Manager,1/11/2024,2025-11-09,2024-11,features_attributes.csv
CUS_0x25f5,Christian Plumba,15,357-54-0484,Mechanic,1/11/2024,2025-11-09,2024-11,features_attributes.csv
CUS_0x2696,Poornima Guptag,40,425-82-7919,Manager,1/11/2024,2025-11-09,2024-11,features_attributes.csv
CUS_0x26b1,Wanfenga,42,071-50-1701,Architect,1/11/2024,2025-11-09,2024-11,features_attributes.csv
CUS_0x2709,Bullj,37,221-76-9774,Engineer,1/11/2024,2025-11-09,2024-11,features_attributes.csv
CUS_0x27b9,Ryan Vlastelicae,18,763-32-6416,Teacher,1/11/2024,2025-11-09,2024-11,features_attributes.csv
CUS_0x2854,Koranyih,29,601-95-3536,Lawyer,1/11/2024,2025-11-09,2024-11,features_attributes.csv
CUS_0x2877,McLeodc,31,922-07-2675,_______,1/11/2024,2025-11-09,2024-11,features_attributes.csv
CUS_0x28b3,Victoria Howleys,27,876-26-4039,Mechanic,1/11/2024,2025-11-09,2024-11,features_attributes.csv
CUS_0x28e1,Jeffrey Jonesr,23,676-90-6132,Media_Manager,1/11/2024,2025-11-09,2024-11,features_attributes.csv
CUS_0x29a3,Taylorl,40,943-64-5028,Accountant,1/11/2024,2025-11-09,2024-11,features_attributes.csv
CUS_0x29ae,Karolina Tagarisb,42,899-22-2246,Mechanic,1/11/2024,2025-11-09,2024-11,features_attributes.csv
CUS_0x2a5d,Carolinem,16,161-17-6771,Musician,1/11/2024,2025-11-09,2024-11,features_attributes.csv
CUS_0x2a67,Luca Trognis,44,579-50-1181,Doctor,1/11/2024,2025-11-09,2024-11,features_attributes.csv
CUS_0x2b54,Malonex,25,218-51-2773,Mechanic,1/11/2024,2025-11-09,2024-11,features_attributes.csv
CUS_0x2bb0,Douglas Busvinep,49,881-91-3553,Mechanic,1/11/2024,2025-11-09,2024-11,features_attributes.csv
CUS_0x2bb2,Andreas Rinkea,31,488-59-9418,Musician,1/11/2024,2025-11-09,2024-11,features_attributes.csv
CUS_0x2c74,Valetkevitchz,33,804-50-3463,Scientist,1/11/2024,2025-11-09,2024-11,features_attributes.csv
CUS_0x2ce6,Masond,30,140-24-8696,Mechanic,1/11/2024,2025-11-09,2024-11,features_attributes.csv
CUS_0x2d16,Andreaj,37,502-57-9756,Media_Manager,1/11/2024,2025-11-09,2024-11,features_attributes.csv
CUS_0x2d94,Scheyderj,48,525-03-2473,Journalist,1/11/2024,2025-11-09,2024-11,features_attributes.csv
CUS_0x2da2,Foo Yunp,46,029-33-0758,Architect,1/11/2024,2025-11-09,2024-11,features_attributes.csv
CUS_0x2ddc,Sarahd,43_,831-46-3722,_______,1/11/2024,2025-11-09,2024-11,features_attributes.csv
CUS_0x2dec,Harich and,22,043-92-0360,Accountant,1/11/2024,2025-11-09,2024-11,features_attributes.csv
CUS_0x2e0e,Zao,49,215-57-4977,Mechanic,1/11/2024,2025-11-09,2024-11,features_attributes.csv
CUS_0x2e31,Kevin Limp,23,377-14-3303,Scientist,1/11/2024,2025-11-09,2024-11,features_attributes.csv
CUS_0x2e53,Antonellaz,29,598-59-0908,Accountant,1/11/2024,2025-11-09,2024-11,features_attributes.csv
CUS_0x2e98,Nicholas Vinocurl,45,818-27-8113,_______,1/11/2024,2025-11-09,2024-11,features_attributes.csv
CUS_0x2eb0,Jan Strupczewskif,44,376-24-1944,Entrepreneur,1/11/2024,2025-11-09,2024-11,features_attributes.csv
CUS_0x2eb7,Danielj,17,292-20-5574,Doctor,1/11/2024,2025-11-09,2024-11,features_attributes.csv
CUS_0x2f53,Ann Saphirv,39,772-95-6980,_______,1/11/2024,2025-11-09,2024-11,features_attributes.csv
CUS_0x2f9d,Angela Moone,5422,049-42-3355,Manager,1/11/2024,2025-11-09,2024-11,features_attributes.csv
CUS_0x30ab,Leika Kiharal,41,#F%$D@*&8,Media_Manager,1/11/2024,2025-11-09,2024-11,features_attributes.csv
CUS_0x30db,ewichm,44,247-06-9289,Journalist,1/11/2024,2025-11-09,2024-11,features_attributes.csv
CUS_0x3121,Angela Moonq,36,709-67-5219,Entrepreneur,1/11/2024,2025-11-09,2024-11,features_attributes.csv
CUS_0x32ac,Christian Plumbl,36,796-99-2464,Engineer,1/11/2024,2025-11-09,2024-11,features_attributes.csv
CUS_0x32ad,Ann Saphird,46,426-46-4223,Teacher,1/11/2024,2025-11-09,2024-11,features_attributes.csv
CUS_0x345b,Jessical,41,118-30-0727,Musician,1/11/2024,2025-11-09,2024-11,features_attributes.csv
CUS_0x34aa,Lianae,26,955-87-4801,Journalist,1/11/2024,2025-11-09,2024-11,features_attributes.csv
CUS_0x351d,Cheex,41_,474-20-5541,Musician,1/11/2024,2025-11-09,2024-11,features_attributes.csv
CUS_0x3528,renton Cordeirob,55,505-50-0364,Journalist,1/11/2024,2025-11-09,2024-11,features_attributes.csv
CUS_0x352b,Andrea Hopkinsu,45,190-64-8072,Doctor,1/11/2024,2025-11-09,2024-11,features_attributes.csv
CUS_0x3537,Huwx,30,850-97-8308,Developer,1/11/2024,2025-11-09,2024-11,features_attributes.csv
CUS_0x35ba,Camposj,34,458-07-0171,Engineer,1/11/2024,2025-11-09,2024-11,features_attributes.csv
CUS_0x373e,Valetkevitchv,20,082-32-0540,Entrepreneur,1/11/2024,2025-11-09,2024-11,features_attributes.csv
CUS_0x379f,Brianl,55,#F%$D@*&8,Accountant,1/11/2024,2025-11-09,2024-11,features_attributes.csv
CUS_0x37c4,Stephen Aldreds,44,036-85-4393,Teacher,1/11/2024,2025-11-09,2024-11,features_attributes.csv
CUS_0x37c9,Laurenz,38,861-27-2816,Developer,1/11/2024,2025-11-09,2024-11,features_attributes.csv
CUS_0x383c,Jamesk,56,329-16-0543,Teacher,1/11/2024,2025-11-09,2024-11,features_attributes.csv
CUS_0x386b,"\"John ODonnell\"a",36,008-61-0141,Developer,1/11/2024,2025-11-09,2024-11,features_attributes.csv
CUS_0x38dc,radenp,44,#F%$D@*&8,Mechanic,1/11/2024,2025-11-09,2024-11,features_attributes.csv
CUS_0x38e3,Bosleyx,35,289-42-3489,_______,1/11/2024,2025-11-09,2024-11,features_attributes.csv
CUS_0x38f3,Foo Yund,16,110-21-0161,Mechanic,1/11/2024,2025-11-09,2024-11,features_attributes.csv
CUS_0x3998,Steve Slaterd,43_,066-70-0045,Journalist,1/11/2024,2025-11-09,2024-11,features_attributes.csv
CUS_0x39ae,Rudegeairu,45,267-92-4521,Developer,1/11/2024,2025-11-09,2024-11,features_attributes.csv
CUS_0x3a50,Jennifera,36,961-89-2245,Entrepreneur,1/11/2024,2025-11-09,2024-11,features_attributes.csv
CUS_0x3b06,Lucia Mutikanip,45,455-63-7887,Architect,1/11/2024,2025-11-09,2024-11,features_attributes.csv
CUS_0x3b21,Alex rah,35,435-98-9435,Entrepreneur,1/11/2024,2025-11-09,2024-11,features_attributes.csv
CUS_0x3b4f,Aditir,26,090-15-8892,Manager,1/11/2024,2025-11-09,2024-11,features_attributes.csv
CUS_0x3b88,Mikex,40,944-94-9536,Scientist,1/11/2024,2025-11-09,2024-11,features_attributes.csv
CUS_0x3b9e,Damounis,41,887-13-6197,Journalist,1/11/2024,2025-11-09,2024-11,features_attributes.csv
CUS_0x3bb6,Baranij,39_,763-62-0069,Media_Manager,1/11/2024,2025-11-09,2024-11,features_attributes.csv
CUS_0x3c8b,Gellerb,26,473-81-1618,Journalist,1/11/2024,2025-11-09,2024-11,features_attributes.csv
CUS_0x3df4,Chang-Ran Kimi,-500,171-01-9686,Lawyer,1/11/2024,2025-11-09,2024-11,features_attributes.csv
CUS_0x3e2c,Matthew Goldsteins,33,518-50-0395,Architect,1/11/2024,2025-11-09,2024-11,features_attributes.csv
CUS_0x3e35,Rachelle Younglaik,45,031-13-0139,Scientist,1/11/2024,2025-11-09,2024-11,features_attributes.csv
CUS_0x3e5a,Leskez,28,796-89-8278,Doctor,1/11/2024,2025-11-09,2024-11,features_attributes.csv
CUS_0x3e76,Tom Polanseku,56,815-17-8622,Engineer,1/11/2024,2025-11-09,2024-11,features_attributes.csv
CUS_0x3f31,Rigbym,42,208-56-2917,Developer,1/11/2024,2025-11-09,2024-11,features_attributes.csv
CUS_0x3ff4,Palmerc,36,#F%$D@*&8,Scientist,1/11/2024,2025-11-09,2024-11,features_attributes.csv
CUS_0x4044,Vlastelicaz,39,#F%$D@*&8,Engineer,1/11/2024,2025-11-09,2024-11,features_attributes.csv
CUS_0x40e8,ewicho,41,#F%$D@*&8,Lawyer,1/11/2024,2025-11-09,2024-11,features_attributes.csv
CUS_0x40fa,Schnurrc,21,515-07-4649,Manager,1/11/2024,2025-11-09,2024-11,features_attributes.csv
CUS_0x412a,Joshua Schneyers,47,985-27-4444,Accountant,1/11/2024,2025-11-09,2024-11,features_attributes.csv
CUS_0x415b,Xiaoyi Shaon,44,857-19-8693,Doctor,1/11/2024,2025-11-09,2024-11,features_attributes.csv
CUS_0x4170,Martinne Gellerp,34,719-74-9244,Writer,1/11/2024,2025-11-09,2024-11,features_attributes.csv
CUS_0x41a1,Langez,43,030-95-2286,Teacher,1/11/2024,2025-11-09,2024-11,features_attributes.csv
CUS_0x41e7,Sveak,34,670-93-4185,Architect,1/11/2024,2025-11-09,2024-11,features_attributes.csv
CUS_0x4228,Sara Webbi,56,208-45-5775,Journalist,1/11/2024,2025-11-09,2024-11,features_attributes.csv
CUS_0x4229,McAllisterq,46,588-79-8277,Architect,1/11/2024,2025-11-09,2024-11,features_attributes.csv
CUS_0x4238,Chrisv,25,531-95-3608,Mechanic,1/11/2024,2025-11-09,2024-11,features_attributes.csv
CUS_0x4349,Frankf,34,124-74-1413,Manager,1/11/2024,2025-11-09,2024-11,features_attributes.csv
CUS_0x438b,Kaori Kanekof,20,240-13-3223,Media_Manager,1/11/2024,2025-11-09,2024-11,features_attributes.csv
CUS_0x4394,Lez,27,562-18-2327,Scientist,1/11/2024,2025-11-09,2024-11,features_attributes.csv
CUS_0x43e9,Rickh,23,585-43-2988,Writer,1/11/2024,2025-11-09,2024-11,features_attributes.csv
CUS_0x444c,James Reganj,26,804-29-1831,Developer,1/11/2024,2025-11-09,2024-11,features_attributes.csv
CUS_0x4562,Georgec,32,008-06-4996,Doctor,1/11/2024,2025-11-09,2024-11,features_attributes.csv
CUS_0x4605,Graceg,26,592-19-3205,Media_Manager,1/11/2024,2025-11-09,2024-11,features_attributes.csv
CUS_0x4630,Jennifere,43,654-75-2504,Scientist,1/11/2024,2025-11-09,2024-11,features_attributes.csv
CUS_0x46b1,Huett,29_,364-59-7993,Mechanic,1/11/2024,2025-11-09,2024-11,features_attributes.csv
CUS_0x479,Mark Shades,29,854-62-5244,Mechanic,1/11/2024,2025-11-09,2024-11,features_attributes.csv
CUS_0x4797,Lawrence Whitet,51,278-73-1001,Media_Manager,1/11/2024,2025-11-09,2024-11,features_attributes.csv
CUS_0x47b,Emilyn,23,258-71-7950,Scientist,1/11/2024,2025-11-09,2024-11,features_attributes.csv
CUS_0x489d,Norihiko Shirouzuz,28,145-04-2105,_______,1/11/2024,2025-11-09,2024-11,features_attributes.csv
CUS_0x48dd,Jonathanj,20,202-26-2578,Accountant,1/11/2024,2025-11-09,2024-11,features_attributes.csv
CUS_0x4963,Olivial,52,358-31-1093,Accountant,1/11/2024,2025-11-09,2024-11,features_attributes.csv
CUS_0x49a1,Ly,22,052-33-2826,Architect,1/11/2024,2025-11-09,2024-11,features_attributes.csv
CUS_0x4a6,Oliviaj,24,879-08-8721,Entrepreneur,1/11/2024,2025-11-09,2024-11,features_attributes.csv
CUS_0x4b8,Danielp,32,587-15-5826,Accountant,1/11/2024,2025-11-09,2024-11,features_attributes.csv
CUS_0x4be,Poornima Guptai,33,#F%$D@*&8,Engineer,1/11/2024,2025-11-09,2024-11,features_attributes.csv
CUS_0x4c09,Edward Taylorh,33,271-16-7396,Mechanic,1/11/2024,2025-11-09,2024-11,features_attributes.csv
CUS_0x4c77,Tim Gaynorq,33,#F%$D@*&8,Doctor,1/11/2024,2025-11-09,2024-11,features_attributes.csv
CUS_0x4cef,Badawys,36,833-84-7188,Media_Manager,1/11/2024,2025-11-09,2024-11,features_attributes.csv
CUS_0x4de0,Smithm,48,939-14-1314,Doctor,1/11/2024,2025-11-09,2024-11,features_attributes.csv
CUS_0x4deb,illz,46,036-54-9362,Musician,1/11/2024,2025-11-09,2024-11,features_attributes.csv
CUS_0x4e4a,Piersonq,49,208-35-6167,Writer,1/11/2024,2025-11-09,2024-11,features_attributes.csv
CUS_0x4e7a,Rodrigo Camposi,47,519-19-0998,Developer,1/11/2024,2025-11-09,2024-11,features_attributes.csv
CUS_0x4ed5,Jadhav Swatip,22,643-76-6748,Doctor,1/11/2024,2025-11-09,2024-11,features_attributes.csv
CUS_0x4ee6,Jana Mlcochovaa,41,663-89-8509,Engineer,1/11/2024,2025-11-09,2024-11,features_attributes.csv
CUS_0x4f2a,Margaretf,40,807-03-5415,Engineer,1/11/2024,2025-11-09,2024-11,features_attributes.csv
CUS_0x4feb,Skariachanc,31_,921-30-7278,Journalist,1/11/2024,2025-11-09,2024-11,features_attributes.csv
CUS_0x504f,Guptap,31,235-75-1663,_______,1/11/2024,2025-11-09,2024-11,features_attributes.csv
CUS_0x5105,Forgionex,51,834-61-1097,Mechanic,1/11/2024,2025-11-09,2024-11,features_attributes.csv
CUS_0x51b,Dixonb,23,551-15-6622,Media_Manager,1/11/2024,2025-11-09,2024-11,features_attributes.csv
CUS_0x5217,Andrew Longstrethm,-500,100-50-1817,Lawyer,1/11/2024,2025-11-09,2024-11,features_attributes.csv
CUS_0x523c,Schnurrr,15,739-81-2314,Lawyer,1/11/2024,2025-11-09,2024-11,features_attributes.csv
CUS_0x523e,Chyenq,44,329-75-7434,Manager,1/11/2024,2025-11-09,2024-11,features_attributes.csv
CUS_0x52c8,Peterz,42,691-39-2873,Architect,1/11/2024,2025-11-09,2024-11,features_attributes.csv
CUS_0x52cf,Robin Emmotti,29,444-79-5421,_______,1/11/2024,2025-11-09,2024-11,features_attributes.csv
CUS_0x52d3,en Hirschlerv,6408_,439-31-4578,Manager,1/11/2024,2025-11-09,2024-11,features_attributes.csv
CUS_0x5371,Brownn,25,126-15-9021,Entrepreneur,1/11/2024,2025-11-09,2024-11,features_attributes.csv
CUS_0x5387,Rucinskin,25,158-97-6900,Scientist,1/11/2024,2025-11-09,2024-11,features_attributes.csv
CUS_0x53cb,Samf,33,054-73-6887,Teacher,1/11/2024,2025-11-09,2024-11,features_attributes.csv
CUS_0x542f,Carolei,49,904-67-1928,Lawyer,1/11/2024,2025-11-09,2024-11,features_attributes.csv
CUS_0x5430,Andy Bruceq,46,195-78-8098,Developer,1/11/2024,2025-11-09,2024-11,features_attributes.csv
CUS_0x548b,Andy Bruces,44,542-92-9333,_______,1/11/2024,2025-11-09,2024-11,features_attributes.csv
CUS_0x54b7,Stanleyx,39,403-79-7249,Mechanic,1/11/2024,2025-11-09,2024-11,features_attributes.csv
CUS_0x5558,Annp,42,173-57-0735,Architect,1/11/2024,2025-11-09,2024-11,features_attributes.csv
CUS_0x55de,Laurence Fletchere,45,517-17-5278,Entrepreneur,1/11/2024,2025-11-09,2024-11,features_attributes.csv
CUS_0x5624,Zeidlerq,36,006-46-7211,Developer,1/11/2024,2025-11-09,2024-11,features_attributes.csv
CUS_0x566d,Armstrongl,26,859-86-6339,Manager,1/11/2024,2025-11-09,2024-11,features_attributes.csv
CUS_0x5684,Gregt,33,409-97-1713,Engineer,1/11/2024,2025-11-09,2024-11,features_attributes.csv
CUS_0x56e7,Hetzners,15,476-63-4984,Lawyer,1/11/2024,2025-11-09,2024-11,features_attributes.csv
CUS_0x5715,Wilkesr,37_,771-76-3424,Lawyer,1/11/2024,2025-11-09,2024-11,features_attributes.csv
CUS_0x58d6,Lauren Tarav,26,941-89-5500,Mechanic,1/11/2024,2025-11-09,2024-11,features_attributes.csv
CUS_0x58ec,Dhanya Skariachane,21,166-30-1674,Teacher,1/11/2024,2025-11-09,2024-11,features_attributes.csv
CUS_0x58ed,Moony,35,384-92-1465,Doctor,1/11/2024,2025-11-09,2024-11,features_attributes.csv
CUS_0x592a,Ethan Bilbyi,28,800-89-3447,Doctor,1/11/2024,2025-11-09,2024-11,features_attributes.csv
CUS_0x5983,Ashley Laut,30,132-99-5339,Writer,1/11/2024,2025-11-09,2024-11,features_attributes.csv
CUS_0x59ba,LaCapral,55_,242-77-0513,Journalist,1/11/2024,2025-11-09,2024-11,features_attributes.csv
CUS_0x59d,Dave Clarkev,53,194-98-0440,Musician,1/11/2024,2025-11-09,2024-11,features_attributes.csv
CUS_0x5a1e,Caroline Valetkevitcho,5568,692-48-2658,Writer,1/11/2024,2025-11-09,2024-11,features_attributes.csv
CUS_0x5a26,Shaimaa Fayedk,20,460-90-9091,Musician,1/11/2024,2025-11-09,2024-11,features_attributes.csv
CUS_0x5ac6,McBrideh,43_,825-86-1844,Media_Manager,1/11/2024,2025-11-09,2024-11,features_attributes.csv
CUS_0x5b02,Aaronl,50,972-58-1211,Architect,1/11/2024,2025-11-09,2024-11,features_attributes.csv
CUS_0x5b2,Huffstutterl,40,402-39-2991,Doctor,1/11/2024,2025-11-09,2024-11,features_attributes.csv
CUS_0x5bad,Steve Slatero,50_,358-46-9187,Lawyer,1/11/2024,2025-11-09,2024-11,features_attributes.csv
CUS_0x5cd2,Angela Moont,26,130-39-6294,Doctor,1/11/2024,2025-11-09,2024-11,features_attributes.csv
CUS_0x5da2,Douwe Miedemaw,30,977-34-2256,Lawyer,1/11/2024,2025-11-09,2024-11,features_attributes.csv
CUS_0x5dec,Stm,29,538-14-7795,Accountant,1/11/2024,2025-11-09,2024-11,features_attributes.csv
CUS_0x5e3c,Thomas Escrittp,34,150-04-0811,_______,1/11/2024,2025-11-09,2024-11,features_attributes.csv
CUS_0x5e59,Marcx,14,607-24-1113,_______,1/11/2024,2025-11-09,2024-11,features_attributes.csv
CUS_0x5e6b,Frank Jackz,46,278-23-1336,Scientist,1/11/2024,2025-11-09,2024-11,features_attributes.csv
CUS_0x5e7a,Taylork,30,671-32-4609,Teacher,1/11/2024,2025-11-09,2024-11,features_attributes.csv
CUS_0x5f66,Massimilianox,28,186-12-4082,_______,1/11/2024,2025-11-09,2024-11,features_attributes.csv
CUS_0x6065,Cremerp,36,332-11-5896,Accountant,1/11/2024,2025-11-09,2024-11,features_attributes.csv
CUS_0x61b7,Davidc,14,319-69-5178,Manager,1/11/2024,2025-11-09,2024-11,features_attributes.csv
CUS_0x61f5,Bryank,26,375-63-3940,Entrepreneur,1/11/2024,2025-11-09,2024-11,features_attributes.csv
CUS_0x6237,Suzanner,42,527-37-8444,Musician,1/11/2024,2025-11-09,2024-11,features_attributes.csv
CUS_0x6257,Katharinak,52,#F%$D@*&8,Accountant,1/11/2024,2025-11-09,2024-11,features_attributes.csv
CUS_0x6263,Nicko,34,175-86-9492,Media_Manager,1/11/2024,2025-11-09,2024-11,features_attributes.csv
CUS_0x62d7,Yunw,25,986-07-4110,Engineer,1/11/2024,2025-11-09,2024-11,features_attributes.csv
CUS_0x62f0,Andream,44,183-01-9526,Teacher,1/11/2024,2025-11-09,2024-11,features_attributes.csv
CUS_0x6312,Selyukhy,35,524-43-3739,Media_Manager,1/11/2024,2025-11-09,2024-11,features_attributes.csv
CUS_0x631e,Nivedita Bhattacharjeed,16,838-51-8043,Lawyer,1/11/2024,2025-11-09,2024-11,features_attributes.csv
CUS_0x632e,Garima Goelo,53_,608-49-5090,Architect,1/11/2024,2025-11-09,2024-11,features_attributes.csv
CUS_0x6333,Evab,45,550-07-6163,Musician,1/11/2024,2025-11-09,2024-11,features_attributes.csv
CUS_0x640f,Victoria Howleye,30,413-49-0176,Musician,1/11/2024,2025-11-09,2024-11,features_attributes.csv
CUS_0x6449,Erik Kirschbaumc,39,322-90-7216,Lawyer,1/11/2024,2025-11-09,2024-11,features_attributes.csv
CUS_0x64b,Piersond,44,553-83-5204,Accountant,1/11/2024,2025-11-09,2024-11,features_attributes.csv
CUS_0x64b4,Georgew,4881,553-99-2677,Doctor,1/11/2024,2025-11-09,2024-11,features_attributes.csv
CUS_0x6534,Silvia Aloisit,14,#F%$D@*&8,Scientist,1/11/2024,2025-11-09,2024-11,features_attributes.csv
CUS_0x65eb,Duartef,38,095-98-7132,Journalist,1/11/2024,2025-11-09,2024-11,features_attributes.csv
CUS_0x660c,Herbertd,20,256-36-1361,Engineer,1/11/2024,2025-11-09,2024-11,features_attributes.csv
CUS_0x67f0,Schnurrw,16,257-49-6669,Engineer,1/11/2024,2025-11-09,2024-11,features_attributes.csv
CUS_0x67fd,Herberth,24,994-43-3758,_______,1/11/2024,2025-11-09,2024-11,features_attributes.csv
CUS_0x6870,Adveithp,19,612-68-0152,Doctor,1/11/2024,2025-11-09,2024-11,features_attributes.csv
CUS_0x697,Steve Slaterh,18,682-66-2760,Musician,1/11/2024,2025-11-09,2024-11,features_attributes.csv
CUS_0x6980,env,24_,985-56-8311,Doctor,1/11/2024,2025-11-09,2024-11,features_attributes.csv
CUS_0x69a2,Matt Scuffhamd,25,445-37-3242,Scientist,1/11/2024,2025-11-09,2024-11,features_attributes.csv
CUS_0x6a79,Dena Aubinx,23,#F%$D@*&8,Lawyer,1/11/2024,2025-11-09,2024-11,features_attributes.csv
CUS_0x6acd,Carolinet,17,438-43-4986,Accountant,1/11/2024,2025-11-09,2024-11,features_attributes.csv
CUS_0x6b1c,Annika Breidthardtp,37,806-07-5871,Entrepreneur,1/11/2024,2025-11-09,2024-11,features_attributes.csv
CUS_0x6b6e,Gregq,39_,055-52-3236,Scientist,1/11/2024,2025-11-09,2024-11,features_attributes.csv
CUS_0x6c45,Palmera,41,788-26-3109,Architect,1/11/2024,2025-11-09,2024-11,features_attributes.csv
CUS_0x6cb9,Skariachanv,54,054-55-2967,Scientist,1/11/2024,2025-11-09,2024-11,features_attributes.csv
CUS_0x6d30,Paul Ingrassiab,28,714-02-2788,Lawyer,1/11/2024,2025-11-09,2024-11,features_attributes.csv
CUS_0x6d40,Fentonb,46,696-39-6251,Entrepreneur,1/11/2024,2025-11-09,2024-11,features_attributes.csv
CUS_0x6dde,David Henryo,22,424-80-0379,Journalist,1/11/2024,2025-11-09,2024-11,features_attributes.csv
CUS_0x6df3,Joyce Leeu,29,466-03-4446,Engineer,1/11/2024,2025-11-09,2024-11,features_attributes.csv
CUS_0x6e8d,Sinead Cruises,6786,220-96-8558,Manager,1/11/2024,2025-11-09,2024-11,features_attributes.csv
CUS_0x6ea0,Jeremy Pelofskyy,18,966-14-9295,Lawyer,1/11/2024,2025-11-09,2024-11,features_attributes.csv
CUS_0x6ebe,Jessica Wohlr,51,953-94-4394,Teacher,1/11/2024,2025-11-09,2024-11,features_attributes.csv
CUS_0x6ec7,Wilkess,41,166-55-7075,Scientist,1/11/2024,2025-11-09,2024-11,features_attributes.csv
CUS_0x6eca,Daniel Basesq,44,229-06-8015,Engineer,1/11/2024,2025-11-09,2024-11,features_attributes.csv
CUS_0x6f00,Anuragb,47,794-90-5630,Mechanic,1/11/2024,2025-11-09,2024-11,features_attributes.csv
CUS_0x6f2,Caroline Valetkevitchj,40,189-20-3120,Lawyer,1/11/2024,2025-11-09,2024-11,features_attributes.csv
CUS_0x6f31,Ryand,42,970-95-8076,Entrepreneur,1/11/2024,2025-11-09,2024-11,features_attributes.csv
CUS_0x6fa1,Casey Sullivanr,42,144-60-9780,Teacher,1/11/2024,2025-11-09,2024-11,features_attributes.csv
CUS_0x6fe2,Schnurra,26,164-17-6558,Accountant,1/11/2024,2025-11-09,2024-11,features_attributes.csv
CUS_0x704,Kumarw,42,370-72-5659,Manager,1/11/2024,2025-11-09,2024-11,features_attributes.csv
CUS_0x70a0,Kevinc,46,689-54-9230,Mechanic,1/11/2024,2025-11-09,2024-11,features_attributes.csv
CUS_0x7136,MacInnisg,29,489-21-5418,Journalist,1/11/2024,2025-11-09,2024-11,features_attributes.csv
CUS_0x71b6,Saraho,27,916-03-3027,Architect,1/11/2024,2025-11-09,2024-11,features_attributes.csv
CUS_0x7210,Lisa Baertleind,23,827-85-4562,Architect,1/11/2024,2025-11-09,2024-11,features_attributes.csv
CUS_0x72b4,Johnsona,19,001-64-0430,Accountant,1/11/2024,2025-11-09,2024-11,features_attributes.csv
CUS_0x72f9,Rz,46,868-83-8678,Teacher,1/11/2024,2025-11-09,2024-11,features_attributes.csv
CUS_0x72fb,Natej,45,922-41-1153,Musician,1/11/2024,2025-11-09,2024-11,features_attributes.csv
CUS_0x73e8,Beckfordq,39,124-68-9447,Writer,1/11/2024,2025-11-09,2024-11,features_attributes.csv
CUS_0x746e,Drivert,54,551-33-8461,Scientist,1/11/2024,2025-11-09,2024-11,features_attributes.csv
CUS_0x74b2,Michelea,42,145-70-3714,Scientist,1/11/2024,2025-11-09,2024-11,features_attributes.csv
CUS_0x7504,Laup,19,389-89-4542,Lawyer,1/11/2024,2025-11-09,2024-11,features_attributes.csv
CUS_0x7545,Jedi,39,423-96-9115,Accountant,1/11/2024,2025-11-09,2024-11,features_attributes.csv
CUS_0x75a4,Bullp,22,653-40-4847,Musician,1/11/2024,2025-11-09,2024-11,features_attributes.csv
CUS_0x75c4,Pete Sweeneyi,36,487-66-3786,Entrepreneur,1/11/2024,2025-11-09,2024-11,features_attributes.csv
CUS_0x75ff,Jan Schwartzx,43,817-58-4886,Doctor,1/11/2024,2025-11-09,2024-11,features_attributes.csv
CUS_0x7666,Dolano,54,922-59-5950,Entrepreneur,1/11/2024,2025-11-09,2024-11,features_attributes.csv
CUS_0x7740,Yunf,39,945-15-9683,Architect,1/11/2024,2025-11-09,2024-11,features_attributes.csv
CUS_0x779,Amyn,30,886-94-8971,Musician,1/11/2024,2025-11-09,2024-11,features_attributes.csv
CUS_0x77b3,Cheeo,15,083-43-3671,_______,1/11/2024,2025-11-09,2024-11,features_attributes.csv
CUS_0x7840,Kirstin Ridleyx,40,173-84-2649,Teacher,1/11/2024,2025-11-09,2024-11,features_attributes.csv
CUS_0x7871,Sam Forgionep,39_,527-03-8325,Developer,1/11/2024,2025-11-09,2024-11,features_attributes.csv
CUS_0x78f3,raz,37,077-35-4768,Accountant,1/11/2024,2025-11-09,2024-11,features_attributes.csv
CUS_0x790a,Peteri,36,115-90-2610,Writer,1/11/2024,2025-11-09,2024-11,features_attributes.csv
CUS_0x79ca,Fraendeb,41,918-26-9767,Journalist,1/11/2024,2025-11-09,2024-11,features_attributes.csv
CUS_0x7a51,George Georgiopoulosd,5471,098-81-6499,Writer,1/11/2024,2025-11-09,2024-11,features_attributes.csv
CUS_0x7b79,Robert Hetzg,49,355-01-4043,Lawyer,1/11/2024,2025-11-09,2024-11,features_attributes.csv
CUS_0x7b7a,Mordantt,20_,930-29-4314,Musician,1/11/2024,2025-11-09,2024-11,features_attributes.csv
CUS_0x7be2,Andrei Khalipi,44,880-25-9026,Journalist,1/11/2024,2025-11-09,2024-11,features_attributes.csv
CUS_0x7cae,Orhan Coskunk,37,427-66-0468,_______,1/11/2024,2025-11-09,2024-11,features_attributes.csv
CUS_0x7cfa,Costa Jeffa,15,311-68-4022,Accountant,1/11/2024,2025-11-09,2024-11,features_attributes.csv
CUS_0x7d1f,Alison Griswoldz,50,476-03-7849,Accountant,1/11/2024,2025-11-09,2024-11,features_attributes.csv
CUS_0x7da4,Douweg,43,033-63-5379,Journalist,1/11/2024,2025-11-09,2024-11,features_attributes.csv
CUS_0x7e1a,Osamu Tsukimoriy,41,154-74-2451,Accountant,1/11/2024,2025-11-09,2024-11,features_attributes.csv
CUS_0x7e2a,Maxwell Sonalie,39,425-94-8273,Writer,1/11/2024,2025-11-09,2024-11,features_attributes.csv
CUS_0x7edb,Kyriakidoun,26,858-91-7016,Lawyer,1/11/2024,2025-11-09,2024-11,features_attributes.csv
CUS_0x7f0b,Pedron,33,619-04-3811,Teacher,1/11/2024,2025-11-09,2024-11,features_attributes.csv
CUS_0x7f3c,Jamesk,44,427-34-4793,Architect,1/11/2024,2025-11-09,2024-11,features_attributes.csv
CUS_0x7fc8,Greg Roumeliotisz,42,200-21-8443,Journalist,1/11/2024,2025-11-09,2024-11,features_attributes.csv
CUS_0x7ffd,Kareno,36_,605-23-4684,Media_Manager,1/11/2024,2025-11-09,2024-11,features_attributes.csv
CUS_0x804,Dhanya Skariachanx,43,857-32-0525,Media_Manager,1/11/2024,2025-11-09,2024-11,features_attributes.csv
CUS_0x808d,Patrickx,22,412-24-5325,Teacher,1/11/2024,2025-11-09,2024-11,features_attributes.csv
CUS_0x811f,McGurtyk,38,625-89-3582,Architect,1/11/2024,2025-11-09,2024-11,features_attributes.csv
CUS_0x815c,Clarkek,20,796-47-4372,_______,1/11/2024,2025-11-09,2024-11,features_attributes.csv
CUS_0x81ca,Rascoeg,18,984-68-3106,Scientist,1/11/2024,2025-11-09,2024-11,features_attributes.csv
CUS_0x81e8,Wheatleyx,26,363-37-3843,Writer,1/11/2024,2025-11-09,2024-11,features_attributes.csv
CUS_0x8204,Paulp,19_,#F%$D@*&8,Developer,1/11/2024,2025-11-09,2024-11,features_attributes.csv
CUS_0x826e,Angelap,24,878-71-9136,Scientist,1/11/2024,2025-11-09,2024-11,features_attributes.csv
CUS_0x832f,Bremerd,54,881-72-4685,Writer,1/11/2024,2025-11-09,2024-11,features_attributes.csv
CUS_0x841e,Alistair Barrp,51,543-40-8050,Developer,1/11/2024,2025-11-09,2024-11,features_attributes.csv
CUS_0x8443,Shihq,44,553-51-4273,Teacher,1/11/2024,2025-11-09,2024-11,features_attributes.csv
CUS_0x84bf,Jonathan Stempeli,34,561-98-8315,_______,1/11/2024,2025-11-09,2024-11,features_attributes.csv
CUS_0x8517,Sarah Marshg,40,934-91-6807,Accountant,1/11/2024,2025-11-09,2024-11,features_attributes.csv
CUS_0x8519,Lienertu,54,423-52-1892,Architect,1/11/2024,2025-11-09,2024-11,features_attributes.csv
CUS_0x85a7,Ben Berkowitzz,25_,298-52-5800,Scientist,1/11/2024,2025-11-09,2024-11,features_attributes.csv
CUS_0x85ba,Mette Fraendef,45,366-96-2058,Musician,1/11/2024,2025-11-09,2024-11,features_attributes.csv
CUS_0x85da,Grooml,42,839-44-4102,_______,1/11/2024,2025-11-09,2024-11,features_attributes.csv
CUS_0x8669,Rodrigoj,47,247-85-1293,_______,1/11/2024,2025-11-09,2024-11,features_attributes.csv
CUS_0x8688,Ruckero,47,200-70-4803,Media_Manager,1/11/2024,2025-11-09,2024-11,features_attributes.csv
CUS_0x8698,Viswanathas,35,488-61-8806,Scientist,1/11/2024,2025-11-09,2024-11,features_attributes.csv
CUS_0x87a8,Bradm,27,352-09-5170,_______,1/11/2024,2025-11-09,2024-11,features_attributes.csv
CUS_0x87b5,Dani,36,935-27-0277,Media_Manager,1/11/2024,2025-11-09,2024-11,features_attributes.csv
CUS_0x87c1,Nivedita Bhattacharjeej,34,099-04-7928,Manager,1/11/2024,2025-11-09,2024-11,features_attributes.csv
CUS_0x87ee,Katharina Bartt,44,652-98-3608,Scientist,1/11/2024,2025-11-09,2024-11,features_attributes.csv
CUS_0x888e,Lashx,35,664-83-0007,Accountant,1/11/2024,2025-11-09,2024-11,features_attributes.csv
CUS_0x892d,Guip,16,148-15-1292,Manager,1/11/2024,2025-11-09,2024-11,features_attributes.csv
CUS_0x8964,Tim Hepherb,34,439-93-4818,Developer,1/11/2024,2025-11-09,2024-11,features_attributes.csv
CUS_0x8998,Doris Frankelk,51,886-31-5570,Accountant,1/11/2024,2025-11-09,2024-11,features_attributes.csv
CUS_0x89a9,Jonathan Stempele,27_,049-07-7538,Media_Manager,1/11/2024,2025-11-09,2024-11,features_attributes.csv
CUS_0x89b2,Mikolajczakp,41,389-15-8321,Media_Manager,1/11/2024,2025-11-09,2024-11,features_attributes.csv
CUS_0x89d0,Levinet,24,537-67-2894,Teacher,1/11/2024,2025-11-09,2024-11,features_attributes.csv
CUS_0x8a38,Alistairh,20,767-52-7945,Engineer,1/11/2024,2025-11-09,2024-11,features_attributes.csv
CUS_0x8aff,Adlerk,38,641-58-7727,_______,1/11/2024,2025-11-09,2024-11,features_attributes.csv
CUS_0x8c6f,Lopatkab,20_,369-74-7693,Engineer,1/11/2024,2025-11-09,2024-11,features_attributes.csv
CUS_0x8caf,Peterd,18,093-46-5039,Developer,1/11/2024,2025-11-09,2024-11,features_attributes.csv
CUS_0x8cdb,Lynnleys,7618,712-28-1926,Manager,1/11/2024,2025-11-09,2024-11,features_attributes.csv
CUS_0x8d9,Amw,37,984-95-1206,Media_Manager,1/11/2024,2025-11-09,2024-11,features_attributes.csv
CUS_0x8d95,Azharn,32,028-75-4632,Manager,1/11/2024,2025-11-09,2024-11,features_attributes.csv
CUS_0x8e00,Costas Pitast,33,001-96-3136,_______,1/11/2024,2025-11-09,2024-11,features_attributes.csv
CUS_0x8e50,Sinead Carewp,38,052-30-0753,_______,1/11/2024,2025-11-09,2024-11,features_attributes.csv
CUS_0x8eb6,Olesya Dmitracovah,38,794-83-9230,Writer,1/11/2024,2025-11-09,2024-11,features_attributes.csv
CUS_0x90a2,raden Reddalls,44,983-41-6007,Musician,1/11/2024,2025-11-09,2024-11,features_attributes.csv
CUS_0x90f8,Kohs,44,476-75-1739,Teacher,1/11/2024,2025-11-09,2024-11,features_attributes.csv
CUS_0x912e,Shieldsi,21,319-33-7118,Developer,1/11/2024,2025-11-09,2024-11,features_attributes.csv
CUS_0x9135,Dominice,36,949-97-8482,Journalist,1/11/2024,2025-11-09,2024-11,features_attributes.csv
CUS_0x9150,Stephensone,20,836-03-9472,Teacher,1/11/2024,2025-11-09,2024-11,features_attributes.csv
CUS_0x92ca,Rothackerc,20_,724-38-6924,Teacher,1/11/2024,2025-11-09,2024-11,features_attributes.csv
CUS_0x932a,Skariachanq,30,519-83-5940,Writer,1/11/2024,2025-11-09,2024-11,features_attributes.csv
CUS_0x9347,Basesc,18,406-68-6740,_______,1/11/2024,2025-11-09,2024-11,features_attributes.csv
CUS_0x9389,Dan Levinen,35,#F%$D@*&8,Doctor,1/11/2024,2025-11-09,2024-11,features_attributes.csv
CUS_0x9415,Davidf,33,958-62-8811,Musician,1/11/2024,2025-11-09,2024-11,features_attributes.csv
CUS_0x947a,Ransdellq,19,096-80-9236,Architect,1/11/2024,2025-11-09,2024-11,features_attributes.csv
CUS_0x949b,Patriciap,35,287-71-5066,Accountant,1/11/2024,2025-11-09,2024-11,features_attributes.csv
CUS_0x94ee,Kanekor,42,947-09-6151,Architect,1/11/2024,2025-11-09,2024-11,features_attributes.csv
CUS_0x9573,Paulm,39,546-00-3244,Teacher,1/11/2024,2025-11-09,2024-11,features_attributes.csv
CUS_0x95b5,Lisa Baertleinu,22,602-55-1355,Engineer,1/11/2024,2025-11-09,2024-11,features_attributes.csv
CUS_0x95c2,Papachristouv,30,565-74-6364,Developer,1/11/2024,2025-11-09,2024-11,features_attributes.csv
CUS_0x9748,", Globalt",53,772-52-0737,Scientist,1/11/2024,2025-11-09,2024-11,features_attributes.csv
CUS_0x976,Scotti,41,958-13-3057,Lawyer,1/11/2024,2025-11-09,2024-11,features_attributes.csv
CUS_0x979c,Thomassony,38,632-10-1771,Engineer,1/11/2024,2025-11-09,2024-11,features_attributes.csv
CUS_0x9840,Luke Bakerq,45,286-21-0279,Teacher,1/11/2024,2025-11-09,2024-11,features_attributes.csv
CUS_0x9857,Lesleyz,31,534-32-1760,Mechanic,1/11/2024,2025-11-09,2024-11,features_attributes.csv
CUS_0x98b5,Adam Kerlina,42,699-05-8261,_______,1/11/2024,2025-11-09,2024-11,features_attributes.csv
CUS_0x98cd,Suchitra Mohantyg,19,477-15-2157,Entrepreneur,1/11/2024,2025-11-09,2024-11,features_attributes.csv
CUS_0x98ec,Wahbao,42,037-19-6890,Architect,1/11/2024,2025-11-09,2024-11,features_attributes.csv
CUS_0x993a,Valetkevitchk,26,054-60-4996,Architect,1/11/2024,2025-11-09,2024-11,features_attributes.csv
CUS_0x993d,Marc Jonese,47,683-66-7720,Doctor,1/11/2024,2025-11-09,2024-11,features_attributes.csv
CUS_0x9a4f,Lisa Richwinen,30,509-08-5237,Entrepreneur,1/11/2024,2025-11-09,2024-11,features_attributes.csv
CUS_0x9a6,Peter Rudegeaire,51,410-04-4991,Doctor,1/11/2024,2025-11-09,2024-11,features_attributes.csv
CUS_0x9b33,Andreac,17,183-09-6257,Doctor,1/11/2024,2025-11-09,2024-11,features_attributes.csv
CUS_0x9bae,Michaeln,21,237-85-5444,_______,1/11/2024,2025-11-09,2024-11,features_attributes.csv
CUS_0x9bc8,Michelle Conlinu,40,676-02-7685,Musician,1/11/2024,2025-11-09,2024-11,features_attributes.csv
CUS_0x9bea,Josie Coxa,40,711-43-4714,Media_Manager,1/11/2024,2025-11-09,2024-11,features_attributes.csv
CUS_0x9c9f,Cyril Altmeyerp,56,575-50-5128,Lawyer,1/11/2024,2025-11-09,2024-11,features_attributes.csv
CUS_0x9ce0,Elleno,34,347-83-4432,Entrepreneur,1/11/2024,2025-11-09,2024-11,features_attributes.csv
CUS_0x9cea,Basesj,21,462-34-2340,Accountant,1/11/2024,2025-11-09,2024-11,features_attributes.csv
CUS_0x9dc3,en Berkowitzi,20,698-31-2770,Manager,1/11/2024,2025-11-09,2024-11,features_attributes.csv
CUS_0x9e48,Rick Rothackerc,16,191-96-6402,Teacher,1/11/2024,2025-11-09,2024-11,features_attributes.csv
CUS_0x9f4c,Sinead Carewt,28,148-87-5022,Teacher,1/11/2024,2025-11-09,2024-11,features_attributes.csv
CUS_0x9fd8,Viswanathao,20,162-97-2441,Architect,1/11/2024,2025-11-09,2024-11,features_attributes.csv
CUS_0x9fe8,Kerberd,52,160-91-1987,Writer,1/11/2024,2025-11-09,2024-11,features_attributes.csv
CUS_0xa125,Strupczewskil,16,506-45-5493,Entrepreneur,1/11/2024,2025-11-09,2024-11,features_attributes.csv
CUS_0xa193,Nayaku,33,469-56-9848,Lawyer,1/11/2024,2025-11-09,2024-11,features_attributes.csv
CUS_0xa2ce,Carrick Mollenkampw,23,144-81-4947,Accountant,1/11/2024,2025-11-09,2024-11,features_attributes.csv
CUS_0xa2eb,Ashleyh,43,733-40-5119,_______,1/11/2024,2025-11-09,2024-11,features_attributes.csv
CUS_0xa2fd,Scott Malonet,27,102-04-9774,Journalist,1/11/2024,2025-11-09,2024-11,features_attributes.csv
CUS_0xa34d,Cowany,43,450-69-9081,Developer,1/11/2024,2025-11-09,2024-11,features_attributes.csv
CUS_0xa374,Paritosh Bansalq,39,646-84-2918,Doctor,1/11/2024,2025-11-09,2024-11,features_attributes.csv
CUS_0xa39,Laurenb,34,230-70-3549,_______,1/11/2024,2025-11-09,2024-11,features_attributes.csv
CUS_0xa3bb,Michaelw,43,410-63-8948,Entrepreneur,1/11/2024,2025-11-09,2024-11,features_attributes.csv
CUS_0xa3d5,Moonx,45,947-09-1973,Mechanic,1/11/2024,2025-11-09,2024-11,features_attributes.csv
CUS_0xa4ac,Izumi Nakagawar,20,898-28-1569,Doctor,1/11/2024,2025-11-09,2024-11,features_attributes.csv
CUS_0xa4ba,Foon,39,063-71-0993,Writer,1/11/2024,2025-11-09,2024-11,features_attributes.csv
CUS_0xa503,Wohli,51,781-28-3569,Accountant,1/11/2024,2025-11-09,2024-11,features_attributes.csv
CUS_0xa5e0,Leer,22,590-80-7797,Teacher,1/11/2024,2025-11-09,2024-11,features_attributes.csv
CUS_0xa706,Matthiasr,50,475-31-3601,Manager,1/11/2024,2025-11-09,2024-11,features_attributes.csv
CUS_0xa714,Rajesh Kumarh,35,713-49-1176,Media_Manager,1/11/2024,2025-11-09,2024-11,features_attributes.csv
CUS_0xa7b2,Lucianab,-500,899-51-3471,Mechanic,1/11/2024,2025-11-09,2024-11,features_attributes.csv
CUS_0xa823,Siegp,43,687-30-3436,_______,1/11/2024,2025-11-09,2024-11,features_attributes.csv
CUS_0xa95,Stevev,26,665-52-4675,Mechanic,1/11/2024,2025-11-09,2024-11,features_attributes.csv
CUS_0xa9b,Cheex,39,570-01-4106,_______,1/11/2024,2025-11-09,2024-11,features_attributes.csv
CUS_0xa9bb,Frewh,22,#F%$D@*&8,Entrepreneur,1/11/2024,2025-11-09,2024-11,features_attributes.csv
CUS_0xa9f6,Terrya,46,259-66-7471,Developer,1/11/2024,2025-11-09,2024-11,features_attributes.csv
CUS_0xaa0c,Fabi Chenq,31,913-52-1751,Engineer,1/11/2024,2025-11-09,2024-11,features_attributes.csv
CUS_0xaa84,Martinnel,26,103-20-0690,Musician,1/11/2024,2025-11-09,2024-11,features_attributes.csv
CUS_0xaaea,Chris Gallagherh,38,062-58-8737,Teacher,1/11/2024,2025-11-09,2024-11,features_attributes.csv
CUS_0xab26,Taylorf,36,886-95-6914,Journalist,1/11/2024,2025-11-09,2024-11,features_attributes.csv
CUS_0xabc6,Sarah N.s,26,588-48-6819,Mechanic,1/11/2024,2025-11-09,2024-11,features_attributes.csv
CUS_0xabd5,Shalal-Esai,45,403-75-4569,Architect,1/11/2024,2025-11-09,2024-11,features_attributes.csv
CUS_0xabd8,Leika Kiharaz,31,143-65-6732,Media_Manager,1/11/2024,2025-11-09,2024-11,features_attributes.csv
CUS_0xacaf,Langip,31,449-32-0792,Scientist,1/11/2024,2025-11-09,2024-11,features_attributes.csv
CUS_0xacc7,Andy Brucet,26,417-24-5530,Lawyer,1/11/2024,2025-11-09,2024-11,features_attributes.csv
CUS_0xacd9,Oliviad,29,#F%$D@*&8,Architect,1/11/2024,2025-11-09,2024-11,features_attributes.csv
CUS_0xad2,Denao,21,704-82-7933,Developer,1/11/2024,2025-11-09,2024-11,features_attributes.csv
CUS_0xad69,Gerry Shihv,41,634-66-6400,Accountant,1/11/2024,2025-11-09,2024-11,features_attributes.csv
CUS_0xad6d,Johnl,29,026-97-5057,Journalist,1/11/2024,2025-11-09,2024-11,features_attributes.csv
CUS_0xadcd,Kiharau,40,034-21-3041,_______,1/11/2024,2025-11-09,2024-11,features_attributes.csv
CUS_0xae26,Vaughang,24_,523-09-9908,Engineer,1/11/2024,2025-11-09,2024-11,features_attributes.csv
CUS_0xae7c,ewichj,43,853-37-6310,Musician,1/11/2024,2025-11-09,2024-11,features_attributes.csv
CUS_0xaea,LaCaprad,21_,#F%$D@*&8,Media_Manager,1/11/2024,2025-11-09,2024-11,features_attributes.csv
CUS_0xaea7,Marku,15,899-86-9384,Entrepreneur,1/11/2024,2025-11-09,2024-11,features_attributes.csv
CUS_0xaefb,"ODonnell\"s",36,184-09-5383,Developer,1/11/2024,2025-11-09,2024-11,features_attributes.csv
CUS_0xaf61,Chris Wickhamm,50,133-16-7738,Writer,1/11/2024,2025-11-09,2024-11,features_attributes.csv
CUS_0xaff2,Sam Nelsonr,25,402-57-1018,Lawyer,1/11/2024,2025-11-09,2024-11,features_attributes.csv
CUS_0xb000,Frazierm,21,087-15-2781,Media_Manager,1/11/2024,2025-11-09,2024-11,features_attributes.csv
CUS_0xb00a,Maytaalm,41,977-99-6354,Accountant,1/11/2024,2025-11-09,2024-11,features_attributes.csv
CUS_0xb03f,Alexei Oreskovicb,44,389-89-7954,Accountant,1/11/2024,2025-11-09,2024-11,features_attributes.csv
CUS_0xb085,ernard Vaughanj,35,111-12-1263,Musician,1/11/2024,2025-11-09,2024-11,features_attributes.csv
CUS_0xb1bf,Nguyen Phuongn,37,607-43-5085,Musician,1/11/2024,2025-11-09,2024-11,features_attributes.csv
CUS_0xb1f1,Preziosoq,16,#F%$D@*&8,Scientist,1/11/2024,2025-11-09,2024-11,features_attributes.csv
CUS_0xb223,Ann Saphirx,37,337-54-1559,Manager,1/11/2024,2025-11-09,2024-11,features_attributes.csv
CUS_0xb2c4,Deepao,40,794-12-0039,Journalist,1/11/2024,2025-11-09,2024-11,features_attributes.csv
CUS_0xb338,Dhanyaj,48,897-27-3355,Doctor,1/11/2024,2025-11-09,2024-11,features_attributes.csv
CUS_0xb3ab,illw,34,927-37-9220,Mechanic,1/11/2024,2025-11-09,2024-11,features_attributes.csv
CUS_0xb44d,Phil Wahbay,32,278-86-9047,Lawyer,1/11/2024,2025-11-09,2024-11,features_attributes.csv
CUS_0xb4c9,Nichola Groomk,26,431-25-9243,Media_Manager,1/11/2024,2025-11-09,2024-11,features_attributes.csv
CUS_0xb565,Tom Bergine,37,987-88-0910,_______,1/11/2024,2025-11-09,2024-11,features_attributes.csv
CUS_0xb57,Luciaa,19,390-37-7471,Architect,1/11/2024,2025-11-09,2024-11,features_attributes.csv
CUS_0xb5c5,Danielg,31,531-86-8401,Architect,1/11/2024,2025-11-09,2024-11,features_attributes.csv
CUS_0xb5e2,Pedrop,28,743-93-2407,Writer,1/11/2024,2025-11-09,2024-11,features_attributes.csv
CUS_0xb5ea,David Millikenw,28,447-46-9385,Lawyer,1/11/2024,2025-11-09,2024-11,features_attributes.csv
CUS_0xb611,Margaret Chadbournl,20,503-24-0808,_______,1/11/2024,2025-11-09,2024-11,features_attributes.csv
CUS_0xb770,Andreas Cremerq,54,437-36-2230,Musician,1/11/2024,2025-11-09,2024-11,features_attributes.csv
CUS_0xb795,Greg Roumeliotisq,27_,321-16-3378,Manager,1/11/2024,2025-11-09,2024-11,features_attributes.csv
CUS_0xb7a4,Luke Bakerx,32,486-84-2079,Journalist,1/11/2024,2025-11-09,2024-11,features_attributes.csv
CUS_0xb7ca,Langi Chiangv,29,869-43-2005,Developer,1/11/2024,2025-11-09,2024-11,features_attributes.csv
CUS_0xb818,Lashx,24,958-08-7164,Lawyer,1/11/2024,2025-11-09,2024-11,features_attributes.csv
CUS_0xb82d,Moirax,28,977-03-1207,Doctor,1/11/2024,2025-11-09,2024-11,features_attributes.csv
CUS_0xb987,Jessica Wohlz,16_,738-03-2141,Scientist,1/11/2024,2025-11-09,2024-11,features_attributes.csv
CUS_0xb9c5,Taylorz,49,451-16-6332,Media_Manager,1/11/2024,2025-11-09,2024-11,features_attributes.csv
CUS_0xb9f9,arbaraj,30,155-23-5479,Writer,1/11/2024,2025-11-09,2024-11,features_attributes.csv
CUS_0xbab,Katep,34,708-47-0256,Writer,1/11/2024,2025-11-09,2024-11,features_attributes.csv
CUS_0xbad2,Henryk,49,205-18-4460,Doctor,1/11/2024,2025-11-09,2024-11,features_attributes.csv
CUS_0xbaf8,Dena Aubinc,55,572-88-7813,Manager,1/11/2024,2025-11-09,2024-11,features_attributes.csv
CUS_0xbb7c,Poornimam,51,226-65-5300,Entrepreneur,1/11/2024,2025-11-09,2024-11,features_attributes.csv
CUS_0xbbaf,Joeb,28,472-64-4565,Journalist,1/11/2024,2025-11-09,2024-11,features_attributes.csv
CUS_0xbc0e,Osbornt,44,175-37-1300,Manager,1/11/2024,2025-11-09,2024-11,features_attributes.csv
CUS_0xbc17,Davidx,20,270-15-4049,Scientist,1/11/2024,2025-11-09,2024-11,features_attributes.csv
CUS_0xbc4b,Laura Noonanw,24,121-37-4752,Developer,1/11/2024,2025-11-09,2024-11,features_attributes.csv
CUS_0xbcb2,Martin Santaq,32,250-74-5945,Entrepreneur,1/11/2024,2025-11-09,2024-11,features_attributes.csv
CUS_0xbcf0,Wohlh,41,150-50-6398,Journalist,1/11/2024,2025-11-09,2024-11,features_attributes.csv
CUS_0xbe03,Doris Frankelw,27,831-77-3712,Manager,1/11/2024,2025-11-09,2024-11,features_attributes.csv
CUS_0xbe1d,Nicola Lesked,26,951-33-4234,Musician,1/11/2024,2025-11-09,2024-11,features_attributes.csv
CUS_0xbe26,Edwardj,29,956-82-3205,Mechanic,1/11/2024,2025-11-09,2024-11,features_attributes.csv
CUS_0xbe55,Kimv,33,784-16-9686,Accountant,1/11/2024,2025-11-09,2024-11,features_attributes.csv
CUS_0xbe9d,Yunc,22,667-33-3115,_______,1/11/2024,2025-11-09,2024-11,features_attributes.csv
CUS_0xbf1e,Azharu,39,666-79-5524,Journalist,1/11/2024,2025-11-09,2024-11,features_attributes.csv
CUS_0xbf66,Tej Saprui,44,924-02-1044,Writer,1/11/2024,2025-11-09,2024-11,features_attributes.csv
CUS_0xbffe,Dhanya Skariachano,40,311-13-7309,Architect,1/11/2024,2025-11-09,2024-11,features_attributes.csv
CUS_0xc08,imartej,35,266-42-7784,Scientist,1/11/2024,2025-11-09,2024-11,features_attributes.csv
CUS_0xc11f,Sinead Carewd,29,672-97-2497,Journalist,1/11/2024,2025-11-09,2024-11,features_attributes.csv
CUS_0xc1bf,Moons,43,668-63-2486,Entrepreneur,1/11/2024,2025-11-09,2024-11,features_attributes.csv
CUS_0xc1d7,Karen Jacobsj,7131,905-30-7439,Musician,1/11/2024,2025-11-09,2024-11,features_attributes.csv
CUS_0xc288,Temple-Westh,39,470-59-7781,Manager,1/11/2024,2025-11-09,2024-11,features_attributes.csv
CUS_0xc2b5,Siva Sithraputhranw,19,733-62-4701,Scientist,1/11/2024,2025-11-09,2024-11,features_attributes.csv
CUS_0xc2c7,Manganz,46,787-40-1764,_______,1/11/2024,2025-11-09,2024-11,features_attributes.csv
CUS_0xc33e,Stollk,19,577-83-3843,Lawyer,1/11/2024,2025-11-09,2024-11,features_attributes.csv
CUS_0xc38e,Edwardsy,16,780-64-9115,Journalist,1/11/2024,2025-11-09,2024-11,features_attributes.csv
CUS_0xc3d8,Angela Moony,27,781-21-4555,Developer,1/11/2024,2025-11-09,2024-11,features_attributes.csv
CUS_0xc434,Mariannae,36,891-36-0838,Journalist,1/11/2024,2025-11-09,2024-11,features_attributes.csv
CUS_0xc4a2,Williamt,40,#F%$D@*&8,Engineer,1/11/2024,2025-11-09,2024-11,features_attributes.csv
CUS_0xc4bc,L.c,37,497-31-5365,Writer,1/11/2024,2025-11-09,2024-11,features_attributes.csv
CUS_0xc4e2,Berkowitzg,21,690-48-2138,Mechanic,1/11/2024,2025-11-09,2024-11,features_attributes.csv
CUS_0xc5d5,Emilyy,34,321-64-3872,Engineer,1/11/2024,2025-11-09,2024-11,features_attributes.csv
CUS_0xc64e,Aruna Viswanathao,28,238-79-7321,Musician,1/11/2024,2025-11-09,2024-11,features_attributes.csv
CUS_0xc6d6,Aruna Viswanathad,46,324-16-4438,Scientist,1/11/2024,2025-11-09,2024-11,features_attributes.csv
CUS_0xc70,McCoolz,30,540-26-9440,Scientist,1/11/2024,2025-11-09,2024-11,features_attributes.csv
CUS_0xcda,Bill Berkroth,49,222-08-8611,Teacher,1/11/2024,2025-11-09,2024-11,features_attributes.csv
CUS_0xd96,Catherine Hornbye,21,667-28-7573,Manager,1/11/2024,2025-11-09,2024-11,features_attributes.csv
CUS_0xdda,Freifeldy,26,446-78-2504,Engineer,1/11/2024,2025-11-09,2024-11,features_attributes.csv
CUS_0xe0f,Poornima Guptax,42,349-57-1872,Lawyer,1/11/2024,2025-11-09,2024-11,features_attributes.csv
CUS_0xe21,Toml,47,925-98-6413,Scientist,1/11/2024,2025-11-09,2024-11,features_attributes.csv
CUS_0xe2b,Agnieszka Flakc,19,078-20-5154,Journalist,1/11/2024,2025-11-09,2024-11,features_attributes.csv
CUS_0xec3,Suzanne Barlynk,28_,063-94-6538,Scientist,1/11/2024,2025-11-09,2024-11,features_attributes.csv
CUS_0xecc,Papadimase,25,#F%$D@*&8,Lawyer,1/11/2024,2025-11-09,2024-11,features_attributes.csv
CUS_0xee6,Benc,28,743-66-3711,Lawyer,1/11/2024,2025-11-09,2024-11,features_attributes.csv
CUS_0xf43,Michelef,38,131-37-1161,Media_Manager,1/11/2024,2025-11-09,2024-11,features_attributes.csv
