Customer_ID,Name,Age,SSN,Occupation,snapshot_date,ingest_dt,snap_ym,source_file
CUS_0x1013,Cameront,44,930-49-9615,Mechanic,1/12/2023,2025-11-09,2023-12,features_attributes.csv
CUS_0x104a,Leahk,37,#F%$D@*&8,Mechanic,1/12/2023,2025-11-09,2023-12,features_attributes.csv
CUS_0x1063,Sylvia Westallq,20,883-38-8680,Architect,1/12/2023,2025-11-09,2023-12,features_attributes.csv
CUS_0x10d7,Sinead Carewm,39,289-56-9714,Developer,1/12/2023,2025-11-09,2023-12,features_attributes.csv
CUS_0x10fd,Hendersonu,29,119-33-7350,Developer,1/12/2023,2025-11-09,2023-12,features_attributes.csv
CUS_0x1139,Copleyp,32_,952-67-5462,Scientist,1/12/2023,2025-11-09,2023-12,features_attributes.csv
CUS_0x1207,Wheatleym,34,365-76-1037,Developer,1/12/2023,2025-11-09,2023-12,features_attributes.csv
CUS_0x1250,Denny Thomasx,28,#F%$D@*&8,Developer,1/12/2023,2025-11-09,2023-12,features_attributes.csv
CUS_0x12f2,Luke Bakeri,25,006-09-7131,Writer,1/12/2023,2025-11-09,2023-12,features_attributes.csv
CUS_0x1348,Sudip Kar-Guptaq,43,#F%$D@*&8,Lawyer,1/12/2023,2025-11-09,2023-12,features_attributes.csv
CUS_0x1355,Clement Tana,30,858-73-0131,Entrepreneur,1/12/2023,2025-11-09,2023-12,features_attributes.csv
CUS_0x138b,ernie Woodallh,42,307-80-8496,Engineer,1/12/2023,2025-11-09,2023-12,features_attributes.csv
CUS_0x13db,Natalieq,24,223-95-2140,Engineer,1/12/2023,2025-11-09,2023-12,features_attributes.csv
CUS_0x13e3,Sakthi Prasadb,55,437-66-3296,Musician,1/12/2023,2025-11-09,2023-12,features_attributes.csv
CUS_0x1439,Andreah,23,861-71-4122,_______,1/12/2023,2025-11-09,2023-12,features_attributes.csv
CUS_0x1441,Clarky,22,150-43-9697,Journalist,1/12/2023,2025-11-09,2023-12,features_attributes.csv
CUS_0x1488,Kirstiny,39,856-92-9467,Entrepreneur,1/12/2023,2025-11-09,2023-12,features_attributes.csv
CUS_0x14d3,enl,32,219-57-6916,Teacher,1/12/2023,2025-11-09,2023-12,features_attributes.csv
CUS_0x16a6,Schnurrz,26_,#F%$D@*&8,_______,1/12/2023,2025-11-09,2023-12,features_attributes.csv
CUS_0x17d3,Stempelu,29,436-40-1442,Architect,1/12/2023,2025-11-09,2023-12,features_attributes.csv
CUS_0x187e,Tomx,28,229-21-4534,Entrepreneur,1/12/2023,2025-11-09,2023-12,features_attributes.csv
CUS_0x189e,Pj,28,129-46-1641,Teacher,1/12/2023,2025-11-09,2023-12,features_attributes.csv
CUS_0x1915,Cremere,45,970-73-1799,Writer,1/12/2023,2025-11-09,2023-12,features_attributes.csv
CUS_0x1916,Dhanyax,32,017-14-5611,Developer,1/12/2023,2025-11-09,2023-12,features_attributes.csv
CUS_0x1956,Shalal-Esay,35,467-02-8044,Doctor,1/12/2023,2025-11-09,2023-12,features_attributes.csv
CUS_0x1971,Jonathanl,34,359-13-5762,Manager,1/12/2023,2025-11-09,2023-12,features_attributes.csv
CUS_0x1a4d,Adegokei,25,056-47-9727,Accountant,1/12/2023,2025-11-09,2023-12,features_attributes.csv
CUS_0x1a59,Karl Plumeu,19,531-57-4050,Journalist,1/12/2023,2025-11-09,2023-12,features_attributes.csv
CUS_0x1af1,Susant,43,650-81-9563,Lawyer,1/12/2023,2025-11-09,2023-12,features_attributes.csv
CUS_0x1b29,Helenb,30,634-57-5757,Media_Manager,1/12/2023,2025-11-09,2023-12,features_attributes.csv
CUS_0x1cab,Andreas Cremern,39,426-83-2491,Lawyer,1/12/2023,2025-11-09,2023-12,features_attributes.csv
CUS_0x1cee,Greg Roumeliotisr,55,541-87-1826,Teacher,1/12/2023,2025-11-09,2023-12,features_attributes.csv
CUS_0x1cfd,Ann Saphirx,36,351-21-1003,Scientist,1/12/2023,2025-11-09,2023-12,features_attributes.csv
CUS_0x1dda,Soyoung Kimd,27_,#F%$D@*&8,Mechanic,1/12/2023,2025-11-09,2023-12,features_attributes.csv
CUS_0x1de5,ann,20,269-18-2158,Accountant,1/12/2023,2025-11-09,2023-12,features_attributes.csv
CUS_0x1e3e,Chuckk,33,474-45-9244,Musician,1/12/2023,2025-11-09,2023-12,features_attributes.csv
CUS_0x1e87,Shirbonu,25,988-83-0517,Lawyer,1/12/2023,2025-11-09,2023-12,features_attributes.csv
CUS_0x1e8c,Olivia Orana,18_,571-81-7251,Engineer,1/12/2023,2025-11-09,2023-12,features_attributes.csv
CUS_0x1e9c,Berkowitzo,17,810-61-0368,Engineer,1/12/2023,2025-11-09,2023-12,features_attributes.csv
CUS_0x1ed3,Sinead Carewp,23,988-10-7390,Engineer,1/12/2023,2025-11-09,2023-12,features_attributes.csv
CUS_0x1f88,Lewis Krauskopfo,43,#F%$D@*&8,Manager,1/12/2023,2025-11-09,2023-12,features_attributes.csv
CUS_0x1fae,Tomy,40,747-51-4832,Developer,1/12/2023,2025-11-09,2023-12,features_attributes.csv
CUS_0x1ffb,Tony Munroey,33,354-51-3405,Mechanic,1/12/2023,2025-11-09,2023-12,features_attributes.csv
CUS_0x2000,Kwokw,25,159-91-7430,_______,1/12/2023,2025-11-09,2023-12,features_attributes.csv
CUS_0x20f8,Toonkelw,30,252-54-0732,_______,1/12/2023,2025-11-09,2023-12,features_attributes.csv
CUS_0x2142,Gerry Shihf,36,571-04-7703,Mechanic,1/12/2023,2025-11-09,2023-12,features_attributes.csv
CUS_0x219b,Davidc,41,040-12-6776,Accountant,1/12/2023,2025-11-09,2023-12,features_attributes.csv
CUS_0x21ce,Frazierp,51,#F%$D@*&8,Developer,1/12/2023,2025-11-09,2023-12,features_attributes.csv
CUS_0x21f9,Grallal,38,339-93-8648,Accountant,1/12/2023,2025-11-09,2023-12,features_attributes.csv
CUS_0x2314,Axr,23,052-13-2800,Writer,1/12/2023,2025-11-09,2023-12,features_attributes.csv
CUS_0x2378,Joej,55,108-16-4074,Teacher,1/12/2023,2025-11-09,2023-12,features_attributes.csv
CUS_0x2390,Doeringh,21,020-36-4985,Musician,1/12/2023,2025-11-09,2023-12,features_attributes.csv
CUS_0x242a,Abocarm,40,662-87-9463,Entrepreneur,1/12/2023,2025-11-09,2023-12,features_attributes.csv
CUS_0x2451,Suzanne Barlyne,27,#F%$D@*&8,Teacher,1/12/2023,2025-11-09,2023-12,features_attributes.csv
CUS_0x24f9,Aruna Viswanathak,31,323-09-1618,Manager,1/12/2023,2025-11-09,2023-12,features_attributes.csv
CUS_0x2526,Marques Janemand,17,504-86-6575,Teacher,1/12/2023,2025-11-09,2023-12,features_attributes.csv
CUS_0x2541,Huw Jonesc,27_,842-08-3305,_______,1/12/2023,2025-11-09,2023-12,features_attributes.csv
CUS_0x257e,Roumeliotist,23,049-11-7552,Musician,1/12/2023,2025-11-09,2023-12,features_attributes.csv
CUS_0x25c0,Leelap,16,942-65-9443,Architect,1/12/2023,2025-11-09,2023-12,features_attributes.csv
CUS_0x25fd,Nicola Leskey,52,691-50-0205,Scientist,1/12/2023,2025-11-09,2023-12,features_attributes.csv
CUS_0x261d,Kirstin Ridleyg,17,897-84-1025,Architect,1/12/2023,2025-11-09,2023-12,features_attributes.csv
CUS_0x2659,YueYangz,18,511-59-6589,Journalist,1/12/2023,2025-11-09,2023-12,features_attributes.csv
CUS_0x269d,Lukef,39,415-10-2620,Media_Manager,1/12/2023,2025-11-09,2023-12,features_attributes.csv
CUS_0x26a5,Emilyh,24,335-81-7203,Lawyer,1/12/2023,2025-11-09,2023-12,features_attributes.csv
CUS_0x26c6,Barte,29,446-03-5622,Architect,1/12/2023,2025-11-09,2023-12,features_attributes.csv
CUS_0x279c,Mattn,19,030-99-3660,Media_Manager,1/12/2023,2025-11-09,2023-12,features_attributes.csv
CUS_0x27e2,illq,36,470-60-5606,Mechanic,1/12/2023,2025-11-09,2023-12,features_attributes.csv
CUS_0x286a,Andrea Shalal-Esal,17,#F%$D@*&8,Accountant,1/12/2023,2025-11-09,2023-12,features_attributes.csv
CUS_0x2878,Philipd,25,812-39-0469,_______,1/12/2023,2025-11-09,2023-12,features_attributes.csv
CUS_0x28de,Foo Yunp,31,#F%$D@*&8,Entrepreneur,1/12/2023,2025-11-09,2023-12,features_attributes.csv
CUS_0x28ec,Michael Roddyt,33_,901-01-4028,Musician,1/12/2023,2025-11-09,2023-12,features_attributes.csv
CUS_0x29cd,Jonathan Saulg,38,782-79-3837,Musician,1/12/2023,2025-11-09,2023-12,features_attributes.csv
CUS_0x2a47,Chen Aizhum,52,334-68-0617,Engineer,1/12/2023,2025-11-09,2023-12,features_attributes.csv
CUS_0x2a5c,Leah Schnurre,22,589-67-9900,Doctor,1/12/2023,2025-11-09,2023-12,features_attributes.csv
CUS_0x2ad5,Chang-Ran Kimw,23,481-12-3959,Teacher,1/12/2023,2025-11-09,2023-12,features_attributes.csv
CUS_0x2b5d,McCoolc,19,#F%$D@*&8,Media_Manager,1/12/2023,2025-11-09,2023-12,features_attributes.csv
CUS_0x2b99,Krista Hughesd,41,208-85-4934,Lawyer,1/12/2023,2025-11-09,2023-12,features_attributes.csv
CUS_0x2b9f,Sarah Whitet,6767,564-64-3020,_______,1/12/2023,2025-11-09,2023-12,features_attributes.csv
CUS_0x2c2d,Andreas Rinkeb,29,#F%$D@*&8,Mechanic,1/12/2023,2025-11-09,2023-12,features_attributes.csv
CUS_0x2c34,Ryan Vlastelicar,18,748-96-2438,Scientist,1/12/2023,2025-11-09,2023-12,features_attributes.csv
CUS_0x2c55,Bosellin,16,926-53-9407,Lawyer,1/12/2023,2025-11-09,2023-12,features_attributes.csv
CUS_0x2cab,Brucep,41,245-98-9656,Architect,1/12/2023,2025-11-09,2023-12,features_attributes.csv
CUS_0x2ce9,Steve Slatery,48,314-22-8629,Media_Manager,1/12/2023,2025-11-09,2023-12,features_attributes.csv
CUS_0x2d27,Patrick Grahame,27,741-94-7341,Media_Manager,1/12/2023,2025-11-09,2023-12,features_attributes.csv
CUS_0x2da4,Martinneb,56,#F%$D@*&8,Mechanic,1/12/2023,2025-11-09,2023-12,features_attributes.csv
CUS_0x2dc9,Lynchc,28,419-02-3637,Accountant,1/12/2023,2025-11-09,2023-12,features_attributes.csv
CUS_0x2ddd,Ian Chuau,23,297-78-3372,Manager,1/12/2023,2025-11-09,2023-12,features_attributes.csv
CUS_0x2e7f,Carolineg,14,246-36-2777,Manager,1/12/2023,2025-11-09,2023-12,features_attributes.csv
CUS_0x2e90,Cyrilo,21,656-11-4327,Journalist,1/12/2023,2025-11-09,2023-12,features_attributes.csv
CUS_0x2ef8,Dan Levineg,25,791-97-4746,Engineer,1/12/2023,2025-11-09,2023-12,features_attributes.csv
CUS_0x2f02,Rick Rothackerx,23,793-24-4174,Media_Manager,1/12/2023,2025-11-09,2023-12,features_attributes.csv
CUS_0x2f08,Miyoungj,29,468-82-8711,Mechanic,1/12/2023,2025-11-09,2023-12,features_attributes.csv
CUS_0x2f56,Langeu,41,605-63-4252,Engineer,1/12/2023,2025-11-09,2023-12,features_attributes.csv
CUS_0x3048,Rick Rothackeru,40,375-64-6913,Scientist,1/12/2023,2025-11-09,2023-12,features_attributes.csv
CUS_0x30ae,Michaeli,18,808-52-5403,Scientist,1/12/2023,2025-11-09,2023-12,features_attributes.csv
CUS_0x3117,Jennifere,33,914-03-5576,Mechanic,1/12/2023,2025-11-09,2023-12,features_attributes.csv
CUS_0x311a,Sveaa,47,381-74-5902,Media_Manager,1/12/2023,2025-11-09,2023-12,features_attributes.csv
CUS_0x320f,Carolineq,28,198-54-4740,Teacher,1/12/2023,2025-11-09,2023-12,features_attributes.csv
CUS_0x33d6,Daniel Basest,18_,403-38-6794,Developer,1/12/2023,2025-11-09,2023-12,features_attributes.csv
CUS_0x3404,Lisak,34,973-77-6619,Architect,1/12/2023,2025-11-09,2023-12,features_attributes.csv
CUS_0x3513,Armstronge,30,407-97-5354,Accountant,1/12/2023,2025-11-09,2023-12,features_attributes.csv
CUS_0x368f,Stebbinsn,15,586-18-1041,Mechanic,1/12/2023,2025-11-09,2023-12,features_attributes.csv
CUS_0x36a0,Jedh,-500,881-20-6457,Media_Manager,1/12/2023,2025-11-09,2023-12,features_attributes.csv
CUS_0x3720,Annc,40,781-57-6368,Architect,1/12/2023,2025-11-09,2023-12,features_attributes.csv
CUS_0x3763,Shirouzuc,52,862-21-8256,Journalist,1/12/2023,2025-11-09,2023-12,features_attributes.csv
CUS_0x3767,Marko,48,324-83-7736,Mechanic,1/12/2023,2025-11-09,2023-12,features_attributes.csv
CUS_0x3793,Suzanney,31,911-18-1721,Lawyer,1/12/2023,2025-11-09,2023-12,features_attributes.csv
CUS_0x3870,Mikeh,23,758-17-1797,Manager,1/12/2023,2025-11-09,2023-12,features_attributes.csv
CUS_0x390d,Sarah N.p,30,423-32-4754,Musician,1/12/2023,2025-11-09,2023-12,features_attributes.csv
CUS_0x3948,Fooh,29,450-87-5620,Mechanic,1/12/2023,2025-11-09,2023-12,features_attributes.csv
CUS_0x3a94,Mikew,32,642-07-8250,Mechanic,1/12/2023,2025-11-09,2023-12,features_attributes.csv
CUS_0x3abe,Steve Slaters,29_,594-35-1178,Developer,1/12/2023,2025-11-09,2023-12,features_attributes.csv
CUS_0x3ae1,Skariachanv,42,247-21-0508,Scientist,1/12/2023,2025-11-09,2023-12,features_attributes.csv
CUS_0x3b7e,Takenakad,54,041-26-5078,Entrepreneur,1/12/2023,2025-11-09,2023-12,features_attributes.csv
CUS_0x3b85,Natsuko Wakit,50,652-52-9782,Engineer,1/12/2023,2025-11-09,2023-12,features_attributes.csv
CUS_0x3baf,Nicolaq,34,808-50-9635,Developer,1/12/2023,2025-11-09,2023-12,features_attributes.csv
CUS_0x3bf3,Forgionen,30,416-44-4780,Engineer,1/12/2023,2025-11-09,2023-12,features_attributes.csv
CUS_0x3c72,Abrahamiana,21,#F%$D@*&8,Accountant,1/12/2023,2025-11-09,2023-12,features_attributes.csv
CUS_0x3cb1,Laurence Frostx,19,639-62-8323,Teacher,1/12/2023,2025-11-09,2023-12,features_attributes.csv
CUS_0x3d82,Jasonv,45,980-61-8289,Media_Manager,1/12/2023,2025-11-09,2023-12,features_attributes.csv
CUS_0x3dc3,Nicolacii,29,153-94-2470,Architect,1/12/2023,2025-11-09,2023-12,features_attributes.csv
CUS_0x3e32,Annika Breidthardtj,29,566-57-6637,Scientist,1/12/2023,2025-11-09,2023-12,features_attributes.csv
CUS_0x3e40,Casey Sullivanj,14,090-24-7789,Developer,1/12/2023,2025-11-09,2023-12,features_attributes.csv
CUS_0x3e8c,Poornimaz,48,295-13-5026,Journalist,1/12/2023,2025-11-09,2023-12,features_attributes.csv
CUS_0x3ec1,ent,41,969-31-8219,Musician,1/12/2023,2025-11-09,2023-12,features_attributes.csv
CUS_0x3ee,Matthias Blamontb,38,354-65-6948,Journalist,1/12/2023,2025-11-09,2023-12,features_attributes.csv
CUS_0x3f35,Mettea,45,120-70-0061,Accountant,1/12/2023,2025-11-09,2023-12,features_attributes.csv
CUS_0x3f85,Chen Aizhud,49,541-08-0830,_______,1/12/2023,2025-11-09,2023-12,features_attributes.csv
CUS_0x3fce,Estellej,14,946-99-7466,_______,1/12/2023,2025-11-09,2023-12,features_attributes.csv
CUS_0x3ff9,Tim Hepheri,19,190-53-4630,Doctor,1/12/2023,2025-11-09,2023-12,features_attributes.csv
CUS_0x4036,McBridek,34,940-07-3149,Musician,1/12/2023,2025-11-09,2023-12,features_attributes.csv
CUS_0x409e,James Pomfretu,24_,088-38-3435,_______,1/12/2023,2025-11-09,2023-12,features_attributes.csv
CUS_0x40f,Kohk,35,305-18-2483,Entrepreneur,1/12/2023,2025-11-09,2023-12,features_attributes.csv
CUS_0x40f9,Kevin Drawbaughx,46,455-57-8774,Architect,1/12/2023,2025-11-09,2023-12,features_attributes.csv
CUS_0x41f4,Jamesd,30,622-63-2657,Manager,1/12/2023,2025-11-09,2023-12,features_attributes.csv
CUS_0x4206,Victoria Howleyg,24,891-70-1711,Entrepreneur,1/12/2023,2025-11-09,2023-12,features_attributes.csv
CUS_0x42fb,Deepa Seetharamane,37,176-30-1485,Entrepreneur,1/12/2023,2025-11-09,2023-12,features_attributes.csv
CUS_0x43a3,Ra,26,954-99-5736,Media_Manager,1/12/2023,2025-11-09,2023-12,features_attributes.csv
CUS_0x43d0,Camposb,43,309-30-6070,Scientist,1/12/2023,2025-11-09,2023-12,features_attributes.csv
CUS_0x43d1,Nate Raymondk,40,904-98-0688,Mechanic,1/12/2023,2025-11-09,2023-12,features_attributes.csv
CUS_0x446f,Tom Billx,52_,318-09-4149,Accountant,1/12/2023,2025-11-09,2023-12,features_attributes.csv
CUS_0x4475,Andreak,19_,941-24-2210,Accountant,1/12/2023,2025-11-09,2023-12,features_attributes.csv
CUS_0x44cb,Shirouzuu,51,427-62-5278,Musician,1/12/2023,2025-11-09,2023-12,features_attributes.csv
CUS_0x456f,Alwynv,23,013-63-3900,Writer,1/12/2023,2025-11-09,2023-12,features_attributes.csv
CUS_0x45cb,Ethan Bilbyi,43,323-89-9920,Journalist,1/12/2023,2025-11-09,2023-12,features_attributes.csv
CUS_0x467f,Johns,19,253-64-1331,Accountant,1/12/2023,2025-11-09,2023-12,features_attributes.csv
CUS_0x46d,Luciaj,33,502-06-2130,Musician,1/12/2023,2025-11-09,2023-12,features_attributes.csv
CUS_0x46d5,Kevinh,26,416-55-5307,Doctor,1/12/2023,2025-11-09,2023-12,features_attributes.csv
CUS_0x46e8,Scottw,17,084-77-0393,Architect,1/12/2023,2025-11-09,2023-12,features_attributes.csv
CUS_0x4728,Basesw,44,933-75-9733,Accountant,1/12/2023,2025-11-09,2023-12,features_attributes.csv
CUS_0x47da,Rothackerl,18,929-00-2402,Engineer,1/12/2023,2025-11-09,2023-12,features_attributes.csv
CUS_0x4892,Lisad,25,023-32-1539,Lawyer,1/12/2023,2025-11-09,2023-12,features_attributes.csv
CUS_0x4948,Robinsonc,39,432-73-5991,Media_Manager,1/12/2023,2025-11-09,2023-12,features_attributes.csv
CUS_0x496e,Rodrigoy,21,847-75-6199,Mechanic,1/12/2023,2025-11-09,2023-12,features_attributes.csv
CUS_0x49a9,Ryan Vlastelicax,34,290-78-0986,Journalist,1/12/2023,2025-11-09,2023-12,features_attributes.csv
CUS_0x4aa6,Freifeldz,42,532-79-6405,_______,1/12/2023,2025-11-09,2023-12,features_attributes.csv
CUS_0x4af2,Tim Hepherw,45,129-44-0183,Media_Manager,1/12/2023,2025-11-09,2023-12,features_attributes.csv
CUS_0x4b09,Stevenm,15,146-77-2738,Scientist,1/12/2023,2025-11-09,2023-12,features_attributes.csv
CUS_0x4bde,Wohly,28,676-92-1755,Journalist,1/12/2023,2025-11-09,2023-12,features_attributes.csv
CUS_0x4bfb,Tanyaj,44,352-16-8068,Mechanic,1/12/2023,2025-11-09,2023-12,features_attributes.csv
CUS_0x4cc2,Ingridi,19,349-26-0674,Manager,1/12/2023,2025-11-09,2023-12,features_attributes.csv
CUS_0x4cd5,Robin Emmottm,37,449-60-2014,Writer,1/12/2023,2025-11-09,2023-12,features_attributes.csv
CUS_0x4ce7,Mutikanim,40,794-11-8994,Musician,1/12/2023,2025-11-09,2023-12,features_attributes.csv
CUS_0x4d09,Karen Brettellq,37,953-85-2296,Engineer,1/12/2023,2025-11-09,2023-12,features_attributes.csv
CUS_0x4dc5,ernie Woodallz,34,307-04-8725,Accountant,1/12/2023,2025-11-09,2023-12,features_attributes.csv
CUS_0x4df2,Colep,20,#F%$D@*&8,Entrepreneur,1/12/2023,2025-11-09,2023-12,features_attributes.csv
CUS_0x4e8c,Diane Bartzq,19,727-92-1514,Developer,1/12/2023,2025-11-09,2023-12,features_attributes.csv
CUS_0x4e94,Katyaq,47,936-14-9340,Engineer,1/12/2023,2025-11-09,2023-12,features_attributes.csv
CUS_0x4eab,Phil Wahbaa,46,111-56-9101,Lawyer,1/12/2023,2025-11-09,2023-12,features_attributes.csv
CUS_0x4edb,Jonathan Stempele,48,419-12-1965,Lawyer,1/12/2023,2025-11-09,2023-12,features_attributes.csv
CUS_0x4fb5,Kimt,46,143-26-2300,Writer,1/12/2023,2025-11-09,2023-12,features_attributes.csv
CUS_0x5035,Dough,53,560-30-9828,Entrepreneur,1/12/2023,2025-11-09,2023-12,features_attributes.csv
CUS_0x5131,Emily Flitterp,34,455-55-9517,Entrepreneur,1/12/2023,2025-11-09,2023-12,features_attributes.csv
CUS_0x5135,Damouni Noelg,55,017-34-5974,Scientist,1/12/2023,2025-11-09,2023-12,features_attributes.csv
CUS_0x5182,Leeb,43,047-96-9953,Engineer,1/12/2023,2025-11-09,2023-12,features_attributes.csv
CUS_0x5239,Hopkinss,34,410-88-1260,Manager,1/12/2023,2025-11-09,2023-12,features_attributes.csv
CUS_0x5262,Bhaswatit,32,541-53-3205,Developer,1/12/2023,2025-11-09,2023-12,features_attributes.csv
CUS_0x5280,Deepa Seetharamanc,53,863-50-5431,Architect,1/12/2023,2025-11-09,2023-12,features_attributes.csv
CUS_0x5344,Lucia Mutikanig,51,566-56-7727,Engineer,1/12/2023,2025-11-09,2023-12,features_attributes.csv
CUS_0x535d,Catherinex,30,118-92-2759,Developer,1/12/2023,2025-11-09,2023-12,features_attributes.csv
CUS_0x5426,Toonkelz,22,862-45-6731,Entrepreneur,1/12/2023,2025-11-09,2023-12,features_attributes.csv
CUS_0x5495,Scuffhamy,28,350-77-1604,Writer,1/12/2023,2025-11-09,2023-12,features_attributes.csv
CUS_0x54a7,Millikene,17,#F%$D@*&8,Writer,1/12/2023,2025-11-09,2023-12,features_attributes.csv
CUS_0x54b2,Tetsushi Kajimotog,24_,225-34-3629,Scientist,1/12/2023,2025-11-09,2023-12,features_attributes.csv
CUS_0x54c6,John Chalmersx,48,254-43-5949,_______,1/12/2023,2025-11-09,2023-12,features_attributes.csv
CUS_0x5572,Hyunjoo Jina,39,972-53-4211,Scientist,1/12/2023,2025-11-09,2023-12,features_attributes.csv
CUS_0x55f,Nickela,36,650-81-9177,Journalist,1/12/2023,2025-11-09,2023-12,features_attributes.csv
CUS_0x5629,Gouldn,36,784-17-0426,Journalist,1/12/2023,2025-11-09,2023-12,features_attributes.csv
CUS_0x5761,Taylora,30,154-57-8374,Entrepreneur,1/12/2023,2025-11-09,2023-12,features_attributes.csv
CUS_0x5840,Alexw,21,035-85-5019,Mechanic,1/12/2023,2025-11-09,2023-12,features_attributes.csv
CUS_0x584a,Vellacottr,55,229-58-9523,Scientist,1/12/2023,2025-11-09,2023-12,features_attributes.csv
CUS_0x589c,Tim Kellyt,24,919-16-2222,Lawyer,1/12/2023,2025-11-09,2023-12,features_attributes.csv
CUS_0x59dd,Steve Slaterd,28,231-64-8594,Engineer,1/12/2023,2025-11-09,2023-12,features_attributes.csv
CUS_0x5a03,Robin Emmotth,16,811-09-5468,Teacher,1/12/2023,2025-11-09,2023-12,features_attributes.csv
CUS_0x5a0c,Leila Abboudi,2405,309-33-8401,Developer,1/12/2023,2025-11-09,2023-12,features_attributes.csv
CUS_0x5a58,Julie Steenhuysenm,32,625-74-4024,Entrepreneur,1/12/2023,2025-11-09,2023-12,features_attributes.csv
CUS_0x5a7b,Poornimaj,19,935-59-4707,Developer,1/12/2023,2025-11-09,2023-12,features_attributes.csv
CUS_0x5a95,Claral,32,476-07-5355,Accountant,1/12/2023,2025-11-09,2023-12,features_attributes.csv
CUS_0x5aa1,Jonathan Stempelf,30_,467-98-5147,Entrepreneur,1/12/2023,2025-11-09,2023-12,features_attributes.csv
CUS_0x5b57,Yaor,32,763-87-9227,Accountant,1/12/2023,2025-11-09,2023-12,features_attributes.csv
CUS_0x5b9c,Andreac,37,212-61-0276,Manager,1/12/2023,2025-11-09,2023-12,features_attributes.csv
CUS_0x5bf8,Glennh,54,216-78-7750,Doctor,1/12/2023,2025-11-09,2023-12,features_attributes.csv
CUS_0x5bff,Tonir,31,731-35-0994,Lawyer,1/12/2023,2025-11-09,2023-12,features_attributes.csv
CUS_0x5cb8,radk,35,445-76-5961,Architect,1/12/2023,2025-11-09,2023-12,features_attributes.csv
CUS_0x5ccb,Govindasamyh,41,037-01-6529,Teacher,1/12/2023,2025-11-09,2023-12,features_attributes.csv
CUS_0x5d1c,Herbst-Baylisst,19,204-41-9068,Accountant,1/12/2023,2025-11-09,2023-12,features_attributes.csv
CUS_0x5d6d,Martinb,39,957-01-2791,Writer,1/12/2023,2025-11-09,2023-12,features_attributes.csv
CUS_0x5df,Palmerz,43,612-36-0562,Accountant,1/12/2023,2025-11-09,2023-12,features_attributes.csv
CUS_0x5e06,Lionell,34,401-16-8805,Accountant,1/12/2023,2025-11-09,2023-12,features_attributes.csv
CUS_0x5e3e,"OGrady\"z",31,956-17-1632,_______,1/12/2023,2025-11-09,2023-12,features_attributes.csv
CUS_0x5f2f,Cawthornee,18,649-29-0292,Scientist,1/12/2023,2025-11-09,2023-12,features_attributes.csv
CUS_0x5f34,Chrisc,19,432-94-1541,Writer,1/12/2023,2025-11-09,2023-12,features_attributes.csv
CUS_0x5f86,Toonkeld,25,309-04-1544,Musician,1/12/2023,2025-11-09,2023-12,features_attributes.csv
CUS_0x5f90,Silvia Aloisiq,15,323-98-0014,Engineer,1/12/2023,2025-11-09,2023-12,features_attributes.csv
CUS_0x5f92,en Klaymanu,17,762-79-2043,Teacher,1/12/2023,2025-11-09,2023-12,features_attributes.csv
CUS_0x5fc2,Hueth,47,821-16-9505,Scientist,1/12/2023,2025-11-09,2023-12,features_attributes.csv
CUS_0x6068,Lisa Baertleiny,51,898-33-6098,Entrepreneur,1/12/2023,2025-11-09,2023-12,features_attributes.csv
CUS_0x60b6,allg,52,905-53-9874,Scientist,1/12/2023,2025-11-09,2023-12,features_attributes.csv
CUS_0x6109,Rodrigoe,26,003-48-8065,Architect,1/12/2023,2025-11-09,2023-12,features_attributes.csv
CUS_0x6119,Edithv,45,388-77-7201,Scientist,1/12/2023,2025-11-09,2023-12,features_attributes.csv
CUS_0x618b,Vaughano,28,550-94-8995,Lawyer,1/12/2023,2025-11-09,2023-12,features_attributes.csv
CUS_0x6213,Selams,38,678-86-0516,Musician,1/12/2023,2025-11-09,2023-12,features_attributes.csv
CUS_0x62ec,Stevenn,24,567-99-2219,Mechanic,1/12/2023,2025-11-09,2023-12,features_attributes.csv
CUS_0x632,Jan Strupczewskib,44,#F%$D@*&8,Media_Manager,1/12/2023,2025-11-09,2023-12,features_attributes.csv
CUS_0x6428,Nigelf,36,007-98-3418,Musician,1/12/2023,2025-11-09,2023-12,features_attributes.csv
CUS_0x6590,Hurleyz,39,059-11-3992,Mechanic,1/12/2023,2025-11-09,2023-12,features_attributes.csv
CUS_0x65ca,Ermand,48,880-92-1122,Manager,1/12/2023,2025-11-09,2023-12,features_attributes.csv
CUS_0x65f6,Rachelle Younglais,30,489-78-3488,Accountant,1/12/2023,2025-11-09,2023-12,features_attributes.csv
CUS_0x65fc,Joseph A.a,38,238-34-4780,Lawyer,1/12/2023,2025-11-09,2023-12,features_attributes.csv
CUS_0x66a1,Glenn Somervillet,39,425-34-3402,Writer,1/12/2023,2025-11-09,2023-12,features_attributes.csv
CUS_0x66f5,Michael Connory,20,430-15-0729,Mechanic,1/12/2023,2025-11-09,2023-12,features_attributes.csv
CUS_0x6735,illp,36,032-19-7586,Teacher,1/12/2023,2025-11-09,2023-12,features_attributes.csv
CUS_0x67a4,Jonathane,31,495-84-9751,Mechanic,1/12/2023,2025-11-09,2023-12,features_attributes.csv
CUS_0x67cd,Francesco Guarascioh,49,180-25-3939,Accountant,1/12/2023,2025-11-09,2023-12,features_attributes.csv
CUS_0x67e5,Teis Jenseni,19,439-53-2707,_______,1/12/2023,2025-11-09,2023-12,features_attributes.csv
CUS_0x6894,Jessicaa,39,043-33-2748,Media_Manager,1/12/2023,2025-11-09,2023-12,features_attributes.csv
CUS_0x6901,er Andreaw,52,388-08-1184,Journalist,1/12/2023,2025-11-09,2023-12,features_attributes.csv
CUS_0x692a,Kyle Petersonu,22,870-49-7946,Doctor,1/12/2023,2025-11-09,2023-12,features_attributes.csv
CUS_0x698b,Deepa Seetharamanp,44,623-15-9564,Entrepreneur,1/12/2023,2025-11-09,2023-12,features_attributes.csv
CUS_0x6993,Stempelw,45,231-37-0491,Developer,1/12/2023,2025-11-09,2023-12,features_attributes.csv
CUS_0x6a11,dee,35,#F%$D@*&8,Media_Manager,1/12/2023,2025-11-09,2023-12,features_attributes.csv
CUS_0x6a14,Bill Rigbyr,33,510-71-6161,_______,1/12/2023,2025-11-09,2023-12,features_attributes.csv
CUS_0x6a61,Matthew Goldsteing,54,712-78-0892,Architect,1/12/2023,2025-11-09,2023-12,features_attributes.csv
CUS_0x6aca,Paulp,30,487-73-9996,Mechanic,1/12/2023,2025-11-09,2023-12,features_attributes.csv
CUS_0x6acc,Winfreyf,49,492-06-5392,Journalist,1/12/2023,2025-11-09,2023-12,features_attributes.csv
CUS_0x6b44,Dan Levined,39,453-58-1018,Developer,1/12/2023,2025-11-09,2023-12,features_attributes.csv
CUS_0x6c49,Marianna Parragas,46,#F%$D@*&8,Accountant,1/12/2023,2025-11-09,2023-12,features_attributes.csv
CUS_0x6c91,Kaorii,21,995-34-4031,Architect,1/12/2023,2025-11-09,2023-12,features_attributes.csv
CUS_0x6cce,Wohll,27,283-37-4594,Media_Manager,1/12/2023,2025-11-09,2023-12,features_attributes.csv
CUS_0x6d1a,Debrar,15,619-06-7912,Scientist,1/12/2023,2025-11-09,2023-12,features_attributes.csv
CUS_0x6d35,Caroline Copleyb,38,908-27-4797,Mechanic,1/12/2023,2025-11-09,2023-12,features_attributes.csv
CUS_0x6d6e,da Costal,36,310-72-8518,Lawyer,1/12/2023,2025-11-09,2023-12,features_attributes.csv
CUS_0x6e19,N.x,38,404-28-1606,Mechanic,1/12/2023,2025-11-09,2023-12,features_attributes.csv
CUS_0x6e91,Ulfi,19,373-83-4458,Teacher,1/12/2023,2025-11-09,2023-12,features_attributes.csv
CUS_0x6f0f,Joseph Axs,36,071-03-6872,Mechanic,1/12/2023,2025-11-09,2023-12,features_attributes.csv
CUS_0x6f9,N.a,28,824-83-8952,Scientist,1/12/2023,2025-11-09,2023-12,features_attributes.csv
CUS_0x6f93,Reddallt,29,859-12-7933,Doctor,1/12/2023,2025-11-09,2023-12,features_attributes.csv
CUS_0x7081,Berginw,23,653-91-2313,Doctor,1/12/2023,2025-11-09,2023-12,features_attributes.csv
CUS_0x709,Rinker,46,818-12-9237,Mechanic,1/12/2023,2025-11-09,2023-12,features_attributes.csv
CUS_0x710a,Kwoki,24,065-10-1785,Entrepreneur,1/12/2023,2025-11-09,2023-12,features_attributes.csv
CUS_0x71ab,"\"John ODonnell\"n",45,#F%$D@*&8,Media_Manager,1/12/2023,2025-11-09,2023-12,features_attributes.csv
CUS_0x71e2,Karenq,49,#F%$D@*&8,Engineer,1/12/2023,2025-11-09,2023-12,features_attributes.csv
CUS_0x7312,Anoojar,19,454-10-7481,Musician,1/12/2023,2025-11-09,2023-12,features_attributes.csv
CUS_0x732d,Szakacsx,20,719-61-5845,Doctor,1/12/2023,2025-11-09,2023-12,features_attributes.csv
CUS_0x73a6,Kenf,36,334-40-9481,Architect,1/12/2023,2025-11-09,2023-12,features_attributes.csv
CUS_0x743f,Whitez,29,400-26-8241,Lawyer,1/12/2023,2025-11-09,2023-12,features_attributes.csv
CUS_0x744f,Maashov,27,528-53-4876,Doctor,1/12/2023,2025-11-09,2023-12,features_attributes.csv
CUS_0x74e8,Eisenhammera,39,296-90-6071,Doctor,1/12/2023,2025-11-09,2023-12,features_attributes.csv
CUS_0x758f,Schneyerh,17,212-86-0554,Doctor,1/12/2023,2025-11-09,2023-12,features_attributes.csv
CUS_0x7671,Dan Leviney,32,199-01-3833,Musician,1/12/2023,2025-11-09,2023-12,features_attributes.csv
CUS_0x769d,McLaughline,34,971-25-1936,Writer,1/12/2023,2025-11-09,2023-12,features_attributes.csv
CUS_0x786d,Pedroq,20,675-63-0499,Engineer,1/12/2023,2025-11-09,2023-12,features_attributes.csv
CUS_0x78ca,Oreskovicp,53,030-35-7644,Journalist,1/12/2023,2025-11-09,2023-12,features_attributes.csv
CUS_0x78e8,"OGrady\"g",19_,585-82-8337,Doctor,1/12/2023,2025-11-09,2023-12,features_attributes.csv
CUS_0x7906,Ronald Groverv,6646,277-33-1379,Media_Manager,1/12/2023,2025-11-09,2023-12,features_attributes.csv
CUS_0x7974,Karenh,28,792-49-9231,Entrepreneur,1/12/2023,2025-11-09,2023-12,features_attributes.csv
CUS_0x79c0,Jant,46,274-96-0067,Teacher,1/12/2023,2025-11-09,2023-12,features_attributes.csv
CUS_0x7a14,N.v,19,576-97-5253,Manager,1/12/2023,2025-11-09,2023-12,features_attributes.csv
CUS_0x7a22,Sabam,49,478-48-4669,_______,1/12/2023,2025-11-09,2023-12,features_attributes.csv
CUS_0x7a26,Mutikanil,46,107-07-0053,Doctor,1/12/2023,2025-11-09,2023-12,features_attributes.csv
CUS_0x7a32,Kevin Yaoy,41,149-87-5601,Writer,1/12/2023,2025-11-09,2023-12,features_attributes.csv
CUS_0x7a7f,Johnp,46,555-12-0749,Engineer,1/12/2023,2025-11-09,2023-12,features_attributes.csv
CUS_0x7a8e,Wanfeng Zhoug,44,113-27-5219,Lawyer,1/12/2023,2025-11-09,2023-12,features_attributes.csv
CUS_0x7ab3,Layneu,39,#F%$D@*&8,Accountant,1/12/2023,2025-11-09,2023-12,features_attributes.csv
CUS_0x7af8,Nishant Kumaru,39,751-11-3630,Manager,1/12/2023,2025-11-09,2023-12,features_attributes.csv
CUS_0x7b38,Wayne Coleg,30,738-27-7124,Musician,1/12/2023,2025-11-09,2023-12,features_attributes.csv
CUS_0x7c0d,Aruna Viswanathae,51,910-44-9683,Accountant,1/12/2023,2025-11-09,2023-12,features_attributes.csv
CUS_0x7c79,Lauren Taran,53,011-03-4037,Mechanic,1/12/2023,2025-11-09,2023-12,features_attributes.csv
CUS_0x7c88,Juccav,46,#F%$D@*&8,Entrepreneur,1/12/2023,2025-11-09,2023-12,features_attributes.csv
CUS_0x7d66,Johng,47_,621-07-0498,Journalist,1/12/2023,2025-11-09,2023-12,features_attributes.csv
CUS_0x7d6e,Stephend,19,#F%$D@*&8,Journalist,1/12/2023,2025-11-09,2023-12,features_attributes.csv
CUS_0x7dab,Jonathan Spicerl,20,745-71-9769,Writer,1/12/2023,2025-11-09,2023-12,features_attributes.csv
CUS_0x7de1,Lucia Mutikanip,35,589-59-5230,Developer,1/12/2023,2025-11-09,2023-12,features_attributes.csv
CUS_0x7de5,Zhouy,48,390-51-5865,Lawyer,1/12/2023,2025-11-09,2023-12,features_attributes.csv
CUS_0x7e6c,Lefteris Papadimaso,48,302-82-0750,Accountant,1/12/2023,2025-11-09,2023-12,features_attributes.csv
CUS_0x7ef5,Emily Flitterc,53,354-51-2466,Musician,1/12/2023,2025-11-09,2023-12,features_attributes.csv
CUS_0x7efc,Jourdanv,42,194-66-9977,_______,1/12/2023,2025-11-09,2023-12,features_attributes.csv
CUS_0x7f3f,Ilainaa,19,380-39-4930,Lawyer,1/12/2023,2025-11-09,2023-12,features_attributes.csv
CUS_0x7f6c,Schuetzew,16,196-69-7786,Lawyer,1/12/2023,2025-11-09,2023-12,features_attributes.csv
CUS_0x7f73,Katharinab,46,342-72-4971,Architect,1/12/2023,2025-11-09,2023-12,features_attributes.csv
CUS_0x7fa8,Millikenk,29,541-30-9168,Journalist,1/12/2023,2025-11-09,2023-12,features_attributes.csv
CUS_0x804d,Johni,23,#F%$D@*&8,Architect,1/12/2023,2025-11-09,2023-12,features_attributes.csv
CUS_0x80fd,Berniez,36,203-81-2427,Developer,1/12/2023,2025-11-09,2023-12,features_attributes.csv
CUS_0x812c,Gertrude Chavez-Dreyfusse,36,631-45-4165,_______,1/12/2023,2025-11-09,2023-12,features_attributes.csv
CUS_0x8138,Jonathan Stempelb,21,346-55-0187,Entrepreneur,1/12/2023,2025-11-09,2023-12,features_attributes.csv
CUS_0x81d,Georgiopoulosx,27,806-28-3875,Scientist,1/12/2023,2025-11-09,2023-12,features_attributes.csv
CUS_0x81d7,Emeliak,27,413-90-4760,Accountant,1/12/2023,2025-11-09,2023-12,features_attributes.csv
CUS_0x827f,LaCapra Douweu,20,917-01-2750,Doctor,1/12/2023,2025-11-09,2023-12,features_attributes.csv
CUS_0x8304,Cheungy,36,538-58-1635,Entrepreneur,1/12/2023,2025-11-09,2023-12,features_attributes.csv
CUS_0x837,Emmottu,35,128-85-7451,Manager,1/12/2023,2025-11-09,2023-12,features_attributes.csv
CUS_0x8391,Peter Rudegeairj,39,052-94-1839,Accountant,1/12/2023,2025-11-09,2023-12,features_attributes.csv
CUS_0x839b,Silvia Ognibenei,49,403-71-6438,Lawyer,1/12/2023,2025-11-09,2023-12,features_attributes.csv
CUS_0x83c3,Dena Aubinn,45_,432-73-7397,Writer,1/12/2023,2025-11-09,2023-12,features_attributes.csv
CUS_0x83e8,ernard Vaughanx,26,956-84-3692,Engineer,1/12/2023,2025-11-09,2023-12,features_attributes.csv
CUS_0x8440,Reidu,49,815-07-0908,_______,1/12/2023,2025-11-09,2023-12,features_attributes.csv
CUS_0x8442,Anng,48,897-16-4242,Lawyer,1/12/2023,2025-11-09,2023-12,features_attributes.csv
CUS_0x84a8,Kanekoe,43,819-24-5756,Mechanic,1/12/2023,2025-11-09,2023-12,features_attributes.csv
CUS_0x867d,Peterm,48,490-86-5744,Scientist,1/12/2023,2025-11-09,2023-12,features_attributes.csv
CUS_0x868,enc,32,760-71-1258,Journalist,1/12/2023,2025-11-09,2023-12,features_attributes.csv
CUS_0x86d9,Emily Stephensonm,54,828-32-1568,Accountant,1/12/2023,2025-11-09,2023-12,features_attributes.csv
CUS_0x8766,Andreasb,23_,682-79-9909,Manager,1/12/2023,2025-11-09,2023-12,features_attributes.csv
CUS_0x87a4,Nick Edwardsl,20,011-46-1777,Accountant,1/12/2023,2025-11-09,2023-12,features_attributes.csv
CUS_0x8804,Susan Tayloro,41,#F%$D@*&8,Accountant,1/12/2023,2025-11-09,2023-12,features_attributes.csv
CUS_0x881c,Nick Careyp,23,248-08-6639,Writer,1/12/2023,2025-11-09,2023-12,features_attributes.csv
CUS_0x8822,Stevenc,21,164-20-1767,Journalist,1/12/2023,2025-11-09,2023-12,features_attributes.csv
CUS_0x8927,Oreskovicw,29,184-06-0856,Media_Manager,1/12/2023,2025-11-09,2023-12,features_attributes.csv
CUS_0x8990,Nate Raymondu,53,284-65-3957,Journalist,1/12/2023,2025-11-09,2023-12,features_attributes.csv
CUS_0x89a6,Susan Kellyf,39,762-87-0890,Entrepreneur,1/12/2023,2025-11-09,2023-12,features_attributes.csv
CUS_0x89bd,Edward Krudyj,23,899-69-8713,Mechanic,1/12/2023,2025-11-09,2023-12,features_attributes.csv
CUS_0x89cb,Jourdane,43,120-21-4824,Architect,1/12/2023,2025-11-09,2023-12,features_attributes.csv
CUS_0x89e,Halss,31,#F%$D@*&8,Architect,1/12/2023,2025-11-09,2023-12,features_attributes.csv
CUS_0x8af0,Sinead Carewt,24,341-50-0808,Engineer,1/12/2023,2025-11-09,2023-12,features_attributes.csv
CUS_0x8b11,Sharpd,23,#F%$D@*&8,Entrepreneur,1/12/2023,2025-11-09,2023-12,features_attributes.csv
CUS_0x8c47,Rothackerr,24,152-64-4162,Musician,1/12/2023,2025-11-09,2023-12,features_attributes.csv
CUS_0x8c7b,Jessica Toonkelt,31,862-65-2779,Writer,1/12/2023,2025-11-09,2023-12,features_attributes.csv
CUS_0x8cf9,Dhanya Skariachana,54,937-30-9943,Writer,1/12/2023,2025-11-09,2023-12,features_attributes.csv
CUS_0x8d12,Rosemarie Franciscoc,41,133-09-6880,Engineer,1/12/2023,2025-11-09,2023-12,features_attributes.csv
CUS_0x8d7b,Luciao,43,448-73-2560,Mechanic,1/12/2023,2025-11-09,2023-12,features_attributes.csv
CUS_0x8d91,Pedro daz,55,422-97-8090,Teacher,1/12/2023,2025-11-09,2023-12,features_attributes.csv
CUS_0x8d9a,Jonesg,19,643-01-6771,Doctor,1/12/2023,2025-11-09,2023-12,features_attributes.csv
CUS_0x8dbe,Dinesht,34,305-35-3845,Developer,1/12/2023,2025-11-09,2023-12,features_attributes.csv
CUS_0x8dc4,Colvino,39,331-36-8753,Scientist,1/12/2023,2025-11-09,2023-12,features_attributes.csv
CUS_0x8e71,Rick Rothackern,33,831-07-4489,Manager,1/12/2023,2025-11-09,2023-12,features_attributes.csv
CUS_0x8ee1,Richardh,53,640-09-8819,Journalist,1/12/2023,2025-11-09,2023-12,features_attributes.csv
CUS_0x8ee3,Lisa Baertleinb,21_,356-40-2929,Engineer,1/12/2023,2025-11-09,2023-12,features_attributes.csv
CUS_0x8f20,Leilaa,50,099-46-3811,Developer,1/12/2023,2025-11-09,2023-12,features_attributes.csv
CUS_0x8f4f,Hepherb,15,981-31-5070,Journalist,1/12/2023,2025-11-09,2023-12,features_attributes.csv
CUS_0x8fa9,Rosemariel,28,176-38-4467,Media_Manager,1/12/2023,2025-11-09,2023-12,features_attributes.csv
CUS_0x8fee,Yukhananovs,53,317-51-1283,Doctor,1/12/2023,2025-11-09,2023-12,features_attributes.csv
CUS_0x909d,Robin Paxtonb,18,156-69-3703,Engineer,1/12/2023,2025-11-09,2023-12,features_attributes.csv
CUS_0x9165,Selyukhu,45,459-75-6944,Accountant,1/12/2023,2025-11-09,2023-12,features_attributes.csv
CUS_0x9173,Kirstik,31,852-21-2835,Manager,1/12/2023,2025-11-09,2023-12,features_attributes.csv
CUS_0x9192,Saphirf,2534,634-41-0914,Media_Manager,1/12/2023,2025-11-09,2023-12,features_attributes.csv
CUS_0x91dd,Lanninu,36,947-53-5559,Writer,1/12/2023,2025-11-09,2023-12,features_attributes.csv
CUS_0x91fe,Clarkee,22,690-96-7017,Architect,1/12/2023,2025-11-09,2023-12,features_attributes.csv
CUS_0x9214,Guptab,42,361-27-9731,Accountant,1/12/2023,2025-11-09,2023-12,features_attributes.csv
CUS_0x9281,Saphirz,36,114-10-2779,Engineer,1/12/2023,2025-11-09,2023-12,features_attributes.csv
CUS_0x92df,Kajimotoh,32,756-71-3400,Accountant,1/12/2023,2025-11-09,2023-12,features_attributes.csv
CUS_0x9423,Ed Stoddardf,37,094-27-2927,Scientist,1/12/2023,2025-11-09,2023-12,features_attributes.csv
CUS_0x94aa,Flynna,34,607-98-0542,Media_Manager,1/12/2023,2025-11-09,2023-12,features_attributes.csv
CUS_0x9595,Daveyw,33,740-18-4590,Developer,1/12/2023,2025-11-09,2023-12,features_attributes.csv
CUS_0x960f,Zhuf,5504,203-84-6827,Media_Manager,1/12/2023,2025-11-09,2023-12,features_attributes.csv
CUS_0x961d,Nadia Damounio,54,727-57-6857,Writer,1/12/2023,2025-11-09,2023-12,features_attributes.csv
CUS_0x965e,Paul Thomaschz,37,871-95-3874,Teacher,1/12/2023,2025-11-09,2023-12,features_attributes.csv
CUS_0x96b5,Shiha,39,933-15-4753,Lawyer,1/12/2023,2025-11-09,2023-12,features_attributes.csv
CUS_0x9741,"SaPinto\" Emmau",39,508-79-5577,Writer,1/12/2023,2025-11-09,2023-12,features_attributes.csv
CUS_0x9761,Flynnk,44,069-05-2904,Musician,1/12/2023,2025-11-09,2023-12,features_attributes.csv
CUS_0x9815,Wahba Astridr,39,365-53-4721,Lawyer,1/12/2023,2025-11-09,2023-12,features_attributes.csv
CUS_0x98f5,Nerijusp,31,078-09-2980,Accountant,1/12/2023,2025-11-09,2023-12,features_attributes.csv
CUS_0x997,enw,8678,914-87-9289,Mechanic,1/12/2023,2025-11-09,2023-12,features_attributes.csv
CUS_0x99be,Jonathan Spicerd,23,139-01-8203,Lawyer,1/12/2023,2025-11-09,2023-12,features_attributes.csv
CUS_0x99dc,Vidya Ranganathans,35,135-62-4830,Developer,1/12/2023,2025-11-09,2023-12,features_attributes.csv
CUS_0x9a6b,Lukew,38,422-30-7649,Journalist,1/12/2023,2025-11-09,2023-12,features_attributes.csv
CUS_0x9adc,Dineshi,35,965-03-7962,Teacher,1/12/2023,2025-11-09,2023-12,features_attributes.csv
CUS_0x9afb,Kiml,21,027-88-1476,_______,1/12/2023,2025-11-09,2023-12,features_attributes.csv
CUS_0x9bbd,Hendrik Sackmannb,50,217-52-9489,Media_Manager,1/12/2023,2025-11-09,2023-12,features_attributes.csv
CUS_0x9c34,Leskee,35,652-89-4186,Doctor,1/12/2023,2025-11-09,2023-12,features_attributes.csv
CUS_0x9cdf,Nathang,16,670-04-8813,Media_Manager,1/12/2023,2025-11-09,2023-12,features_attributes.csv
CUS_0x9ce9,Laura Noonani,25,297-91-4807,Teacher,1/12/2023,2025-11-09,2023-12,features_attributes.csv
CUS_0x9d89,da Costan,28,576-38-5212,Entrepreneur,1/12/2023,2025-11-09,2023-12,features_attributes.csv
CUS_0x9dc1,Claire Davenportz,43,334-06-1440,Accountant,1/12/2023,2025-11-09,2023-12,features_attributes.csv
CUS_0x9de2,Andreai,54,568-59-4064,Entrepreneur,1/12/2023,2025-11-09,2023-12,features_attributes.csv
CUS_0x9e26,Shalal-Esae,20,500-94-0282,Teacher,1/12/2023,2025-11-09,2023-12,features_attributes.csv
CUS_0x9f25,Tomas Sarmientod,35,069-47-0264,_______,1/12/2023,2025-11-09,2023-12,features_attributes.csv
CUS_0xa03a,Isabel Reynoldsp,38,#F%$D@*&8,Accountant,1/12/2023,2025-11-09,2023-12,features_attributes.csv
CUS_0xa040,Helen Bartholomeww,21,079-12-3965,Architect,1/12/2023,2025-11-09,2023-12,features_attributes.csv
CUS_0xa05d,Donny Kwokh,30,445-30-2049,Scientist,1/12/2023,2025-11-09,2023-12,features_attributes.csv
CUS_0xa080,Huw Jonesf,-500,474-20-1816,Engineer,1/12/2023,2025-11-09,2023-12,features_attributes.csv
CUS_0xa08b,Walterx,40,274-01-4475,Scientist,1/12/2023,2025-11-09,2023-12,features_attributes.csv
CUS_0xa0d,Stevenw,42,655-78-0925,Scientist,1/12/2023,2025-11-09,2023-12,features_attributes.csv
CUS_0xa1b,Jessicad,54,120-09-6584,Media_Manager,1/12/2023,2025-11-09,2023-12,features_attributes.csv
CUS_0xa1bd,Ermanv,41,306-16-4271,Journalist,1/12/2023,2025-11-09,2023-12,features_attributes.csv
CUS_0xa1f1,Langej,24,907-78-2343,Musician,1/12/2023,2025-11-09,2023-12,features_attributes.csv
CUS_0xa23e,Goldsteinm,18,266-46-9280,Developer,1/12/2023,2025-11-09,2023-12,features_attributes.csv
CUS_0xa282,Angela Moonf,18,#F%$D@*&8,Journalist,1/12/2023,2025-11-09,2023-12,features_attributes.csv
CUS_0xa2ac,"ODonnell\"b",36,766-58-6507,Writer,1/12/2023,2025-11-09,2023-12,features_attributes.csv
CUS_0xa2b,Sarahw,31,427-87-7635,Manager,1/12/2023,2025-11-09,2023-12,features_attributes.csv
CUS_0xa301,"\"Martiny",39,#F%$D@*&8,Writer,1/12/2023,2025-11-09,2023-12,features_attributes.csv
CUS_0xa350,Bakerm,36,421-48-0603,Scientist,1/12/2023,2025-11-09,2023-12,features_attributes.csv
CUS_0xa36e,Walterh,49,640-30-2701,Architect,1/12/2023,2025-11-09,2023-12,features_attributes.csv
CUS_0xa3bf,Dave Clarkeo,30,951-65-0782,Scientist,1/12/2023,2025-11-09,2023-12,features_attributes.csv
CUS_0xa465,Angelaj,32,762-10-5895,Engineer,1/12/2023,2025-11-09,2023-12,features_attributes.csv
CUS_0xa46f,Garciaz,41,590-91-6751,Manager,1/12/2023,2025-11-09,2023-12,features_attributes.csv
CUS_0xa47,Jonathan Stempelm,48,815-90-8113,Mechanic,1/12/2023,2025-11-09,2023-12,features_attributes.csv
CUS_0xa4f2,"OBrien\"p",45,853-39-8294,Scientist,1/12/2023,2025-11-09,2023-12,features_attributes.csv
CUS_0xa530,Paula,37,528-62-6036,Teacher,1/12/2023,2025-11-09,2023-12,features_attributes.csv
CUS_0xa54b,Ben Berkowitze,27,732-98-2688,_______,1/12/2023,2025-11-09,2023-12,features_attributes.csv
CUS_0xa585,Mark Felsenthali,48,645-55-3869,Musician,1/12/2023,2025-11-09,2023-12,features_attributes.csv
CUS_0xa648,Alisonb,21,313-83-6853,Teacher,1/12/2023,2025-11-09,2023-12,features_attributes.csv
CUS_0xa66c,Ernest Scheyderi,24,770-36-8261,Accountant,1/12/2023,2025-11-09,2023-12,features_attributes.csv
CUS_0xa741,Angela Moonu,38,434-48-5834,_______,1/12/2023,2025-11-09,2023-12,features_attributes.csv
CUS_0xa766,Bakerm,23,476-50-2025,Engineer,1/12/2023,2025-11-09,2023-12,features_attributes.csv
CUS_0xa773,Renee Maltezouz,18,123-87-3291,Developer,1/12/2023,2025-11-09,2023-12,features_attributes.csv
CUS_0xa781,Cruisex,22,447-70-8247,Scientist,1/12/2023,2025-11-09,2023-12,features_attributes.csv
CUS_0xa8a,Peter Rudegeairv,24,920-05-6695,Accountant,1/12/2023,2025-11-09,2023-12,features_attributes.csv
CUS_0xa964,Leahc,-500,792-17-2106,Lawyer,1/12/2023,2025-11-09,2023-12,features_attributes.csv
CUS_0xa9a2,Jennifer Sabao,24,230-52-2154,Media_Manager,1/12/2023,2025-11-09,2023-12,features_attributes.csv
CUS_0xaa80,Andrew Torchiai,43,313-02-7200,Writer,1/12/2023,2025-11-09,2023-12,features_attributes.csv
CUS_0xab9c,Tagarise,39,229-52-6885,_______,1/12/2023,2025-11-09,2023-12,features_attributes.csv
CUS_0xabd9,Richard Leongs,25,299-80-2126,Engineer,1/12/2023,2025-11-09,2023-12,features_attributes.csv
CUS_0xac2d,Jessicab,15,239-55-7534,Scientist,1/12/2023,2025-11-09,2023-12,features_attributes.csv
CUS_0xac4a,Alexw,29,514-32-8216,Mechanic,1/12/2023,2025-11-09,2023-12,features_attributes.csv
CUS_0xacb2,Shyamantha Asokank,26,505-98-5428,Scientist,1/12/2023,2025-11-09,2023-12,features_attributes.csv
CUS_0xacec,Laurentn,18,661-67-1317,Writer,1/12/2023,2025-11-09,2023-12,features_attributes.csv
CUS_0xad0e,Bhattacharjeef,23,739-57-5002,Doctor,1/12/2023,2025-11-09,2023-12,features_attributes.csv
CUS_0xad11,Caroline Valetkevitchy,4929,249-39-8538,Developer,1/12/2023,2025-11-09,2023-12,features_attributes.csv
CUS_0xad3f,Jint,37,152-57-8963,Developer,1/12/2023,2025-11-09,2023-12,features_attributes.csv
CUS_0xad4f,Sabina Zawadzkig,48,226-45-0652,_______,1/12/2023,2025-11-09,2023-12,features_attributes.csv
CUS_0xad97,Michaeld,52,302-64-7091,Scientist,1/12/2023,2025-11-09,2023-12,features_attributes.csv
CUS_0xada3,Keithd,19,764-30-4139,Writer,1/12/2023,2025-11-09,2023-12,features_attributes.csv
CUS_0xadf5,Laurencep,37,587-48-4616,Mechanic,1/12/2023,2025-11-09,2023-12,features_attributes.csv
CUS_0xae42,Hugh Bronsteine,56,166-16-7587,Entrepreneur,1/12/2023,2025-11-09,2023-12,features_attributes.csv
CUS_0xae4f,Anna Ringstromv,31,373-92-0837,_______,1/12/2023,2025-11-09,2023-12,features_attributes.csv
CUS_0xb024,Isabely,20,145-30-4355,Scientist,1/12/2023,2025-11-09,2023-12,features_attributes.csv
CUS_0xb066,Xizew,20,664-33-5906,Engineer,1/12/2023,2025-11-09,2023-12,features_attributes.csv
CUS_0xb14d,Stefano Bernabeil,27,949-99-1331,_______,1/12/2023,2025-11-09,2023-12,features_attributes.csv
CUS_0xb15e,Barrp,26,979-26-9525,Mechanic,1/12/2023,2025-11-09,2023-12,features_attributes.csv
CUS_0xb160,Deepac,51,077-78-3625,Scientist,1/12/2023,2025-11-09,2023-12,features_attributes.csv
CUS_0xb1c2,Georgina Prodhanl,45,023-36-9291,Scientist,1/12/2023,2025-11-09,2023-12,features_attributes.csv
CUS_0xb1e7,Ermano,22,315-68-8909,Lawyer,1/12/2023,2025-11-09,2023-12,features_attributes.csv
CUS_0xb2d2,Ryan Vlastelicas,47,199-93-0552,Developer,1/12/2023,2025-11-09,2023-12,features_attributes.csv
CUS_0xb3f2,Luken,38,198-29-0316,Writer,1/12/2023,2025-11-09,2023-12,features_attributes.csv
CUS_0xb460,David Henryj,29,237-33-7346,Doctor,1/12/2023,2025-11-09,2023-12,features_attributes.csv
CUS_0xb607,Sarahv,40,486-31-0352,Entrepreneur,1/12/2023,2025-11-09,2023-12,features_attributes.csv
CUS_0xb637,Chikafumi Hodow,32,131-37-9493,Engineer,1/12/2023,2025-11-09,2023-12,features_attributes.csv
CUS_0xb648,Richard Leongg,53,535-53-6129,Accountant,1/12/2023,2025-11-09,2023-12,features_attributes.csv
CUS_0xb658,Eddiec,54,397-49-5846,Lawyer,1/12/2023,2025-11-09,2023-12,features_attributes.csv
CUS_0xb68e,Metted,30,559-85-9762,Scientist,1/12/2023,2025-11-09,2023-12,features_attributes.csv
CUS_0xb6eb,Webbg,28,367-33-5973,Media_Manager,1/12/2023,2025-11-09,2023-12,features_attributes.csv
CUS_0xb756,Karen Freifeldu,38,#F%$D@*&8,Developer,1/12/2023,2025-11-09,2023-12,features_attributes.csv
CUS_0xb7c4,Vlastelicat,28,581-05-4994,Engineer,1/12/2023,2025-11-09,2023-12,features_attributes.csv
CUS_0xb7d0,Angelax,38,668-54-0278,Engineer,1/12/2023,2025-11-09,2023-12,features_attributes.csv
CUS_0xb83d,Caroline Valetkevitchl,31,583-60-0474,Engineer,1/12/2023,2025-11-09,2023-12,features_attributes.csv
CUS_0xb89,Aruna Viswanathao,22,123-28-4825,Engineer,1/12/2023,2025-11-09,2023-12,features_attributes.csv
CUS_0xb8a1,Rudegeairg,47,853-28-7975,Architect,1/12/2023,2025-11-09,2023-12,features_attributes.csv
CUS_0xb98d,Adlerk,29,134-03-4386,Journalist,1/12/2023,2025-11-09,2023-12,features_attributes.csv
CUS_0xb9d2,arbarat,28,000-80-0683,Manager,1/12/2023,2025-11-09,2023-12,features_attributes.csv
CUS_0xba5,Malathic,47,745-22-0093,Teacher,1/12/2023,2025-11-09,2023-12,features_attributes.csv
CUS_0xba68,Allison Martellj,32,739-32-5333,Developer,1/12/2023,2025-11-09,2023-12,features_attributes.csv
CUS_0xba6c,Karolin Schapse,45,106-05-3603,Teacher,1/12/2023,2025-11-09,2023-12,features_attributes.csv
CUS_0xba96,Jonathanv,38,850-35-4831,Entrepreneur,1/12/2023,2025-11-09,2023-12,features_attributes.csv
CUS_0xbb6c,N.p,26_,181-72-5400,Teacher,1/12/2023,2025-11-09,2023-12,features_attributes.csv
CUS_0xbc06,Scott Maloned,22,095-45-2407,Writer,1/12/2023,2025-11-09,2023-12,features_attributes.csv
CUS_0xbd23,Ross Kerbere,31,985-30-0728,Writer,1/12/2023,2025-11-09,2023-12,features_attributes.csv
CUS_0xbd89,Crawleyq,40,137-80-9734,Scientist,1/12/2023,2025-11-09,2023-12,features_attributes.csv
CUS_0xbe89,Matthewl,28,014-76-0876,Lawyer,1/12/2023,2025-11-09,2023-12,features_attributes.csv
CUS_0xbeef,Nateu,20,351-04-3643,Mechanic,1/12/2023,2025-11-09,2023-12,features_attributes.csv
CUS_0xbf1d,Manoj Kumars,23,#F%$D@*&8,Scientist,1/12/2023,2025-11-09,2023-12,features_attributes.csv
CUS_0xbf8f,Lesley Wroughtonj,46,110-49-2510,Journalist,1/12/2023,2025-11-09,2023-12,features_attributes.csv
CUS_0xc11e,Chuck Mikolajczakj,35,797-25-8389,Entrepreneur,1/12/2023,2025-11-09,2023-12,features_attributes.csv
CUS_0xc166,Thomash,56,466-09-8122,Architect,1/12/2023,2025-11-09,2023-12,features_attributes.csv
CUS_0xc181,Davidf,37,675-08-7274,_______,1/12/2023,2025-11-09,2023-12,features_attributes.csv
CUS_0xc18f,ini Gernoti,32,686-70-9142,Manager,1/12/2023,2025-11-09,2023-12,features_attributes.csv
CUS_0xc1dc,Natei,42,516-83-0790,Writer,1/12/2023,2025-11-09,2023-12,features_attributes.csv
CUS_0xc331,Stevex,45,456-51-6856,Doctor,1/12/2023,2025-11-09,2023-12,features_attributes.csv
CUS_0xc3cc,Aldredy,40,508-87-2538,Mechanic,1/12/2023,2025-11-09,2023-12,features_attributes.csv
CUS_0xc48b,Koh Guig,25,646-19-1536,Entrepreneur,1/12/2023,2025-11-09,2023-12,features_attributes.csv
CUS_0xc52c,Poornimar,26,418-53-6185,Developer,1/12/2023,2025-11-09,2023-12,features_attributes.csv
CUS_0xc5f9,Jeffsi,36,980-94-4458,Writer,1/12/2023,2025-11-09,2023-12,features_attributes.csv
CUS_0xc664,Johnsonr,2347,433-68-8862,Developer,1/12/2023,2025-11-09,2023-12,features_attributes.csv
CUS_0xc680,Lynn Adlerb,39,676-95-9854,_______,1/12/2023,2025-11-09,2023-12,features_attributes.csv
CUS_0xc70e,Walshl,-500,937-90-1635,Scientist,1/12/2023,2025-11-09,2023-12,features_attributes.csv
CUS_0xc9f,Jennifert,15,#F%$D@*&8,Scientist,1/12/2023,2025-11-09,2023-12,features_attributes.csv
CUS_0xd61,Giannonem,14,372-56-7935,Engineer,1/12/2023,2025-11-09,2023-12,features_attributes.csv
CUS_0xde7,C.i,21,958-41-4902,Manager,1/12/2023,2025-11-09,2023-12,features_attributes.csv
CUS_0xe32,Connore,45,433-26-2777,Doctor,1/12/2023,2025-11-09,2023-12,features_attributes.csv
CUS_0xe42,Kirstinu,31,514-11-6434,Mechanic,1/12/2023,2025-11-09,2023-12,features_attributes.csv
CUS_0xedf,Sruthi Ramakrishnanx,33,075-05-7829,Journalist,1/12/2023,2025-11-09,2023-12,features_attributes.csv
CUS_0xfb4,Laurenceh,47,159-51-7992,Writer,1/12/2023,2025-11-09,2023-12,features_attributes.csv
