Customer_ID,Name,Age,SSN,Occupation,snapshot_date,ingest_dt,snap_ym,source_file
CUS_0x1130,Elizabethr,37,846-60-3664,_______,1/7/2023,2025-11-09,2023-07,features_attributes.csv
CUS_0x11d1,Jennifer Ablans,25,#F%$D@*&8,Mechanic,1/7/2023,2025-11-09,2023-07,features_attributes.csv
CUS_0x11eb,Millikenw,3553,032-85-4630,_______,1/7/2023,2025-11-09,2023-07,features_attributes.csv
CUS_0x120c,James Regann,15,212-98-0232,Scientist,1/7/2023,2025-11-09,2023-07,features_attributes.csv
CUS_0x124a,B.d,28,591-07-8373,Developer,1/7/2023,2025-11-09,2023-07,features_attributes.csv
CUS_0x12ce,John McCrankz,42,460-15-2731,Accountant,1/7/2023,2025-11-09,2023-07,features_attributes.csv
CUS_0x13b0,Doug Palmerl,33,724-94-0404,Entrepreneur,1/7/2023,2025-11-09,2023-07,features_attributes.csv
CUS_0x13d6,Michaelk,44,502-34-9558,Engineer,1/7/2023,2025-11-09,2023-07,features_attributes.csv
CUS_0x13de,Scottx,35,298-78-5836,Lawyer,1/7/2023,2025-11-09,2023-07,features_attributes.csv
CUS_0x13ec,Gabriel Wildauu,55,840-30-6552,Engineer,1/7/2023,2025-11-09,2023-07,features_attributes.csv
CUS_0x13f6,Levinea,46,178-96-0125,Entrepreneur,1/7/2023,2025-11-09,2023-07,features_attributes.csv
CUS_0x14a3,Prustyx,-500,642-06-3189,Media_Manager,1/7/2023,2025-11-09,2023-07,features_attributes.csv
CUS_0x14b3,Georged,54,109-01-0234,Lawyer,1/7/2023,2025-11-09,2023-07,features_attributes.csv
CUS_0x14b9,Silvia Aloisit,30,035-83-1012,Architect,1/7/2023,2025-11-09,2023-07,features_attributes.csv
CUS_0x150c,Robd,21,008-81-3367,Mechanic,1/7/2023,2025-11-09,2023-07,features_attributes.csv
CUS_0x15e7,Yimou Leeh,16,948-92-5850,Media_Manager,1/7/2023,2025-11-09,2023-07,features_attributes.csv
CUS_0x1647,Caroline Valetkevitchb,19_,747-79-7877,Lawyer,1/7/2023,2025-11-09,2023-07,features_attributes.csv
CUS_0x165e,Schnurrn,30,185-36-2802,Doctor,1/7/2023,2025-11-09,2023-07,features_attributes.csv
CUS_0x17e8,Koh Guii,35,092-76-3178,Mechanic,1/7/2023,2025-11-09,2023-07,features_attributes.csv
CUS_0x17f0,Luke Jeffsl,26,097-85-1090,Scientist,1/7/2023,2025-11-09,2023-07,features_attributes.csv
CUS_0x182d,Smiths,26,344-73-9102,Entrepreneur,1/7/2023,2025-11-09,2023-07,features_attributes.csv
CUS_0x184c,Goelr,21,330-09-7564,_______,1/7/2023,2025-11-09,2023-07,features_attributes.csv
CUS_0x1863,Vinocurw,54,316-92-2785,Manager,1/7/2023,2025-11-09,2023-07,features_attributes.csv
CUS_0x193b,Guiy,16,044-37-0803,Lawyer,1/7/2023,2025-11-09,2023-07,features_attributes.csv
CUS_0x1986,Kaori Kanekot,53,136-39-0495,Teacher,1/7/2023,2025-11-09,2023-07,features_attributes.csv
CUS_0x1a16,Leahb,34,316-83-4105,_______,1/7/2023,2025-11-09,2023-07,features_attributes.csv
CUS_0x1a44,Alanp,44,990-15-5111,Mechanic,1/7/2023,2025-11-09,2023-07,features_attributes.csv
CUS_0x1aeb,Dane,19,256-19-0938,Teacher,1/7/2023,2025-11-09,2023-07,features_attributes.csv
CUS_0x1b71,Sonali Paulk,29,899-16-9688,Architect,1/7/2023,2025-11-09,2023-07,features_attributes.csv
CUS_0x1c79,Lashb,45,699-49-5543,Engineer,1/7/2023,2025-11-09,2023-07,features_attributes.csv
CUS_0x1d7b,Svea Herbst-Baylissq,19,512-27-0955,Engineer,1/7/2023,2025-11-09,2023-07,features_attributes.csv
CUS_0x1dad,C.o,22_,021-69-2391,Architect,1/7/2023,2025-11-09,2023-07,features_attributes.csv
CUS_0x1e51,Raymondl,32,887-23-0031,Entrepreneur,1/7/2023,2025-11-09,2023-07,features_attributes.csv
CUS_0x1ec5,Jonathan Leffd,34,042-68-5885,Accountant,1/7/2023,2025-11-09,2023-07,features_attributes.csv
CUS_0x1f04,rob,38,387-02-5364,Manager,1/7/2023,2025-11-09,2023-07,features_attributes.csv
CUS_0x2038,Daria Sito-Sucicd,33,563-29-1145,_______,1/7/2023,2025-11-09,2023-07,features_attributes.csv
CUS_0x2064,Terry Baynesh,20,431-84-9907,Scientist,1/7/2023,2025-11-09,2023-07,features_attributes.csv
CUS_0x2112,Leungi,32,#F%$D@*&8,Writer,1/7/2023,2025-11-09,2023-07,features_attributes.csv
CUS_0x2184,Goldsteinv,18,496-44-5947,Media_Manager,1/7/2023,2025-11-09,2023-07,features_attributes.csv
CUS_0x21e4,Clairey,28,677-77-2825,Entrepreneur,1/7/2023,2025-11-09,2023-07,features_attributes.csv
CUS_0x2243,Kevin Yaow,26,566-70-7188,Scientist,1/7/2023,2025-11-09,2023-07,features_attributes.csv
CUS_0x2283,Bartr,21,786-14-0940,Media_Manager,1/7/2023,2025-11-09,2023-07,features_attributes.csv
CUS_0x24af,Gilles Guillaumef,37,282-99-3136,Mechanic,1/7/2023,2025-11-09,2023-07,features_attributes.csv
CUS_0x24cc,Kate Holtonv,30,574-39-8582,Writer,1/7/2023,2025-11-09,2023-07,features_attributes.csv
CUS_0x24e8,Rachelle Younglaig,41,418-89-9094,Media_Manager,1/7/2023,2025-11-09,2023-07,features_attributes.csv
CUS_0x24e9,Rf,31,990-12-9600,Manager,1/7/2023,2025-11-09,2023-07,features_attributes.csv
CUS_0x24f8,Harryp,42,429-74-0774,Writer,1/7/2023,2025-11-09,2023-07,features_attributes.csv
CUS_0x2517,Griffithsi,16,203-07-7505,Teacher,1/7/2023,2025-11-09,2023-07,features_attributes.csv
CUS_0x2590,Michelleg,20,717-54-8782,Engineer,1/7/2023,2025-11-09,2023-07,features_attributes.csv
CUS_0x2662,Dorfmanf,34,071-40-3808,Manager,1/7/2023,2025-11-09,2023-07,features_attributes.csv
CUS_0x26a9,Vlastelicac,27,073-62-9451,Media_Manager,1/7/2023,2025-11-09,2023-07,features_attributes.csv
CUS_0x2784,Matthieu Protardo,33,477-65-5868,Architect,1/7/2023,2025-11-09,2023-07,features_attributes.csv
CUS_0x282b,Mikolajczakp,36,#F%$D@*&8,Accountant,1/7/2023,2025-11-09,2023-07,features_attributes.csv
CUS_0x28a7,N.t,31,969-11-1053,Media_Manager,1/7/2023,2025-11-09,2023-07,features_attributes.csv
CUS_0x28d8,Wachtelg,29,096-79-8281,Developer,1/7/2023,2025-11-09,2023-07,features_attributes.csv
CUS_0x2910,MacLellank,22,317-09-6933,Architect,1/7/2023,2025-11-09,2023-07,features_attributes.csv
CUS_0x2bf4,Neil Maidmentl,53,206-02-5700,Lawyer,1/7/2023,2025-11-09,2023-07,features_attributes.csv
CUS_0x2c5b,Supriatnah,23,138-72-0416,Scientist,1/7/2023,2025-11-09,2023-07,features_attributes.csv
CUS_0x2ce1,Aung Hlai,33,607-25-6092,Doctor,1/7/2023,2025-11-09,2023-07,features_attributes.csv
CUS_0x2d05,Richard Leongj,36,#F%$D@*&8,Media_Manager,1/7/2023,2025-11-09,2023-07,features_attributes.csv
CUS_0x2d78,Seetharamann,43,622-94-8955,Media_Manager,1/7/2023,2025-11-09,2023-07,features_attributes.csv
CUS_0x2d98,Angela Moond,42,927-78-1000,Engineer,1/7/2023,2025-11-09,2023-07,features_attributes.csv
CUS_0x2df8,Alexei Oreskovicw,27,214-58-4052,Musician,1/7/2023,2025-11-09,2023-07,features_attributes.csv
CUS_0x2ed0,ray,26,#F%$D@*&8,Lawyer,1/7/2023,2025-11-09,2023-07,features_attributes.csv
CUS_0x2f59,Silhae,30_,372-34-8477,Accountant,1/7/2023,2025-11-09,2023-07,features_attributes.csv
CUS_0x2f7b,Vaughanq,44,879-63-4182,Mechanic,1/7/2023,2025-11-09,2023-07,features_attributes.csv
CUS_0x2fe4,Doug Palmerj,32,284-09-4067,Accountant,1/7/2023,2025-11-09,2023-07,features_attributes.csv
CUS_0x30eb,Elvinah,18,705-82-0366,Entrepreneur,1/7/2023,2025-11-09,2023-07,features_attributes.csv
CUS_0x310f,Dina Kyriakidous,45,892-47-5831,Mechanic,1/7/2023,2025-11-09,2023-07,features_attributes.csv
CUS_0x317e,Jennifery,19,527-06-4214,Mechanic,1/7/2023,2025-11-09,2023-07,features_attributes.csv
CUS_0x318d,Orank,38,#F%$D@*&8,Scientist,1/7/2023,2025-11-09,2023-07,features_attributes.csv
CUS_0x31b2,Ajith,25,552-70-4063,Engineer,1/7/2023,2025-11-09,2023-07,features_attributes.csv
CUS_0x31bd,Kiharag,21,695-82-0727,Engineer,1/7/2023,2025-11-09,2023-07,features_attributes.csv
CUS_0x3221,Edward Krudya,36,450-93-8421,Mechanic,1/7/2023,2025-11-09,2023-07,features_attributes.csv
CUS_0x3237,Tomg,19,066-87-9187,Media_Manager,1/7/2023,2025-11-09,2023-07,features_attributes.csv
CUS_0x327d,Hetznerp,41,898-35-4224,Lawyer,1/7/2023,2025-11-09,2023-07,features_attributes.csv
CUS_0x32a7,Lucyx,44,181-41-3727,Journalist,1/7/2023,2025-11-09,2023-07,features_attributes.csv
CUS_0x334d,Bullm,23,609-56-6241,Entrepreneur,1/7/2023,2025-11-09,2023-07,features_attributes.csv
CUS_0x33ce,Thukralr,43,442-25-8016,Architect,1/7/2023,2025-11-09,2023-07,features_attributes.csv
CUS_0x33da,James Tophamn,55,911-49-3124,Writer,1/7/2023,2025-11-09,2023-07,features_attributes.csv
CUS_0x3420,Sarah N.o,36,411-61-2585,Musician,1/7/2023,2025-11-09,2023-07,features_attributes.csv
CUS_0x3442,enf,47,037-66-1131,Scientist,1/7/2023,2025-11-09,2023-07,features_attributes.csv
CUS_0x3475,Fletcherl,27,271-20-5461,Musician,1/7/2023,2025-11-09,2023-07,features_attributes.csv
CUS_0x35ac,Giseldaa,30,973-19-0864,Architect,1/7/2023,2025-11-09,2023-07,features_attributes.csv
CUS_0x35c3,Michelle Nicholsr,34,278-60-7972,Musician,1/7/2023,2025-11-09,2023-07,features_attributes.csv
CUS_0x366b,Soyoung Kimi,40_,012-91-5006,Doctor,1/7/2023,2025-11-09,2023-07,features_attributes.csv
CUS_0x3672,Jonathan Stempelr,37,398-41-4421,Mechanic,1/7/2023,2025-11-09,2023-07,features_attributes.csv
CUS_0x36bb,Elinor Comlaye,37,837-45-5178,Journalist,1/7/2023,2025-11-09,2023-07,features_attributes.csv
CUS_0x374a,Luciau,3274,424-21-8795,Mechanic,1/7/2023,2025-11-09,2023-07,features_attributes.csv
CUS_0x3868,Gerryv,34,916-37-8123,_______,1/7/2023,2025-11-09,2023-07,features_attributes.csv
CUS_0x386e,Shirbonh,22,610-24-1396,Scientist,1/7/2023,2025-11-09,2023-07,features_attributes.csv
CUS_0x38d8,Nishant Kumart,24,467-02-8866,Accountant,1/7/2023,2025-11-09,2023-07,features_attributes.csv
CUS_0x3992,Ann Saphiri,28,218-97-2428,Mechanic,1/7/2023,2025-11-09,2023-07,features_attributes.csv
CUS_0x3a1b,Rossg,43,250-09-2815,Manager,1/7/2023,2025-11-09,2023-07,features_attributes.csv
CUS_0x3a4d,Tim McLaughlinw,18,075-17-7733,_______,1/7/2023,2025-11-09,2023-07,features_attributes.csv
CUS_0x3aa8,Rigbym,20,730-30-0827,Engineer,1/7/2023,2025-11-09,2023-07,features_attributes.csv
CUS_0x3adb,Wanfeng Zhouw,27,160-10-4534,Architect,1/7/2023,2025-11-09,2023-07,features_attributes.csv
CUS_0x3b66,Sophie Sassardp,23_,551-02-1303,Musician,1/7/2023,2025-11-09,2023-07,features_attributes.csv
CUS_0x3bc7,Emmottg,43,799-75-6293,Engineer,1/7/2023,2025-11-09,2023-07,features_attributes.csv
CUS_0x3bdb,Jonathanh,49,145-16-1646,Mechanic,1/7/2023,2025-11-09,2023-07,features_attributes.csv
CUS_0x3c21,Cinellie,18,599-76-2938,Teacher,1/7/2023,2025-11-09,2023-07,features_attributes.csv
CUS_0x3c51,Lesleyd,52,455-21-1131,Media_Manager,1/7/2023,2025-11-09,2023-07,features_attributes.csv
CUS_0x3cc3,Poornimao,53_,759-88-5604,Engineer,1/7/2023,2025-11-09,2023-07,features_attributes.csv
CUS_0x3d3d,Henning Gloysteinx,27,898-07-2009,Scientist,1/7/2023,2025-11-09,2023-07,features_attributes.csv
CUS_0x3d53,Dominique Vidalony,29,341-94-4616,Developer,1/7/2023,2025-11-09,2023-07,features_attributes.csv
CUS_0x3d64,Carrick Mollenkampv,45,038-92-0094,Engineer,1/7/2023,2025-11-09,2023-07,features_attributes.csv
CUS_0x3da0,Luke Bakers,47,670-72-0248,Journalist,1/7/2023,2025-11-09,2023-07,features_attributes.csv
CUS_0x3ddc,Jackie Rangej,52,934-11-6218,Musician,1/7/2023,2025-11-09,2023-07,features_attributes.csv
CUS_0x3e1a,Rothackery,27,939-10-6883,Accountant,1/7/2023,2025-11-09,2023-07,features_attributes.csv
CUS_0x3e5d,Barrj,35,982-27-6787,_______,1/7/2023,2025-11-09,2023-07,features_attributes.csv
CUS_0x3ea1,Shalal-Esae,45,084-97-6761,Writer,1/7/2023,2025-11-09,2023-07,features_attributes.csv
CUS_0x3f0,Koht,37,802-19-4704,Developer,1/7/2023,2025-11-09,2023-07,features_attributes.csv
CUS_0x3f51,Emmottn,31,#F%$D@*&8,Engineer,1/7/2023,2025-11-09,2023-07,features_attributes.csv
CUS_0x3f68,Zeba Siddiquir,21,380-00-1423,Engineer,1/7/2023,2025-11-09,2023-07,features_attributes.csv
CUS_0x3f97,Strupczewskid,29,083-91-7118,Doctor,1/7/2023,2025-11-09,2023-07,features_attributes.csv
CUS_0x4017,enl,36,583-89-9945,Teacher,1/7/2023,2025-11-09,2023-07,features_attributes.csv
CUS_0x4079,"\"Eileen OGrady\"w",45,344-37-9577,Mechanic,1/7/2023,2025-11-09,2023-07,features_attributes.csv
CUS_0x40ad,Dorisw,20,715-14-3312,Scientist,1/7/2023,2025-11-09,2023-07,features_attributes.csv
CUS_0x415,Moonv,28_,710-72-5711,Lawyer,1/7/2023,2025-11-09,2023-07,features_attributes.csv
CUS_0x4154,Leighi,34,088-79-9555,Writer,1/7/2023,2025-11-09,2023-07,features_attributes.csv
CUS_0x41d5,Huaf,25,525-66-4602,Entrepreneur,1/7/2023,2025-11-09,2023-07,features_attributes.csv
CUS_0x41ee,Alice Baghdjianq,22,439-38-8702,Entrepreneur,1/7/2023,2025-11-09,2023-07,features_attributes.csv
CUS_0x41fc,Katharina Barty,19,273-81-5890,Teacher,1/7/2023,2025-11-09,2023-07,features_attributes.csv
CUS_0x4256,Bakerz,21_,030-61-4163,Accountant,1/7/2023,2025-11-09,2023-07,features_attributes.csv
CUS_0x4269,Atossa Araxiae,19,686-50-2172,_______,1/7/2023,2025-11-09,2023-07,features_attributes.csv
CUS_0x4280,Fabir,53,638-36-4083,Teacher,1/7/2023,2025-11-09,2023-07,features_attributes.csv
CUS_0x4313,Tanya Agrawalc,3899,903-92-2277,Journalist,1/7/2023,2025-11-09,2023-07,features_attributes.csv
CUS_0x4372,Katya Wachtelm,27,998-72-1919,Architect,1/7/2023,2025-11-09,2023-07,features_attributes.csv
CUS_0x4430,Leskeb,41,478-10-0136,Writer,1/7/2023,2025-11-09,2023-07,features_attributes.csv
CUS_0x4469,Sarahm,24,218-98-8370,_______,1/7/2023,2025-11-09,2023-07,features_attributes.csv
CUS_0x4519,en Klaymank,35,008-22-7725,Developer,1/7/2023,2025-11-09,2023-07,features_attributes.csv
CUS_0x4549,Lionel Laurenty,30,116-49-8748,Accountant,1/7/2023,2025-11-09,2023-07,features_attributes.csv
CUS_0x45bd,Katya Wachtelm,32,356-66-2055,Mechanic,1/7/2023,2025-11-09,2023-07,features_attributes.csv
CUS_0x4681,David Alexl,20,473-15-3361,Architect,1/7/2023,2025-11-09,2023-07,features_attributes.csv
CUS_0x46e6,Stevenf,19,772-99-7774,Developer,1/7/2023,2025-11-09,2023-07,features_attributes.csv
CUS_0x4791,Lynnley Browningh,35,#F%$D@*&8,Musician,1/7/2023,2025-11-09,2023-07,features_attributes.csv
CUS_0x47d5,"\"Eileenl",40,430-53-9095,Developer,1/7/2023,2025-11-09,2023-07,features_attributes.csv
CUS_0x47e3,Jessica Donatio,38,326-46-1131,Architect,1/7/2023,2025-11-09,2023-07,features_attributes.csv
CUS_0x4842,Leahv,33,748-99-7670,Scientist,1/7/2023,2025-11-09,2023-07,features_attributes.csv
CUS_0x495f,Jeffsp,27,602-14-6009,Lawyer,1/7/2023,2025-11-09,2023-07,features_attributes.csv
CUS_0x4976,Thomasl,26,888-09-4640,_______,1/7/2023,2025-11-09,2023-07,features_attributes.csv
CUS_0x49b5,Deborahp,47,654-19-7135,Entrepreneur,1/7/2023,2025-11-09,2023-07,features_attributes.csv
CUS_0x49e3,Wheatleyr,29,514-61-2381,Doctor,1/7/2023,2025-11-09,2023-07,features_attributes.csv
CUS_0x4a77,imarte Danielm,7456,187-66-6476,Engineer,1/7/2023,2025-11-09,2023-07,features_attributes.csv
CUS_0x4b12,Clarax,29,535-48-2237,Media_Manager,1/7/2023,2025-11-09,2023-07,features_attributes.csv
CUS_0x4b23,Luciana Lopezk,27,075-54-1956,Teacher,1/7/2023,2025-11-09,2023-07,features_attributes.csv
CUS_0x4c2b,Jessica Wohlr,45,594-38-6492,Doctor,1/7/2023,2025-11-09,2023-07,features_attributes.csv
CUS_0x4c4f,Melbyz,20,041-06-0696,Teacher,1/7/2023,2025-11-09,2023-07,features_attributes.csv
CUS_0x4c96,Ann Saphirw,53,961-65-0909,Teacher,1/7/2023,2025-11-09,2023-07,features_attributes.csv
CUS_0x4cfd,Edwinp,37,776-43-3476,Engineer,1/7/2023,2025-11-09,2023-07,features_attributes.csv
CUS_0x4dd1,Lionel Laurentm,18,092-62-2632,_______,1/7/2023,2025-11-09,2023-07,features_attributes.csv
CUS_0x4dd5,Herberty,25,530-61-6560,Musician,1/7/2023,2025-11-09,2023-07,features_attributes.csv
CUS_0x4e0e,Billr,52,798-36-9685,Doctor,1/7/2023,2025-11-09,2023-07,features_attributes.csv
CUS_0x4f16,Oreskovicz,41,978-05-7107,Accountant,1/7/2023,2025-11-09,2023-07,features_attributes.csv
CUS_0x4f1a,A. Anathalakshmis,44,380-53-7048,Entrepreneur,1/7/2023,2025-11-09,2023-07,features_attributes.csv
CUS_0x4f41,Miedemaf,38,702-76-0398,Mechanic,1/7/2023,2025-11-09,2023-07,features_attributes.csv
CUS_0x5046,Yukoe,27,630-44-3542,Entrepreneur,1/7/2023,2025-11-09,2023-07,features_attributes.csv
CUS_0x505c,Yokor,17_,794-56-6103,Developer,1/7/2023,2025-11-09,2023-07,features_attributes.csv
CUS_0x50e2,ill Berkrotz,30,381-25-7601,_______,1/7/2023,2025-11-09,2023-07,features_attributes.csv
CUS_0x51d4,Cruisep,56,545-52-0205,Doctor,1/7/2023,2025-11-09,2023-07,features_attributes.csv
CUS_0x51eb,Natem,42,636-59-6888,Journalist,1/7/2023,2025-11-09,2023-07,features_attributes.csv
CUS_0x5396,James Mackenzied,22,505-14-0899,Teacher,1/7/2023,2025-11-09,2023-07,features_attributes.csv
CUS_0x541,Paul Carrels,22,313-45-4006,Writer,1/7/2023,2025-11-09,2023-07,features_attributes.csv
CUS_0x543f,Lucia Mutikanid,24,333-87-6291,Mechanic,1/7/2023,2025-11-09,2023-07,features_attributes.csv
CUS_0x5451,Chen Aizhuo,32,941-92-4783,Journalist,1/7/2023,2025-11-09,2023-07,features_attributes.csv
CUS_0x5488,Alsharifd,18,762-79-7112,Scientist,1/7/2023,2025-11-09,2023-07,features_attributes.csv
CUS_0x55d9,Henryl,28,#F%$D@*&8,_______,1/7/2023,2025-11-09,2023-07,features_attributes.csv
CUS_0x564e,all Gerrys,29,867-73-3888,Scientist,1/7/2023,2025-11-09,2023-07,features_attributes.csv
CUS_0x56c5,Louise Eganz,22,978-95-3432,Developer,1/7/2023,2025-11-09,2023-07,features_attributes.csv
CUS_0x56c8,Jank,53,058-84-5590,Doctor,1/7/2023,2025-11-09,2023-07,features_attributes.csv
CUS_0x5734,Gabrielh,31,484-76-3179,Developer,1/7/2023,2025-11-09,2023-07,features_attributes.csv
CUS_0x57a,Rochar,43,300-81-0244,Teacher,1/7/2023,2025-11-09,2023-07,features_attributes.csv
CUS_0x582f,Eva Kuehnenu,29,462-85-7240,Teacher,1/7/2023,2025-11-09,2023-07,features_attributes.csv
CUS_0x5848,Woldej,29,973-59-7321,Developer,1/7/2023,2025-11-09,2023-07,features_attributes.csv
CUS_0x584b,Barkinj,27,462-03-5379,Accountant,1/7/2023,2025-11-09,2023-07,features_attributes.csv
CUS_0x59d8,Maloner,24,270-19-5257,Musician,1/7/2023,2025-11-09,2023-07,features_attributes.csv
CUS_0x5a82,Jonathan Lefff,26,896-84-7984,Writer,1/7/2023,2025-11-09,2023-07,features_attributes.csv
CUS_0x5aaa,Langev,51,951-89-5363,Architect,1/7/2023,2025-11-09,2023-07,features_attributes.csv
CUS_0x5c66,Nick Edwardsd,30,864-80-9668,Lawyer,1/7/2023,2025-11-09,2023-07,features_attributes.csv
CUS_0x5c7f,Alwyn Scottf,32,399-31-4820,Manager,1/7/2023,2025-11-09,2023-07,features_attributes.csv
CUS_0x5cc5,Malonec,46,940-86-3772,Media_Manager,1/7/2023,2025-11-09,2023-07,features_attributes.csv
CUS_0x5dd6,Lesleyi,24,266-63-0560,Mechanic,1/7/2023,2025-11-09,2023-07,features_attributes.csv
CUS_0x5e2d,Jonathanr,20,194-13-4239,Mechanic,1/7/2023,2025-11-09,2023-07,features_attributes.csv
CUS_0x5f0f,Michael Winfreyo,18,988-93-0991,Media_Manager,1/7/2023,2025-11-09,2023-07,features_attributes.csv
CUS_0x5f5d,Timothyr,27,618-70-8009,Writer,1/7/2023,2025-11-09,2023-07,features_attributes.csv
CUS_0x5f83,Toyerz,39,622-54-5012,Writer,1/7/2023,2025-11-09,2023-07,features_attributes.csv
CUS_0x5fbf,Luciar,45,809-92-8326,Developer,1/7/2023,2025-11-09,2023-07,features_attributes.csv
CUS_0x5ff6,Tom Berginf,31,969-04-8576,Scientist,1/7/2023,2025-11-09,2023-07,features_attributes.csv
CUS_0x6010,Callusu,46,489-16-3177,Mechanic,1/7/2023,2025-11-09,2023-07,features_attributes.csv
CUS_0x6054,Lynnleyg,24,024-19-5485,Developer,1/7/2023,2025-11-09,2023-07,features_attributes.csv
CUS_0x6092,Harry Papachristoua,18,372-92-0150,Engineer,1/7/2023,2025-11-09,2023-07,features_attributes.csv
CUS_0x6102,Wanfengo,32,718-37-2610,Scientist,1/7/2023,2025-11-09,2023-07,features_attributes.csv
CUS_0x612e,Dyeu,20,867-32-0827,Architect,1/7/2023,2025-11-09,2023-07,features_attributes.csv
CUS_0x6148,Jean Arcer,44,438-39-3090,Accountant,1/7/2023,2025-11-09,2023-07,features_attributes.csv
CUS_0x61c2,Aradhana Aravindanw,23,008-17-0608,Lawyer,1/7/2023,2025-11-09,2023-07,features_attributes.csv
CUS_0x6200,Alexeij,27,473-54-7971,Journalist,1/7/2023,2025-11-09,2023-07,features_attributes.csv
CUS_0x628e,Michael Flahertyc,43,199-27-9186,Accountant,1/7/2023,2025-11-09,2023-07,features_attributes.csv
CUS_0x62cf,Tomd,43,619-24-8737,Mechanic,1/7/2023,2025-11-09,2023-07,features_attributes.csv
CUS_0x6322,Chris Vellacottt,41,843-12-3405,Lawyer,1/7/2023,2025-11-09,2023-07,features_attributes.csv
CUS_0x643b,Lesley Wroughtond,30,669-61-1409,Architect,1/7/2023,2025-11-09,2023-07,features_attributes.csv
CUS_0x6478,Hellerd,23,559-08-4955,Manager,1/7/2023,2025-11-09,2023-07,features_attributes.csv
CUS_0x64a1,Rochad,50,159-88-1119,Accountant,1/7/2023,2025-11-09,2023-07,features_attributes.csv
CUS_0x64a3,Harichb,28,420-36-8896,Teacher,1/7/2023,2025-11-09,2023-07,features_attributes.csv
CUS_0x64a4,Oliver Hirtj,46,907-98-0707,Developer,1/7/2023,2025-11-09,2023-07,features_attributes.csv
CUS_0x65d3,Bhatw,31,193-67-1122,Teacher,1/7/2023,2025-11-09,2023-07,features_attributes.csv
CUS_0x661d,Jimm,25,128-26-1433,Journalist,1/7/2023,2025-11-09,2023-07,features_attributes.csv
CUS_0x6669,Caroline Valetkevitchg,35,845-20-9787,Journalist,1/7/2023,2025-11-09,2023-07,features_attributes.csv
CUS_0x666a,Reijiy,36,#F%$D@*&8,Architect,1/7/2023,2025-11-09,2023-07,features_attributes.csv
CUS_0x6672,Elinorp,48,096-10-4575,Lawyer,1/7/2023,2025-11-09,2023-07,features_attributes.csv
CUS_0x6673,Lesley Wroughtonv,31,959-24-9730,Entrepreneur,1/7/2023,2025-11-09,2023-07,features_attributes.csv
CUS_0x66d4,Clarks,35,#F%$D@*&8,Manager,1/7/2023,2025-11-09,2023-07,features_attributes.csv
CUS_0x6728,Ryan Vlastelicah,52,568-05-5440,Journalist,1/7/2023,2025-11-09,2023-07,features_attributes.csv
CUS_0x67a9,Lucia Mutikanih,28,909-77-7191,Scientist,1/7/2023,2025-11-09,2023-07,features_attributes.csv
CUS_0x68f8,Reem Shamseddinec,32,929-60-1367,Entrepreneur,1/7/2023,2025-11-09,2023-07,features_attributes.csv
CUS_0x6928,Davidn,40,293-19-9209,Architect,1/7/2023,2025-11-09,2023-07,features_attributes.csv
CUS_0x69e5,Trevorb,24,802-17-0201,Mechanic,1/7/2023,2025-11-09,2023-07,features_attributes.csv
CUS_0x6a1a,Rothackerp,42,399-01-1198,Teacher,1/7/2023,2025-11-09,2023-07,features_attributes.csv
CUS_0x6a8f,Hudsonj,46,088-45-9859,Lawyer,1/7/2023,2025-11-09,2023-07,features_attributes.csv
CUS_0x6ab5,Andreas Rinkeq,21,626-07-4067,Teacher,1/7/2023,2025-11-09,2023-07,features_attributes.csv
CUS_0x6ada,McBrideo,56,034-00-7974,Manager,1/7/2023,2025-11-09,2023-07,features_attributes.csv
CUS_0x6b59,Suvashree Deyf,22,992-54-9955,Developer,1/7/2023,2025-11-09,2023-07,features_attributes.csv
CUS_0x6bad,Leika Kiharac,43,415-46-9238,Scientist,1/7/2023,2025-11-09,2023-07,features_attributes.csv
CUS_0x6c00,Herbert Lashu,36,369-63-4486,Musician,1/7/2023,2025-11-09,2023-07,features_attributes.csv
CUS_0x6c52,Laurence Frostt,34,873-88-8377,Musician,1/7/2023,2025-11-09,2023-07,features_attributes.csv
CUS_0x6c53,Papachristoui,35,805-27-6510,Mechanic,1/7/2023,2025-11-09,2023-07,features_attributes.csv
CUS_0x6c90,Tim Hepherj,25,786-65-3651,Manager,1/7/2023,2025-11-09,2023-07,features_attributes.csv
CUS_0x6cb4,Stanley Whitew,22,196-11-8284,Doctor,1/7/2023,2025-11-09,2023-07,features_attributes.csv
CUS_0x6cc6,Guiy,39,857-13-7259,Media_Manager,1/7/2023,2025-11-09,2023-07,features_attributes.csv
CUS_0x6d3c,Nadiar,20,331-88-3157,_______,1/7/2023,2025-11-09,2023-07,features_attributes.csv
CUS_0x6da3,Pattanaikg,19,855-09-6351,Engineer,1/7/2023,2025-11-09,2023-07,features_attributes.csv
CUS_0x6f04,Tetsushik,25,385-51-0863,Manager,1/7/2023,2025-11-09,2023-07,features_attributes.csv
CUS_0x6f69,Tim Hepherj,44,737-19-5989,_______,1/7/2023,2025-11-09,2023-07,features_attributes.csv
CUS_0x6f78,Driverq,49,845-98-6688,Manager,1/7/2023,2025-11-09,2023-07,features_attributes.csv
CUS_0x6f84,imarte Walterj,28,200-85-7540,Doctor,1/7/2023,2025-11-09,2023-07,features_attributes.csv
CUS_0x6fb1,Ringstromk,28,848-55-0249,Manager,1/7/2023,2025-11-09,2023-07,features_attributes.csv
CUS_0x6fb2,Erin Geigera,25,244-19-0739,Lawyer,1/7/2023,2025-11-09,2023-07,features_attributes.csv
CUS_0x703c,Chrisi,55,537-15-0590,Architect,1/7/2023,2025-11-09,2023-07,features_attributes.csv
CUS_0x7080,Barkinp,40,026-31-3577,Teacher,1/7/2023,2025-11-09,2023-07,features_attributes.csv
CUS_0x70b2,Zhou Xiny,40,830-58-7325,Media_Manager,1/7/2023,2025-11-09,2023-07,features_attributes.csv
CUS_0x7154,Cohenm,32_,624-46-9352,Accountant,1/7/2023,2025-11-09,2023-07,features_attributes.csv
CUS_0x7198,Ghoshy,25,745-79-3142,Writer,1/7/2023,2025-11-09,2023-07,features_attributes.csv
CUS_0x7283,Kareno,24,078-84-8943,Writer,1/7/2023,2025-11-09,2023-07,features_attributes.csv
CUS_0x73bb,Nadia Damouniw,21,594-65-2540,Accountant,1/7/2023,2025-11-09,2023-07,features_attributes.csv
CUS_0x73cf,David Henryw,53,404-87-5996,Scientist,1/7/2023,2025-11-09,2023-07,features_attributes.csv
CUS_0x73ee,Nathans,27,647-87-1377,Mechanic,1/7/2023,2025-11-09,2023-07,features_attributes.csv
CUS_0x7429,Kumarz,30,378-86-7375,Manager,1/7/2023,2025-11-09,2023-07,features_attributes.csv
CUS_0x7494,Andrew Callusr,25,260-03-9307,Entrepreneur,1/7/2023,2025-11-09,2023-07,features_attributes.csv
CUS_0x74fc,Guptay,22,011-70-3590,Musician,1/7/2023,2025-11-09,2023-07,features_attributes.csv
CUS_0x7551,Busvinel,14,926-03-8333,Writer,1/7/2023,2025-11-09,2023-07,features_attributes.csv
CUS_0x75f,Jessicai,31,992-15-8442,Musician,1/7/2023,2025-11-09,2023-07,features_attributes.csv
CUS_0x764f,Robert Hetza,30,315-17-8163,Teacher,1/7/2023,2025-11-09,2023-07,features_attributes.csv
CUS_0x76fc,Estelle Shirbond,21,252-29-1918,Mechanic,1/7/2023,2025-11-09,2023-07,features_attributes.csv
CUS_0x778e,Leahw,29,943-65-1465,Lawyer,1/7/2023,2025-11-09,2023-07,features_attributes.csv
CUS_0x7837,Kerbere,43,051-86-5042,Media_Manager,1/7/2023,2025-11-09,2023-07,features_attributes.csv
CUS_0x7893,Jan Schwartzf,51,854-64-8493,Doctor,1/7/2023,2025-11-09,2023-07,features_attributes.csv
CUS_0x7960,Silke Koltrowitzp,36,910-40-6258,Lawyer,1/7/2023,2025-11-09,2023-07,features_attributes.csv
CUS_0x79a9,Lisa Twaroniter,39,364-54-1405,_______,1/7/2023,2025-11-09,2023-07,features_attributes.csv
CUS_0x7a0b,Langeb,25,417-25-2167,Developer,1/7/2023,2025-11-09,2023-07,features_attributes.csv
CUS_0x7a39,Dayg,40,649-32-8060,Accountant,1/7/2023,2025-11-09,2023-07,features_attributes.csv
CUS_0x7ba5,Eric Onstadg,19,257-56-3896,Writer,1/7/2023,2025-11-09,2023-07,features_attributes.csv
CUS_0x7baf,Alejl,41,792-88-1863,Lawyer,1/7/2023,2025-11-09,2023-07,features_attributes.csv
CUS_0x7bf,Caroline Valetkevitcha,32,330-17-2088,Engineer,1/7/2023,2025-11-09,2023-07,features_attributes.csv
CUS_0x7c2,Andrea Shalal-Esax,45,460-71-7774,_______,1/7/2023,2025-11-09,2023-07,features_attributes.csv
CUS_0x7c4a,Sayantani Ghoshi,43,193-71-6964,Writer,1/7/2023,2025-11-09,2023-07,features_attributes.csv
CUS_0x7c6,Nehas,42,#F%$D@*&8,Teacher,1/7/2023,2025-11-09,2023-07,features_attributes.csv
CUS_0x7cfb,Joyg,24,836-40-8633,Accountant,1/7/2023,2025-11-09,2023-07,features_attributes.csv
CUS_0x7da5,raden Reddallm,46,583-23-0384,Architect,1/7/2023,2025-11-09,2023-07,features_attributes.csv
CUS_0x7dd7,Malathiv,43,177-67-8669,Entrepreneur,1/7/2023,2025-11-09,2023-07,features_attributes.csv
CUS_0x7de0,Aruna Viswanathad,33,538-28-9874,Writer,1/7/2023,2025-11-09,2023-07,features_attributes.csv
CUS_0x7e0b,Rickf,37,333-61-5851,Media_Manager,1/7/2023,2025-11-09,2023-07,features_attributes.csv
CUS_0x7f50,Caroline Valetkevitchs,47,917-63-6589,Engineer,1/7/2023,2025-11-09,2023-07,features_attributes.csv
CUS_0x7f9c,Yantoultra Nguic,32,349-56-0936,Developer,1/7/2023,2025-11-09,2023-07,features_attributes.csv
CUS_0x8072,Kaorio,18,478-04-9369,Mechanic,1/7/2023,2025-11-09,2023-07,features_attributes.csv
CUS_0x809c,Viswanathau,45,675-17-0345,Musician,1/7/2023,2025-11-09,2023-07,features_attributes.csv
CUS_0x80df,Jonathanc,39,421-37-9507,Developer,1/7/2023,2025-11-09,2023-07,features_attributes.csv
CUS_0x80f8,Nh,36,250-34-7218,Teacher,1/7/2023,2025-11-09,2023-07,features_attributes.csv
CUS_0x8110,Andreio,-500,967-93-3033,_______,1/7/2023,2025-11-09,2023-07,features_attributes.csv
CUS_0x81c5,Sakaria,1810,817-22-9418,Teacher,1/7/2023,2025-11-09,2023-07,features_attributes.csv
CUS_0x81e9,Steve Slaterm,37,541-82-8577,Mechanic,1/7/2023,2025-11-09,2023-07,features_attributes.csv
CUS_0x83a4,David Tollu,46,167-34-4316,Writer,1/7/2023,2025-11-09,2023-07,features_attributes.csv
CUS_0x83c5,Soyoungs,31,171-97-9968,Engineer,1/7/2023,2025-11-09,2023-07,features_attributes.csv
CUS_0x83d7,Catherined,35,677-56-4737,Architect,1/7/2023,2025-11-09,2023-07,features_attributes.csv
CUS_0x83ef,Laurence Frostr,18,332-20-3492,Teacher,1/7/2023,2025-11-09,2023-07,features_attributes.csv
CUS_0x84b8,Georgiopoulosb,18,143-97-1898,Teacher,1/7/2023,2025-11-09,2023-07,features_attributes.csv
CUS_0x84c3,Laurence Frostf,20,631-17-2729,Scientist,1/7/2023,2025-11-09,2023-07,features_attributes.csv
CUS_0x857f,Philip Blenkinsopf,34,589-60-7084,Developer,1/7/2023,2025-11-09,2023-07,features_attributes.csv
CUS_0x85b,Carews,26,253-80-8250,Lawyer,1/7/2023,2025-11-09,2023-07,features_attributes.csv
CUS_0x85cb,Annikaf,22,291-85-1125,Writer,1/7/2023,2025-11-09,2023-07,features_attributes.csv
CUS_0x8600,Sarah McBridec,29,031-35-0942,Architect,1/7/2023,2025-11-09,2023-07,features_attributes.csv
CUS_0x870d,"ODonnell\"m",37,164-56-7860,Accountant,1/7/2023,2025-11-09,2023-07,features_attributes.csv
CUS_0x870e,Manoj Kumarh,39,648-68-3983,Accountant,1/7/2023,2025-11-09,2023-07,features_attributes.csv
CUS_0x8783,Tovac,21,420-30-6739,Journalist,1/7/2023,2025-11-09,2023-07,features_attributes.csv
CUS_0x87b6,Jonesw,45,987-86-9689,Lawyer,1/7/2023,2025-11-09,2023-07,features_attributes.csv
CUS_0x8841,Nayako,53,648-37-6041,Mechanic,1/7/2023,2025-11-09,2023-07,features_attributes.csv
CUS_0x8852,Rachelle Younglaix,28,723-55-9485,Journalist,1/7/2023,2025-11-09,2023-07,features_attributes.csv
CUS_0x88e2,Karenv,32,077-04-5427,Engineer,1/7/2023,2025-11-09,2023-07,features_attributes.csv
CUS_0x8a78,Mortimerw,25,579-14-0774,Accountant,1/7/2023,2025-11-09,2023-07,features_attributes.csv
CUS_0x8ad9,Podkuln,38,691-51-3532,Entrepreneur,1/7/2023,2025-11-09,2023-07,features_attributes.csv
CUS_0x8b29,Kambasj,55,752-20-2242,_______,1/7/2023,2025-11-09,2023-07,features_attributes.csv
CUS_0x8b5f,Tomd,48,711-39-1531,Developer,1/7/2023,2025-11-09,2023-07,features_attributes.csv
CUS_0x8bd6,Carolines,45,035-25-8627,Scientist,1/7/2023,2025-11-09,2023-07,features_attributes.csv
CUS_0x8c5a,Rodrigom,19,214-93-4299,Lawyer,1/7/2023,2025-11-09,2023-07,features_attributes.csv
CUS_0x8ce,Nickz,46,504-18-6493,Teacher,1/7/2023,2025-11-09,2023-07,features_attributes.csv
CUS_0x8ed4,Nickc,33,089-81-7594,_______,1/7/2023,2025-11-09,2023-07,features_attributes.csv
CUS_0x8f25,Luciana Lopezp,37,616-67-8262,Teacher,1/7/2023,2025-11-09,2023-07,features_attributes.csv
CUS_0x8f45,Patrick Temple-Westu,48,764-27-1364,Architect,1/7/2023,2025-11-09,2023-07,features_attributes.csv
CUS_0x8fa,Samuel Shenf,34,463-08-2979,Doctor,1/7/2023,2025-11-09,2023-07,features_attributes.csv
CUS_0x8fdd,Thomasf,44,303-19-1557,Media_Manager,1/7/2023,2025-11-09,2023-07,features_attributes.csv
CUS_0x908,"OBrien\"q",30,081-45-4206,Writer,1/7/2023,2025-11-09,2023-07,features_attributes.csv
CUS_0x90be,Natalie Wrightq,35,444-07-8109,Mechanic,1/7/2023,2025-11-09,2023-07,features_attributes.csv
CUS_0x90cf,McCoolw,53,058-50-1241,Media_Manager,1/7/2023,2025-11-09,2023-07,features_attributes.csv
CUS_0x9138,Walter Gibbsc,19,079-83-8467,Accountant,1/7/2023,2025-11-09,2023-07,features_attributes.csv
CUS_0x9176,Shupingj,18,217-87-7841,Writer,1/7/2023,2025-11-09,2023-07,features_attributes.csv
CUS_0x917d,Greg Roumeliotish,38,149-85-6915,Accountant,1/7/2023,2025-11-09,2023-07,features_attributes.csv
CUS_0x9319,Sarah N.i,30,144-38-5024,Writer,1/7/2023,2025-11-09,2023-07,features_attributes.csv
CUS_0x93f4,Guptao,37,586-25-7492,Teacher,1/7/2023,2025-11-09,2023-07,features_attributes.csv
CUS_0x942a,Abboudy,33,182-75-3598,Doctor,1/7/2023,2025-11-09,2023-07,features_attributes.csv
CUS_0x945f,Nicko,24,206-49-5885,Writer,1/7/2023,2025-11-09,2023-07,features_attributes.csv
CUS_0x946d,Gilbert Kreijgerx,28,446-44-4997,Lawyer,1/7/2023,2025-11-09,2023-07,features_attributes.csv
CUS_0x9495,Freifeldo,38,817-92-8445,_______,1/7/2023,2025-11-09,2023-07,features_attributes.csv
CUS_0x94e8,Malonen,14,961-22-4819,Doctor,1/7/2023,2025-11-09,2023-07,features_attributes.csv
CUS_0x94f6,Nickt,52,581-88-3699,Scientist,1/7/2023,2025-11-09,2023-07,features_attributes.csv
CUS_0x960e,Jessicax,17,087-18-7812,Engineer,1/7/2023,2025-11-09,2023-07,features_attributes.csv
CUS_0x9619,Dougg,40,038-49-9042,Doctor,1/7/2023,2025-11-09,2023-07,features_attributes.csv
CUS_0x9708,Praveeny,44,915-51-0524,Doctor,1/7/2023,2025-11-09,2023-07,features_attributes.csv
CUS_0x981,Hellerl,48,488-06-3635,Developer,1/7/2023,2025-11-09,2023-07,features_attributes.csv
CUS_0x98a,Camposg,40,714-91-7378,Entrepreneur,1/7/2023,2025-11-09,2023-07,features_attributes.csv
CUS_0x997a,David Henryt,21,482-72-9781,Manager,1/7/2023,2025-11-09,2023-07,features_attributes.csv
CUS_0x99d9,Laurenceu,38,248-26-6478,Media_Manager,1/7/2023,2025-11-09,2023-07,features_attributes.csv
CUS_0x9a0f,Sheppardc,16,077-91-3481,Entrepreneur,1/7/2023,2025-11-09,2023-07,features_attributes.csv
CUS_0x9b7d,Edwardss,24,635-93-9464,Lawyer,1/7/2023,2025-11-09,2023-07,features_attributes.csv
CUS_0x9b94,Bri,36,734-54-7098,Manager,1/7/2023,2025-11-09,2023-07,features_attributes.csv
CUS_0x9bb7,Doulatramaniy,20,583-34-9697,Journalist,1/7/2023,2025-11-09,2023-07,features_attributes.csv
CUS_0x9bc4,Brs,39,644-42-9017,Architect,1/7/2023,2025-11-09,2023-07,features_attributes.csv
CUS_0x9c14,Zhangq,38,339-76-2171,Journalist,1/7/2023,2025-11-09,2023-07,features_attributes.csv
CUS_0x9c82,Sassardy,38,139-07-1195,Lawyer,1/7/2023,2025-11-09,2023-07,features_attributes.csv
CUS_0x9d36,Tomg,34,938-29-5431,Teacher,1/7/2023,2025-11-09,2023-07,features_attributes.csv
CUS_0x9d72,Breidthardtn,41,916-18-3437,Architect,1/7/2023,2025-11-09,2023-07,features_attributes.csv
CUS_0x9d7d,Silvia Aloisid,52,574-82-7157,Architect,1/7/2023,2025-11-09,2023-07,features_attributes.csv
CUS_0x9d9a,Tanya Agrawalm,38,456-78-8568,Teacher,1/7/2023,2025-11-09,2023-07,features_attributes.csv
CUS_0x9da2,Ashley Laub,33,366-00-4263,Media_Manager,1/7/2023,2025-11-09,2023-07,features_attributes.csv
CUS_0x9dbe,Goldbergv,24,927-39-1272,_______,1/7/2023,2025-11-09,2023-07,features_attributes.csv
CUS_0x9ddd,Clarae,30,#F%$D@*&8,Architect,1/7/2023,2025-11-09,2023-07,features_attributes.csv
CUS_0x9e24,Sveas,44,837-84-2006,Developer,1/7/2023,2025-11-09,2023-07,features_attributes.csv
CUS_0x9e5e,Sara Webbc,35,023-95-0480,Accountant,1/7/2023,2025-11-09,2023-07,features_attributes.csv
CUS_0x9ebf,Hepheri,23,770-43-4626,Manager,1/7/2023,2025-11-09,2023-07,features_attributes.csv
CUS_0x9ecd,Kevin Yaou,51,556-82-8148,Entrepreneur,1/7/2023,2025-11-09,2023-07,features_attributes.csv
CUS_0x9f1f,Charmianv,38,127-99-4788,Mechanic,1/7/2023,2025-11-09,2023-07,features_attributes.csv
CUS_0x9f2f,Katzf,33,851-17-8042,Engineer,1/7/2023,2025-11-09,2023-07,features_attributes.csv
CUS_0x9fce,B. Bakeri,35,369-67-4232,Lawyer,1/7/2023,2025-11-09,2023-07,features_attributes.csv
CUS_0x9ff5,Peter Rudegeairj,16,913-33-0020,Media_Manager,1/7/2023,2025-11-09,2023-07,features_attributes.csv
CUS_0xa008,Ninam,8566,487-90-7604,Scientist,1/7/2023,2025-11-09,2023-07,features_attributes.csv
CUS_0xa049,Krishna Na,46,859-32-1546,Manager,1/7/2023,2025-11-09,2023-07,features_attributes.csv
CUS_0xa05a,Deightonq,36,676-39-7887,Musician,1/7/2023,2025-11-09,2023-07,features_attributes.csv
CUS_0xa05f,Zhdannikovi,22,276-54-6995,Scientist,1/7/2023,2025-11-09,2023-07,features_attributes.csv
CUS_0xa08c,Drivers,38,390-81-3983,Architect,1/7/2023,2025-11-09,2023-07,features_attributes.csv
CUS_0xa0f3,Sabac,36,002-84-8699,Teacher,1/7/2023,2025-11-09,2023-07,features_attributes.csv
CUS_0xa153,Kellyx,25,610-15-3894,Accountant,1/7/2023,2025-11-09,2023-07,features_attributes.csv
CUS_0xa163,Sam Cagef,22,922-36-7237,Lawyer,1/7/2023,2025-11-09,2023-07,features_attributes.csv
CUS_0xa235,Christopheri,34,549-91-8725,Mechanic,1/7/2023,2025-11-09,2023-07,features_attributes.csv
CUS_0xa25a,Jessica Wohly,39,990-95-4938,Doctor,1/7/2023,2025-11-09,2023-07,features_attributes.csv
CUS_0xa2d2,Dan Levinel,22,652-10-5543,Lawyer,1/7/2023,2025-11-09,2023-07,features_attributes.csv
CUS_0xa347,Liana B.o,19,423-71-7489,Lawyer,1/7/2023,2025-11-09,2023-07,features_attributes.csv
CUS_0xa396,Breidthardti,16,144-58-9585,Entrepreneur,1/7/2023,2025-11-09,2023-07,features_attributes.csv
CUS_0xa39c,Tajitsuy,-500,555-83-3357,Doctor,1/7/2023,2025-11-09,2023-07,features_attributes.csv
CUS_0xa3e4,Podkulb,32,013-06-9077,Accountant,1/7/2023,2025-11-09,2023-07,features_attributes.csv
CUS_0xa50e,Douweq,36,253-30-1664,Journalist,1/7/2023,2025-11-09,2023-07,features_attributes.csv
CUS_0xa5d1,Deepay,38,734-18-4220,Media_Manager,1/7/2023,2025-11-09,2023-07,features_attributes.csv
CUS_0xa5f,Strupczewskib,39,856-19-9315,Musician,1/7/2023,2025-11-09,2023-07,features_attributes.csv
CUS_0xa60e,Sabaf,49,070-17-5614,Mechanic,1/7/2023,2025-11-09,2023-07,features_attributes.csv
CUS_0xa878,Douwe Miedemaz,54,300-54-4627,Engineer,1/7/2023,2025-11-09,2023-07,features_attributes.csv
CUS_0xa9d9,Marcye,25,095-27-6753,Entrepreneur,1/7/2023,2025-11-09,2023-07,features_attributes.csv
CUS_0xab76,Stempelp,26,878-90-6321,_______,1/7/2023,2025-11-09,2023-07,features_attributes.csv
CUS_0xabc1,Rachelle Younglaik,18,963-46-6377,Media_Manager,1/7/2023,2025-11-09,2023-07,features_attributes.csv
CUS_0xabef,Raoz,27,759-42-6331,Scientist,1/7/2023,2025-11-09,2023-07,features_attributes.csv
CUS_0xac16,Edwardsr,20,573-34-6305,Media_Manager,1/7/2023,2025-11-09,2023-07,features_attributes.csv
CUS_0xac67,Gerryr,36_,482-89-9000,Entrepreneur,1/7/2023,2025-11-09,2023-07,features_attributes.csv
CUS_0xacd,Eva Kuehnenu,43,874-19-0721,Engineer,1/7/2023,2025-11-09,2023-07,features_attributes.csv
CUS_0xacd6,Nadia Damounir,42,333-29-1726,Engineer,1/7/2023,2025-11-09,2023-07,features_attributes.csv
CUS_0xacd7,Olesya Dmitracovaa,25,171-88-1771,Musician,1/7/2023,2025-11-09,2023-07,features_attributes.csv
CUS_0xacfc,David Ingraml,44,823-40-2759,Teacher,1/7/2023,2025-11-09,2023-07,features_attributes.csv
CUS_0xadee,Lisa Juccaw,53,748-31-3173,Lawyer,1/7/2023,2025-11-09,2023-07,features_attributes.csv
CUS_0xae6c,MacInnisy,30,218-87-4473,Accountant,1/7/2023,2025-11-09,2023-07,features_attributes.csv
CUS_0xae82,Sarah N.u,50,129-82-2093,Architect,1/7/2023,2025-11-09,2023-07,features_attributes.csv
CUS_0xaf0a,Peter Rudegeairv,36,457-86-1277,Media_Manager,1/7/2023,2025-11-09,2023-07,features_attributes.csv
CUS_0xaf3a,Patrick Lanninb,34,078-94-7620,Mechanic,1/7/2023,2025-11-09,2023-07,features_attributes.csv
CUS_0xafc0,Carrick Mollenkampc,33,384-48-8170,_______,1/7/2023,2025-11-09,2023-07,features_attributes.csv
CUS_0xafed,McLeodp,55,446-64-3664,Writer,1/7/2023,2025-11-09,2023-07,features_attributes.csv
CUS_0xaff7,Raymondj,29,341-35-0902,Journalist,1/7/2023,2025-11-09,2023-07,features_attributes.csv
CUS_0xb018,Callusn,35,088-10-2997,Teacher,1/7/2023,2025-11-09,2023-07,features_attributes.csv
CUS_0xb04b,Chuckp,40,807-44-4970,Manager,1/7/2023,2025-11-09,2023-07,features_attributes.csv
CUS_0xb183,Alexeif,23,394-91-1606,Developer,1/7/2023,2025-11-09,2023-07,features_attributes.csv
CUS_0xb239,Wanfeng Zhout,43,047-63-7779,_______,1/7/2023,2025-11-09,2023-07,features_attributes.csv
CUS_0xb2b5,Jessicau,32,824-84-8056,Mechanic,1/7/2023,2025-11-09,2023-07,features_attributes.csv
CUS_0xb300,Carewo,49,378-77-5875,Manager,1/7/2023,2025-11-09,2023-07,features_attributes.csv
CUS_0xb380,Poornima Guptaa,29,696-55-8105,Engineer,1/7/2023,2025-11-09,2023-07,features_attributes.csv
CUS_0xb473,Tanyax,28,381-89-0590,_______,1/7/2023,2025-11-09,2023-07,features_attributes.csv
CUS_0xb483,Lisaf,42,568-25-4460,Developer,1/7/2023,2025-11-09,2023-07,features_attributes.csv
CUS_0xb517,Doris Frankelb,38,789-03-7943,Musician,1/7/2023,2025-11-09,2023-07,features_attributes.csv
CUS_0xb51a,Clareq,26,099-89-4998,Media_Manager,1/7/2023,2025-11-09,2023-07,features_attributes.csv
CUS_0xb521,Adamg,38,715-62-6122,Developer,1/7/2023,2025-11-09,2023-07,features_attributes.csv
CUS_0xb586,Neilz,56,437-59-9821,Engineer,1/7/2023,2025-11-09,2023-07,features_attributes.csv
CUS_0xb631,Pedro dag,30,558-71-0980,Accountant,1/7/2023,2025-11-09,2023-07,features_attributes.csv
CUS_0xb650,Clare Kaneu,37,054-37-0669,Manager,1/7/2023,2025-11-09,2023-07,features_attributes.csv
CUS_0xb67f,Jonathan Stempelu,35,987-08-4120,Lawyer,1/7/2023,2025-11-09,2023-07,features_attributes.csv
CUS_0xb6bc,Wachtelo,31,623-00-8384,Architect,1/7/2023,2025-11-09,2023-07,features_attributes.csv
CUS_0xb6d2,Munroel,26,219-50-6624,Accountant,1/7/2023,2025-11-09,2023-07,features_attributes.csv
CUS_0xb7c,Murphyt,32,306-55-0553,Scientist,1/7/2023,2025-11-09,2023-07,features_attributes.csv
CUS_0xb801,Rochai,49,602-62-4745,Musician,1/7/2023,2025-11-09,2023-07,features_attributes.csv
CUS_0xb83e,Gergely Szakacsk,38_,200-64-0969,Doctor,1/7/2023,2025-11-09,2023-07,features_attributes.csv
CUS_0xb843,Caroline Valetkevitchr,28,009-79-6604,Writer,1/7/2023,2025-11-09,2023-07,features_attributes.csv
CUS_0xb903,Stefano Bernabein,14,979-13-5480,Lawyer,1/7/2023,2025-11-09,2023-07,features_attributes.csv
CUS_0xb9a2,Ross Kerberg,26,979-40-4257,Developer,1/7/2023,2025-11-09,2023-07,features_attributes.csv
CUS_0xb9e0,Patrick Temple-Westd,27,187-20-8020,Lawyer,1/7/2023,2025-11-09,2023-07,features_attributes.csv
CUS_0xba20,Bryane,47,025-60-8624,Teacher,1/7/2023,2025-11-09,2023-07,features_attributes.csv
CUS_0xba94,Annikav,42,607-98-2198,Entrepreneur,1/7/2023,2025-11-09,2023-07,features_attributes.csv
CUS_0xbabe,Sineadf,25,547-62-1545,Mechanic,1/7/2023,2025-11-09,2023-07,features_attributes.csv
CUS_0xbace,Michelle Martiny,18,974-09-5386,Media_Manager,1/7/2023,2025-11-09,2023-07,features_attributes.csv
CUS_0xbaf6,Taiga Uranakah,37,325-72-9121,_______,1/7/2023,2025-11-09,2023-07,features_attributes.csv
CUS_0xbafb,Clarey,20,046-83-9533,Teacher,1/7/2023,2025-11-09,2023-07,features_attributes.csv
CUS_0xbb18,Sherwoodv,28,951-39-9474,Entrepreneur,1/7/2023,2025-11-09,2023-07,features_attributes.csv
CUS_0xbb55,Richardc,22,121-13-0061,Mechanic,1/7/2023,2025-11-09,2023-07,features_attributes.csv
CUS_0xbba,ewich Noele,51,554-23-4706,Journalist,1/7/2023,2025-11-09,2023-07,features_attributes.csv
CUS_0xbba9,Olivia Oranx,20,984-62-2785,Engineer,1/7/2023,2025-11-09,2023-07,features_attributes.csv
CUS_0xbc14,Frenchw,24,846-80-3325,Mechanic,1/7/2023,2025-11-09,2023-07,features_attributes.csv
CUS_0xbca1,Jacobsv,45,349-04-9863,Scientist,1/7/2023,2025-11-09,2023-07,features_attributes.csv
CUS_0xbd75,Evar,53,367-04-5630,Engineer,1/7/2023,2025-11-09,2023-07,features_attributes.csv
CUS_0xbdcd,Gerry Shihe,20,#F%$D@*&8,Writer,1/7/2023,2025-11-09,2023-07,features_attributes.csv
CUS_0xbe2,Robin Pomeroyc,45,035-96-8957,Architect,1/7/2023,2025-11-09,2023-07,features_attributes.csv
CUS_0xbe22,Deepap,35,648-20-4009,Scientist,1/7/2023,2025-11-09,2023-07,features_attributes.csv
CUS_0xbe25,Rossk,31,530-34-0553,Scientist,1/7/2023,2025-11-09,2023-07,features_attributes.csv
CUS_0xbe3,Ingrassian,31,074-22-4935,Lawyer,1/7/2023,2025-11-09,2023-07,features_attributes.csv
CUS_0xbe4b,Andrea Shalal-Esam,38,589-84-0344,Developer,1/7/2023,2025-11-09,2023-07,features_attributes.csv
CUS_0xbf8,Tanyaz,15,959-11-1329,Media_Manager,1/7/2023,2025-11-09,2023-07,features_attributes.csv
CUS_0xc007,Marilyno,42,713-07-4915,Developer,1/7/2023,2025-11-09,2023-07,features_attributes.csv
CUS_0xc00a,Claren,33,240-36-9482,Scientist,1/7/2023,2025-11-09,2023-07,features_attributes.csv
CUS_0xc044,Lefteris Papadimasi,28,599-31-9121,_______,1/7/2023,2025-11-09,2023-07,features_attributes.csv
CUS_0xc1b8,Ronaldk,28,539-37-7476,Entrepreneur,1/7/2023,2025-11-09,2023-07,features_attributes.csv
CUS_0xc1cc,Vidyal,44,054-04-4459,Architect,1/7/2023,2025-11-09,2023-07,features_attributes.csv
CUS_0xc2ba,Willsf,24,476-61-8687,Manager,1/7/2023,2025-11-09,2023-07,features_attributes.csv
CUS_0xc345,Jeb Blountf,24,176-40-0757,Architect,1/7/2023,2025-11-09,2023-07,features_attributes.csv
CUS_0xc362,rian Ellsworthn,30,279-14-9750,Engineer,1/7/2023,2025-11-09,2023-07,features_attributes.csv
CUS_0xc39e,ernie Woodalld,16,650-57-1884,Doctor,1/7/2023,2025-11-09,2023-07,features_attributes.csv
CUS_0xc3b7,Ilainar,38,482-53-4479,Architect,1/7/2023,2025-11-09,2023-07,features_attributes.csv
CUS_0xc40f,Ayeshas,45,115-97-3102,Developer,1/7/2023,2025-11-09,2023-07,features_attributes.csv
CUS_0xc47b,Lynn Adlerj,21,560-39-0261,Manager,1/7/2023,2025-11-09,2023-07,features_attributes.csv
CUS_0xc48a,Jonesk,43,853-87-2494,Doctor,1/7/2023,2025-11-09,2023-07,features_attributes.csv
CUS_0xc4b0,Robine,41,684-87-0292,_______,1/7/2023,2025-11-09,2023-07,features_attributes.csv
CUS_0xc516,Katya Golubkovap,44,051-99-9115,Doctor,1/7/2023,2025-11-09,2023-07,features_attributes.csv
CUS_0xc55b,Shalal-Esan,38,334-09-5549,Architect,1/7/2023,2025-11-09,2023-07,features_attributes.csv
CUS_0xc5a4,Emilyv,46,924-06-3877,Accountant,1/7/2023,2025-11-09,2023-07,features_attributes.csv
CUS_0xc62c,Janev,20,866-55-6427,_______,1/7/2023,2025-11-09,2023-07,features_attributes.csv
CUS_0xc651,Antonella Cianciof,14,148-98-6816,Journalist,1/7/2023,2025-11-09,2023-07,features_attributes.csv
CUS_0xc692,Alistair Barrn,40,847-97-4559,Media_Manager,1/7/2023,2025-11-09,2023-07,features_attributes.csv
CUS_0xc6f2,Wanfengp,21,359-07-9611,Engineer,1/7/2023,2025-11-09,2023-07,features_attributes.csv
CUS_0xc715,Jessical,39,287-52-6059,Teacher,1/7/2023,2025-11-09,2023-07,features_attributes.csv
CUS_0xcb3,Poornimae,38,899-28-6694,Manager,1/7/2023,2025-11-09,2023-07,features_attributes.csv
CUS_0xccf,Orani,45,444-22-2741,_______,1/7/2023,2025-11-09,2023-07,features_attributes.csv
CUS_0xd25,Eshad,37,989-97-7012,Lawyer,1/7/2023,2025-11-09,2023-07,features_attributes.csv
CUS_0xd39,Steve Jamesu,15,387-68-6000,_______,1/7/2023,2025-11-09,2023-07,features_attributes.csv
CUS_0xe05,Sineadr,28,683-96-9072,Accountant,1/7/2023,2025-11-09,2023-07,features_attributes.csv
CUS_0xe2a,David Ingramn,20,880-98-7602,Developer,1/7/2023,2025-11-09,2023-07,features_attributes.csv
CUS_0xe34,Shalal-Esas,43,366-72-5485,_______,1/7/2023,2025-11-09,2023-07,features_attributes.csv
CUS_0xe60,Carewf,24_,993-46-9445,Journalist,1/7/2023,2025-11-09,2023-07,features_attributes.csv
CUS_0xeb0,Axel Buggef,21,349-22-8437,Entrepreneur,1/7/2023,2025-11-09,2023-07,features_attributes.csv
CUS_0xebd,Lim Kohr,38,528-72-4824,Engineer,1/7/2023,2025-11-09,2023-07,features_attributes.csv
CUS_0xf2e,Dhanya Skariachanh,31,286-44-9634,Architect,1/7/2023,2025-11-09,2023-07,features_attributes.csv
CUS_0xf5d,Xiaoyit,33,639-88-1232,Accountant,1/7/2023,2025-11-09,2023-07,features_attributes.csv
CUS_0xf8f,Tsukimorii,44,975-64-8693,Scientist,1/7/2023,2025-11-09,2023-07,features_attributes.csv
CUS_0xfaa,Ann Saphiru,17,139-66-0724,Doctor,1/7/2023,2025-11-09,2023-07,features_attributes.csv
CUS_0xfb8,Yoko Kubotav,44,989-30-9881,Architect,1/7/2023,2025-11-09,2023-07,features_attributes.csv
