Customer_ID,Name,Age,SSN,Occupation,snapshot_date,ingest_dt,snap_ym,source_file
CUS_0x1108,en Klaymano,25,183-66-5001,Accountant,1/7/2024,2025-11-09,2024-07,features_attributes.csv
CUS_0x13b5,Tim Reids,54,023-34-9301,Lawyer,1/7/2024,2025-11-09,2024-07,features_attributes.csv
CUS_0x13b8,ill Rigbyb,29,094-65-0795,Scientist,1/7/2024,2025-11-09,2024-07,features_attributes.csv
CUS_0x144f,Katyad,17,035-27-0594,Engineer,1/7/2024,2025-11-09,2024-07,features_attributes.csv
CUS_0x14ec,Mattp,27,931-56-3569,Media_Manager,1/7/2024,2025-11-09,2024-07,features_attributes.csv
CUS_0x1595,Lucy Hornbyw,40,132-58-0299,Accountant,1/7/2024,2025-11-09,2024-07,features_attributes.csv
CUS_0x15ec,Phile,30,#F%$D@*&8,Manager,1/7/2024,2025-11-09,2024-07,features_attributes.csv
CUS_0x16fd,Padraic Halpinn,34,953-21-5076,Architect,1/7/2024,2025-11-09,2024-07,features_attributes.csv
CUS_0x183d,Whiteb,15_,259-11-0934,Writer,1/7/2024,2025-11-09,2024-07,features_attributes.csv
CUS_0x183e,Alison Griswoldn,41,269-19-5115,Scientist,1/7/2024,2025-11-09,2024-07,features_attributes.csv
CUS_0x1a56,Ninaw,29,804-47-6828,Entrepreneur,1/7/2024,2025-11-09,2024-07,features_attributes.csv
CUS_0x1abe,Scheyderd,45,744-16-3832,Lawyer,1/7/2024,2025-11-09,2024-07,features_attributes.csv
CUS_0x1b02,Jont,53,683-17-8939,Architect,1/7/2024,2025-11-09,2024-07,features_attributes.csv
CUS_0x1b41,Jonesn,39,521-24-8234,Engineer,1/7/2024,2025-11-09,2024-07,features_attributes.csv
CUS_0x1b85,Masoniz,44,912-30-2671,Entrepreneur,1/7/2024,2025-11-09,2024-07,features_attributes.csv
CUS_0x1bb7,Jonathan Stempelz,41,093-84-7831,Entrepreneur,1/7/2024,2025-11-09,2024-07,features_attributes.csv
CUS_0x1c82,Fusen,46,516-03-1114,Entrepreneur,1/7/2024,2025-11-09,2024-07,features_attributes.csv
CUS_0x1cd5,Davej,33,506-15-9619,Developer,1/7/2024,2025-11-09,2024-07,features_attributes.csv
CUS_0x1dbb,Nick Edwardst,28,000-89-8752,_______,1/7/2024,2025-11-09,2024-07,features_attributes.csv
CUS_0x1dd3,Gerryg,24,936-83-6588,Manager,1/7/2024,2025-11-09,2024-07,features_attributes.csv
CUS_0x1e8d,Katyaw,23,545-44-8112,Doctor,1/7/2024,2025-11-09,2024-07,features_attributes.csv
CUS_0x1eae,Golubkoval,47,403-63-5439,Mechanic,1/7/2024,2025-11-09,2024-07,features_attributes.csv
CUS_0x1ebc,Katharinap,43,657-98-2592,Manager,1/7/2024,2025-11-09,2024-07,features_attributes.csv
CUS_0x1fc1,Deightonp,46,517-59-6831,_______,1/7/2024,2025-11-09,2024-07,features_attributes.csv
CUS_0x2031,Scheydere,49,999-28-9483,Musician,1/7/2024,2025-11-09,2024-07,features_attributes.csv
CUS_0x20a3,Rachel Leec,30,838-84-0474,Lawyer,1/7/2024,2025-11-09,2024-07,features_attributes.csv
CUS_0x21b7,Finnl,17,802-21-9380,Musician,1/7/2024,2025-11-09,2024-07,features_attributes.csv
CUS_0x22b9,David Millikenu,45,444-45-1931,Lawyer,1/7/2024,2025-11-09,2024-07,features_attributes.csv
CUS_0x22ba,Alistairj,48,103-76-4368,Architect,1/7/2024,2025-11-09,2024-07,features_attributes.csv
CUS_0x235c,Jessicae,24,322-57-2229,Developer,1/7/2024,2025-11-09,2024-07,features_attributes.csv
CUS_0x248e,Andrea Shalal-Esad,46,154-09-5858,Media_Manager,1/7/2024,2025-11-09,2024-07,features_attributes.csv
CUS_0x24a1,Matt Dailyw,34,029-27-5479,Teacher,1/7/2024,2025-11-09,2024-07,features_attributes.csv
CUS_0x251e,Simon Meadsk,53,744-90-4909,Media_Manager,1/7/2024,2025-11-09,2024-07,features_attributes.csv
CUS_0x2579,Mutikanip,29,276-60-8172,Architect,1/7/2024,2025-11-09,2024-07,features_attributes.csv
CUS_0x259a,Allison Martelly,26,727-40-9990,Journalist,1/7/2024,2025-11-09,2024-07,features_attributes.csv
CUS_0x268f,Stanleyo,54,270-99-3172,Manager,1/7/2024,2025-11-09,2024-07,features_attributes.csv
CUS_0x277e,Lopezh,41,800-81-5647,Engineer,1/7/2024,2025-11-09,2024-07,features_attributes.csv
CUS_0x27d8,Slatert,25,543-78-0671,Scientist,1/7/2024,2025-11-09,2024-07,features_attributes.csv
CUS_0x27e0,Matt Scuffhame,34,626-64-3775,Media_Manager,1/7/2024,2025-11-09,2024-07,features_attributes.csv
CUS_0x28e7,Volcovicij,39,669-94-9890,Engineer,1/7/2024,2025-11-09,2024-07,features_attributes.csv
CUS_0x28f5,Nicola Leskea,56,#F%$D@*&8,Developer,1/7/2024,2025-11-09,2024-07,features_attributes.csv
CUS_0x2a85,Gardneru,40,886-14-0756,_______,1/7/2024,2025-11-09,2024-07,features_attributes.csv
CUS_0x2a9f,Rudegeairy,33,019-67-3375,Lawyer,1/7/2024,2025-11-09,2024-07,features_attributes.csv
CUS_0x2abb,Tomq,32,285-74-9089,Media_Manager,1/7/2024,2025-11-09,2024-07,features_attributes.csv
CUS_0x2ac3,Langel,26,#F%$D@*&8,Lawyer,1/7/2024,2025-11-09,2024-07,features_attributes.csv
CUS_0x2ad1,Margareth,30,787-51-5395,Engineer,1/7/2024,2025-11-09,2024-07,features_attributes.csv
CUS_0x2ad8,Cableu,45,305-23-1369,Manager,1/7/2024,2025-11-09,2024-07,features_attributes.csv
CUS_0x2bce,Jessical,28,362-84-5105,Entrepreneur,1/7/2024,2025-11-09,2024-07,features_attributes.csv
CUS_0x2c31,Yokog,30,680-06-0631,Musician,1/7/2024,2025-11-09,2024-07,features_attributes.csv
CUS_0x2c40,Frankz,25,517-14-0812,Doctor,1/7/2024,2025-11-09,2024-07,features_attributes.csv
CUS_0x2c42,Klaymans,52,826-94-0529,Teacher,1/7/2024,2025-11-09,2024-07,features_attributes.csv
CUS_0x2c4c,Douglas Busvinem,31,134-52-6017,Journalist,1/7/2024,2025-11-09,2024-07,features_attributes.csv
CUS_0x2c4f,Lawrence Whitez,36,552-16-6625,Writer,1/7/2024,2025-11-09,2024-07,features_attributes.csv
CUS_0x2cd4,Daviesk,26,585-10-9106,Engineer,1/7/2024,2025-11-09,2024-07,features_attributes.csv
CUS_0x2d37,Jennifer Sabar,28,126-78-6406,Developer,1/7/2024,2025-11-09,2024-07,features_attributes.csv
CUS_0x2d83,Abhijitn,18_,#F%$D@*&8,Lawyer,1/7/2024,2025-11-09,2024-07,features_attributes.csv
CUS_0x2df7,Phil Wahbaf,18,804-07-5195,Doctor,1/7/2024,2025-11-09,2024-07,features_attributes.csv
CUS_0x2e0c,Dawsony,31,#F%$D@*&8,Musician,1/7/2024,2025-11-09,2024-07,features_attributes.csv
CUS_0x2e5f,Felsenthalc,40,067-86-9905,Musician,1/7/2024,2025-11-09,2024-07,features_attributes.csv
CUS_0x2e96,Carolinex,54,735-57-7317,Writer,1/7/2024,2025-11-09,2024-07,features_attributes.csv
CUS_0x2e9b,Palmery,15,068-74-0168,Engineer,1/7/2024,2025-11-09,2024-07,features_attributes.csv
CUS_0x2eb3,Tomasz Janowskip,18,076-61-7709,Accountant,1/7/2024,2025-11-09,2024-07,features_attributes.csv
CUS_0x2f6c,", Asiaw",34,308-92-6427,Musician,1/7/2024,2025-11-09,2024-07,features_attributes.csv
CUS_0x2f7a,enj,36,407-98-9957,Entrepreneur,1/7/2024,2025-11-09,2024-07,features_attributes.csv
CUS_0x2fd7,Noah Barkina,37,469-10-8700,Mechanic,1/7/2024,2025-11-09,2024-07,features_attributes.csv
CUS_0x2ff8,Aaron Pressmanq,28,503-21-2410,Lawyer,1/7/2024,2025-11-09,2024-07,features_attributes.csv
CUS_0x30de,Karen Freifeldq,22,#F%$D@*&8,Writer,1/7/2024,2025-11-09,2024-07,features_attributes.csv
CUS_0x30e3,Poornima Guptap,21,780-97-4667,Developer,1/7/2024,2025-11-09,2024-07,features_attributes.csv
CUS_0x30f0,Tetsushi Kajimotox,28,305-57-0647,_______,1/7/2024,2025-11-09,2024-07,features_attributes.csv
CUS_0x3124,Philz,53,921-27-0890,Journalist,1/7/2024,2025-11-09,2024-07,features_attributes.csv
CUS_0x3139,Scheyderk,18,490-80-5398,Accountant,1/7/2024,2025-11-09,2024-07,features_attributes.csv
CUS_0x3175,Berniea,16,800-82-2401,Developer,1/7/2024,2025-11-09,2024-07,features_attributes.csv
CUS_0x3240,Kevino,34,924-63-6370,Developer,1/7/2024,2025-11-09,2024-07,features_attributes.csv
CUS_0x32be,Paulr,42,814-07-2953,Doctor,1/7/2024,2025-11-09,2024-07,features_attributes.csv
CUS_0x32df,Lesleyo,54,520-87-0094,_______,1/7/2024,2025-11-09,2024-07,features_attributes.csv
CUS_0x32fa,Grant McCooll,38,848-55-8612,Writer,1/7/2024,2025-11-09,2024-07,features_attributes.csv
CUS_0x335e,Pomeroyn,35,971-85-6951,Engineer,1/7/2024,2025-11-09,2024-07,features_attributes.csv
CUS_0x335f,Philipp Halstrickv,43,160-61-2492,Lawyer,1/7/2024,2025-11-09,2024-07,features_attributes.csv
CUS_0x33ba,Carolineh,19,179-95-2570,Scientist,1/7/2024,2025-11-09,2024-07,features_attributes.csv
CUS_0x33eb,Ben Klaymanm,35,584-17-2854,_______,1/7/2024,2025-11-09,2024-07,features_attributes.csv
CUS_0x34a2,rian Winterw,49,132-28-3450,_______,1/7/2024,2025-11-09,2024-07,features_attributes.csv
CUS_0x34b6,Sinead Carewr,26,358-29-5619,Musician,1/7/2024,2025-11-09,2024-07,features_attributes.csv
CUS_0x34e1,Lashn,40_,128-25-2178,Mechanic,1/7/2024,2025-11-09,2024-07,features_attributes.csv
CUS_0x3551,Sarahy,19,162-44-5518,Mechanic,1/7/2024,2025-11-09,2024-07,features_attributes.csv
CUS_0x36ed,Carewn,33,398-22-8099,Developer,1/7/2024,2025-11-09,2024-07,features_attributes.csv
CUS_0x3702,Barbashr,40,232-80-7977,Journalist,1/7/2024,2025-11-09,2024-07,features_attributes.csv
CUS_0x374c,Padraic Halpinj,52,881-30-4578,Engineer,1/7/2024,2025-11-09,2024-07,features_attributes.csv
CUS_0x37d2,Kevin Yaou,51,102-42-9445,Writer,1/7/2024,2025-11-09,2024-07,features_attributes.csv
CUS_0x37e6,Foor,23,491-70-1469,Architect,1/7/2024,2025-11-09,2024-07,features_attributes.csv
CUS_0x37fb,Giselda Vagnonis,34,829-28-9860,Lawyer,1/7/2024,2025-11-09,2024-07,features_attributes.csv
CUS_0x3852,Svea Herbst-Baylissg,45,654-67-5073,_______,1/7/2024,2025-11-09,2024-07,features_attributes.csv
CUS_0x3896,Tsveteliac,21,217-87-3906,Lawyer,1/7/2024,2025-11-09,2024-07,features_attributes.csv
CUS_0x38a1,Lucia Mutikanie,44,180-47-5273,Mechanic,1/7/2024,2025-11-09,2024-07,features_attributes.csv
CUS_0x38b4,Guix,45,050-41-8827,Accountant,1/7/2024,2025-11-09,2024-07,features_attributes.csv
CUS_0x38cd,Angela Moonp,29,121-15-1586,Accountant,1/7/2024,2025-11-09,2024-07,features_attributes.csv
CUS_0x3909,Karen Jacobsk,33,833-13-6967,Entrepreneur,1/7/2024,2025-11-09,2024-07,features_attributes.csv
CUS_0x3974,Pauli,26,420-10-9235,Teacher,1/7/2024,2025-11-09,2024-07,features_attributes.csv
CUS_0x3aa1,Kerberc,39,701-98-5720,_______,1/7/2024,2025-11-09,2024-07,features_attributes.csv
CUS_0x3aa7,Shihara,26,774-43-5922,Writer,1/7/2024,2025-11-09,2024-07,features_attributes.csv
CUS_0x3ae7,Sarah Youngc,44,884-25-9290,Architect,1/7/2024,2025-11-09,2024-07,features_attributes.csv
CUS_0x3cfe,Lioneli,22,330-78-4673,Journalist,1/7/2024,2025-11-09,2024-07,features_attributes.csv
CUS_0x3d0e,Qing Xiaoyih,55,149-85-8524,Doctor,1/7/2024,2025-11-09,2024-07,features_attributes.csv
CUS_0x3d44,Walshn,29,534-16-1512,Media_Manager,1/7/2024,2025-11-09,2024-07,features_attributes.csv
CUS_0x3d6d,Clare Kanee,29,911-25-7637,Doctor,1/7/2024,2025-11-09,2024-07,features_attributes.csv
CUS_0x3d76,B.c,30,479-80-1683,Journalist,1/7/2024,2025-11-09,2024-07,features_attributes.csv
CUS_0x3d77,Cagef,29,691-72-0444,Architect,1/7/2024,2025-11-09,2024-07,features_attributes.csv
CUS_0x3d79,Raymondr,33,049-54-5444,Architect,1/7/2024,2025-11-09,2024-07,features_attributes.csv
CUS_0x3de6,Herbert Lasht,54,391-07-6393,Entrepreneur,1/7/2024,2025-11-09,2024-07,features_attributes.csv
CUS_0x3eb6,Seetharamanw,17,#F%$D@*&8,Accountant,1/7/2024,2025-11-09,2024-07,features_attributes.csv
CUS_0x3f5b,Mikeh,25,744-11-7914,Doctor,1/7/2024,2025-11-09,2024-07,features_attributes.csv
CUS_0x3f89,Luciag,19,895-18-0686,Writer,1/7/2024,2025-11-09,2024-07,features_attributes.csv
CUS_0x406d,Busvinek,44,370-97-3042,Developer,1/7/2024,2025-11-09,2024-07,features_attributes.csv
CUS_0x40c,Joank,46_,092-31-4708,Lawyer,1/7/2024,2025-11-09,2024-07,features_attributes.csv
CUS_0x40cf,Francesco Guarascios,32,811-84-7081,Scientist,1/7/2024,2025-11-09,2024-07,features_attributes.csv
CUS_0x40df,Armstrongk,21,395-89-7017,Musician,1/7/2024,2025-11-09,2024-07,features_attributes.csv
CUS_0x411,Seetharamans,44,299-93-5267,Engineer,1/7/2024,2025-11-09,2024-07,features_attributes.csv
CUS_0x413,Alexei Oreskovicr,23,851-32-4418,Manager,1/7/2024,2025-11-09,2024-07,features_attributes.csv
CUS_0x4192,Maltezouu,14_,589-12-7572,Engineer,1/7/2024,2025-11-09,2024-07,features_attributes.csv
CUS_0x4203,Bavierq,4050,857-44-8236,Musician,1/7/2024,2025-11-09,2024-07,features_attributes.csv
CUS_0x4213,Cyntiam,37,593-78-2658,Architect,1/7/2024,2025-11-09,2024-07,features_attributes.csv
CUS_0x421d,Wilchinsv,22,026-17-5849,Engineer,1/7/2024,2025-11-09,2024-07,features_attributes.csv
CUS_0x4282,Martinnef,23,084-11-7193,Accountant,1/7/2024,2025-11-09,2024-07,features_attributes.csv
CUS_0x4298,Yaov,46,850-03-7662,Teacher,1/7/2024,2025-11-09,2024-07,features_attributes.csv
CUS_0x42ab,Economics Correspondentf,46,230-60-1144,Scientist,1/7/2024,2025-11-09,2024-07,features_attributes.csv
CUS_0x42ca,Paltrowm,45,956-92-4573,Teacher,1/7/2024,2025-11-09,2024-07,features_attributes.csv
CUS_0x432a,Grazinaz,19,626-35-9737,Media_Manager,1/7/2024,2025-11-09,2024-07,features_attributes.csv
CUS_0x435c,Emilyc,45,458-40-2217,Teacher,1/7/2024,2025-11-09,2024-07,features_attributes.csv
CUS_0x4424,Sabar,14,930-89-7190,Architect,1/7/2024,2025-11-09,2024-07,features_attributes.csv
CUS_0x44c0,Toonkeli,24,087-44-2520,Engineer,1/7/2024,2025-11-09,2024-07,features_attributes.csv
CUS_0x450b,Howleys,47,258-48-0314,Mechanic,1/7/2024,2025-11-09,2024-07,features_attributes.csv
CUS_0x4518,"\"Johnc",16,958-03-1352,Developer,1/7/2024,2025-11-09,2024-07,features_attributes.csv
CUS_0x457b,Karl Plumel,28,852-68-5281,Teacher,1/7/2024,2025-11-09,2024-07,features_attributes.csv
CUS_0x4590,Diane Bartze,28_,265-27-8321,Entrepreneur,1/7/2024,2025-11-09,2024-07,features_attributes.csv
CUS_0x4661,Gelleru,22,245-45-4597,Architect,1/7/2024,2025-11-09,2024-07,features_attributes.csv
CUS_0x46dd,John Irishl,28,537-71-3800,Engineer,1/7/2024,2025-11-09,2024-07,features_attributes.csv
CUS_0x4716,", Asiac",42,372-10-1782,Musician,1/7/2024,2025-11-09,2024-07,features_attributes.csv
CUS_0x4768,Foo Yuny,34,579-03-5478,Engineer,1/7/2024,2025-11-09,2024-07,features_attributes.csv
CUS_0x47af,Noah Barkino,23,270-88-8789,Journalist,1/7/2024,2025-11-09,2024-07,features_attributes.csv
CUS_0x47e5,Kajimotoz,40,334-74-9570,Mechanic,1/7/2024,2025-11-09,2024-07,features_attributes.csv
CUS_0x47e8,Koh Guiy,53,835-63-0464,Entrepreneur,1/7/2024,2025-11-09,2024-07,features_attributes.csv
CUS_0x4824,"\"Eileenx",31,188-94-9368,Musician,1/7/2024,2025-11-09,2024-07,features_attributes.csv
CUS_0x4829,Blinchn,49_,070-79-0780,Media_Manager,1/7/2024,2025-11-09,2024-07,features_attributes.csv
CUS_0x4863,Kevinx,-500,458-70-1304,Lawyer,1/7/2024,2025-11-09,2024-07,features_attributes.csv
CUS_0x48e6,Andrew Callusb,55,248-30-7023,Writer,1/7/2024,2025-11-09,2024-07,features_attributes.csv
CUS_0x48ed,Jessica Wohlk,23,600-60-2322,Teacher,1/7/2024,2025-11-09,2024-07,features_attributes.csv
CUS_0x48fe,Lisa Juccai,22,#F%$D@*&8,Writer,1/7/2024,2025-11-09,2024-07,features_attributes.csv
CUS_0x4947,Philj,25,#F%$D@*&8,Architect,1/7/2024,2025-11-09,2024-07,features_attributes.csv
CUS_0x49b0,Freifeldh,20,812-97-0609,Mechanic,1/7/2024,2025-11-09,2024-07,features_attributes.csv
CUS_0x49b8,Suzannej,26,#F%$D@*&8,Developer,1/7/2024,2025-11-09,2024-07,features_attributes.csv
CUS_0x49b9,illj,41,075-68-1286,Entrepreneur,1/7/2024,2025-11-09,2024-07,features_attributes.csv
CUS_0x49da,Lashh,27,915-13-4225,Teacher,1/7/2024,2025-11-09,2024-07,features_attributes.csv
CUS_0x49dd,Masond,14,966-28-7046,Engineer,1/7/2024,2025-11-09,2024-07,features_attributes.csv
CUS_0x4a02,Chuck Mikolajczaky,32,426-22-0154,Scientist,1/7/2024,2025-11-09,2024-07,features_attributes.csv
CUS_0x4a18,Harrya,47,343-11-4876,Media_Manager,1/7/2024,2025-11-09,2024-07,features_attributes.csv
CUS_0x4a82,Dhanya Skariachanu,46,711-75-2709,Developer,1/7/2024,2025-11-09,2024-07,features_attributes.csv
CUS_0x4a83,", Globalw",19,408-42-1764,Engineer,1/7/2024,2025-11-09,2024-07,features_attributes.csv
CUS_0x4a96,Marcw,29,347-24-2777,Media_Manager,1/7/2024,2025-11-09,2024-07,features_attributes.csv
CUS_0x4b86,Nachtigalh,20,942-96-5677,Manager,1/7/2024,2025-11-09,2024-07,features_attributes.csv
CUS_0x4bef,McAllisterb,18,783-63-1238,Journalist,1/7/2024,2025-11-09,2024-07,features_attributes.csv
CUS_0x4c0,Ken Willsh,39_,880-98-7137,Media_Manager,1/7/2024,2025-11-09,2024-07,features_attributes.csv
CUS_0x4c49,Maggiel,33,588-33-1403,Manager,1/7/2024,2025-11-09,2024-07,features_attributes.csv
CUS_0x4c4a,Georgiopoulosk,22,018-63-9003,Accountant,1/7/2024,2025-11-09,2024-07,features_attributes.csv
CUS_0x4d1c,Jaisinghaniy,32,264-08-8572,Doctor,1/7/2024,2025-11-09,2024-07,features_attributes.csv
CUS_0x4d75,David Millikenn,42,125-45-2480,Manager,1/7/2024,2025-11-09,2024-07,features_attributes.csv
CUS_0x4da1,Alwyn Scottg,44,562-85-5806,Accountant,1/7/2024,2025-11-09,2024-07,features_attributes.csv
CUS_0x4ead,erniej,42,006-00-9957,Accountant,1/7/2024,2025-11-09,2024-07,features_attributes.csv
CUS_0x4ee1,Wohlb,16,529-25-9023,Entrepreneur,1/7/2024,2025-11-09,2024-07,features_attributes.csv
CUS_0x4f3,Jewkesj,18,273-47-7879,Doctor,1/7/2024,2025-11-09,2024-07,features_attributes.csv
CUS_0x5053,Maha Elz,21,136-08-1655,Entrepreneur,1/7/2024,2025-11-09,2024-07,features_attributes.csv
CUS_0x507d,Maltezoux,26,986-81-4930,Teacher,1/7/2024,2025-11-09,2024-07,features_attributes.csv
CUS_0x508c,Wahbap,49,212-99-0909,Engineer,1/7/2024,2025-11-09,2024-07,features_attributes.csv
CUS_0x515a,Dena Aubing,21,665-62-6458,Developer,1/7/2024,2025-11-09,2024-07,features_attributes.csv
CUS_0x51a4,Soyoung Kima,21,500-92-8739,Engineer,1/7/2024,2025-11-09,2024-07,features_attributes.csv
CUS_0x52b1,Palmerv,46,714-29-2224,Journalist,1/7/2024,2025-11-09,2024-07,features_attributes.csv
CUS_0x531b,Catherinew,42,529-43-1473,Musician,1/7/2024,2025-11-09,2024-07,features_attributes.csv
CUS_0x544,Jon Herskovitzu,29,163-45-1172,Mechanic,1/7/2024,2025-11-09,2024-07,features_attributes.csv
CUS_0x5478,Baertleinu,51,029-06-3475,Teacher,1/7/2024,2025-11-09,2024-07,features_attributes.csv
CUS_0x5480,Strupczewskid,26,102-88-4366,Scientist,1/7/2024,2025-11-09,2024-07,features_attributes.csv
CUS_0x5487,Elinor Comlayk,51,893-97-0399,Teacher,1/7/2024,2025-11-09,2024-07,features_attributes.csv
CUS_0x553,Dougc,30,104-11-0399,Engineer,1/7/2024,2025-11-09,2024-07,features_attributes.csv
CUS_0x5641,Carolineh,49,333-43-6398,Accountant,1/7/2024,2025-11-09,2024-07,features_attributes.csv
CUS_0x56a4,Emily Stephensonx,21_,263-81-4607,Entrepreneur,1/7/2024,2025-11-09,2024-07,features_attributes.csv
CUS_0x56cf,Henrye,22,310-05-9951,_______,1/7/2024,2025-11-09,2024-07,features_attributes.csv
CUS_0x56d6,Ann Saphirj,37,349-72-1106,Journalist,1/7/2024,2025-11-09,2024-07,features_attributes.csv
CUS_0x56e5,Gregq,24,823-62-0090,Media_Manager,1/7/2024,2025-11-09,2024-07,features_attributes.csv
CUS_0x571f,Emily Flitterl,19,397-28-9675,Developer,1/7/2024,2025-11-09,2024-07,features_attributes.csv
CUS_0x5735,Castlez,44,941-81-5948,_______,1/7/2024,2025-11-09,2024-07,features_attributes.csv
CUS_0x5756,Krauskopfv,41,707-41-4090,Developer,1/7/2024,2025-11-09,2024-07,features_attributes.csv
CUS_0x5789,Anshuman Dagag,43,395-30-8175,Architect,1/7/2024,2025-11-09,2024-07,features_attributes.csv
CUS_0x5816,Scotts,36,255-63-4043,Media_Manager,1/7/2024,2025-11-09,2024-07,features_attributes.csv
CUS_0x583b,Shalal-Esat,28,236-13-4647,Manager,1/7/2024,2025-11-09,2024-07,features_attributes.csv
CUS_0x584e,Shirouzug,33,#F%$D@*&8,Accountant,1/7/2024,2025-11-09,2024-07,features_attributes.csv
CUS_0x58f4,Leez,45,331-91-1785,Accountant,1/7/2024,2025-11-09,2024-07,features_attributes.csv
CUS_0x5923,Menone,33,712-40-3142,_______,1/7/2024,2025-11-09,2024-07,features_attributes.csv
CUS_0x5a54,Emmag,46,396-95-2155,Manager,1/7/2024,2025-11-09,2024-07,features_attributes.csv
CUS_0x5a5e,Joshual,26,120-69-3385,Manager,1/7/2024,2025-11-09,2024-07,features_attributes.csv
CUS_0x5a72,Bosleyf,24,551-70-7456,Architect,1/7/2024,2025-11-09,2024-07,features_attributes.csv
CUS_0x5ae,Scotty,15,953-45-4455,Musician,1/7/2024,2025-11-09,2024-07,features_attributes.csv
CUS_0x5b65,Silvia Aloisiw,25,949-81-1864,Doctor,1/7/2024,2025-11-09,2024-07,features_attributes.csv
CUS_0x5bf5,Karen Freifelda,43,031-67-3915,Lawyer,1/7/2024,2025-11-09,2024-07,features_attributes.csv
CUS_0x5c40,Lucia Mutikanic,17,215-45-8438,Journalist,1/7/2024,2025-11-09,2024-07,features_attributes.csv
CUS_0x5d75,Alexu,23,#F%$D@*&8,Teacher,1/7/2024,2025-11-09,2024-07,features_attributes.csv
CUS_0x5d87,Leonoray,2749,084-35-5102,Journalist,1/7/2024,2025-11-09,2024-07,features_attributes.csv
CUS_0x5d95,Timl,22_,809-31-4571,Scientist,1/7/2024,2025-11-09,2024-07,features_attributes.csv
CUS_0x5d9e,"\"Michael OBoyle\"f",29_,625-00-9287,Journalist,1/7/2024,2025-11-09,2024-07,features_attributes.csv
CUS_0x5ddd,Foo Yuno,28,236-19-1704,_______,1/7/2024,2025-11-09,2024-07,features_attributes.csv
CUS_0x5e1a,Rangef,32,997-66-1112,Accountant,1/7/2024,2025-11-09,2024-07,features_attributes.csv
CUS_0x5e30,Zahariae,18,403-57-6898,Scientist,1/7/2024,2025-11-09,2024-07,features_attributes.csv
CUS_0x5ea2,Julien Toyerf,36,266-58-4616,Entrepreneur,1/7/2024,2025-11-09,2024-07,features_attributes.csv
CUS_0x5eee,David Sheppardn,41,447-71-5555,Architect,1/7/2024,2025-11-09,2024-07,features_attributes.csv
CUS_0x5ff8,Nanette Byrnesz,25,202-67-9333,Accountant,1/7/2024,2025-11-09,2024-07,features_attributes.csv
CUS_0x6030,Kirsting,19,780-19-3604,Mechanic,1/7/2024,2025-11-09,2024-07,features_attributes.csv
CUS_0x6073,Rick Rothackern,37,#F%$D@*&8,Teacher,1/7/2024,2025-11-09,2024-07,features_attributes.csv
CUS_0x609d,Shupingu,27,911-47-6879,_______,1/7/2024,2025-11-09,2024-07,features_attributes.csv
CUS_0x6176,Dmitracovar,19,776-12-0174,Musician,1/7/2024,2025-11-09,2024-07,features_attributes.csv
CUS_0x617b,Phil Wahbab,33,841-56-3771,Media_Manager,1/7/2024,2025-11-09,2024-07,features_attributes.csv
CUS_0x61c6,Suvashreel,30,#F%$D@*&8,Musician,1/7/2024,2025-11-09,2024-07,features_attributes.csv
CUS_0x6225,Robertaj,36_,340-01-9048,Musician,1/7/2024,2025-11-09,2024-07,features_attributes.csv
CUS_0x6275,Swethag,19_,926-55-7800,Architect,1/7/2024,2025-11-09,2024-07,features_attributes.csv
CUS_0x627e,Forgioner,31,721-96-8087,Mechanic,1/7/2024,2025-11-09,2024-07,features_attributes.csv
CUS_0x640a,Hellerw,32,446-54-8731,Architect,1/7/2024,2025-11-09,2024-07,features_attributes.csv
CUS_0x64c6,Davidb,27,995-72-8382,Scientist,1/7/2024,2025-11-09,2024-07,features_attributes.csv
CUS_0x6568,How,27,956-80-0633,Lawyer,1/7/2024,2025-11-09,2024-07,features_attributes.csv
CUS_0x6572,Terhim,45,594-42-1364,Doctor,1/7/2024,2025-11-09,2024-07,features_attributes.csv
CUS_0x658a,James Grubelz,29,260-79-8827,Manager,1/7/2024,2025-11-09,2024-07,features_attributes.csv
CUS_0x65e1,Olivia Oranq,20,498-47-7214,Accountant,1/7/2024,2025-11-09,2024-07,features_attributes.csv
CUS_0x65e4,Dinax,45,609-54-4421,Doctor,1/7/2024,2025-11-09,2024-07,features_attributes.csv
CUS_0x65f0,Nicholasy,39,013-35-9724,Mechanic,1/7/2024,2025-11-09,2024-07,features_attributes.csv
CUS_0x65fa,Fabis,51,276-33-4104,Architect,1/7/2024,2025-11-09,2024-07,features_attributes.csv
CUS_0x660b,Karolina Tagarisw,21,712-12-7095,Accountant,1/7/2024,2025-11-09,2024-07,features_attributes.csv
CUS_0x6610,Alberto Alerigib,55,242-80-2380,Developer,1/7/2024,2025-11-09,2024-07,features_attributes.csv
CUS_0x6671,Alistair Barri,17,097-58-4488,Manager,1/7/2024,2025-11-09,2024-07,features_attributes.csv
CUS_0x66c3,Rickh,36,669-33-0062,Mechanic,1/7/2024,2025-11-09,2024-07,features_attributes.csv
CUS_0x674e,Roumeliotish,45,017-96-2874,Manager,1/7/2024,2025-11-09,2024-07,features_attributes.csv
CUS_0x6951,Brettv,40,811-90-5713,Writer,1/7/2024,2025-11-09,2024-07,features_attributes.csv
CUS_0x6960,Chuckj,23,830-83-0350,Scientist,1/7/2024,2025-11-09,2024-07,features_attributes.csv
CUS_0x6962,Camposj,24_,481-74-6465,Teacher,1/7/2024,2025-11-09,2024-07,features_attributes.csv
CUS_0x69bf,Davef,38,514-39-2995,Engineer,1/7/2024,2025-11-09,2024-07,features_attributes.csv
CUS_0x69c3,Mark Felsenthalv,53,979-06-3778,Lawyer,1/7/2024,2025-11-09,2024-07,features_attributes.csv
CUS_0x6a91,Makiv,39,978-63-5965,Doctor,1/7/2024,2025-11-09,2024-07,features_attributes.csv
CUS_0x6a9a,Alistair Barrw,31,#F%$D@*&8,Media_Manager,1/7/2024,2025-11-09,2024-07,features_attributes.csv
CUS_0x6ae6,Frankelb,26,181-66-7108,Lawyer,1/7/2024,2025-11-09,2024-07,features_attributes.csv
CUS_0x6b10,Humphriese,46,#F%$D@*&8,Developer,1/7/2024,2025-11-09,2024-07,features_attributes.csv
CUS_0x6b42,Clarkp,26,471-99-1392,Media_Manager,1/7/2024,2025-11-09,2024-07,features_attributes.csv
CUS_0x6c12,Dan Levinee,38,868-53-6968,Entrepreneur,1/7/2024,2025-11-09,2024-07,features_attributes.csv
CUS_0x6c2d,Sven Egenteru,25,706-39-9115,Lawyer,1/7/2024,2025-11-09,2024-07,features_attributes.csv
CUS_0x6d2c,Danilo Masoniq,18,207-09-4100,Scientist,1/7/2024,2025-11-09,2024-07,features_attributes.csv
CUS_0x6d43,Chris Vellacotta,25,221-07-3129,Developer,1/7/2024,2025-11-09,2024-07,features_attributes.csv
CUS_0x6d5c,Emmottu,26,981-04-9699,Teacher,1/7/2024,2025-11-09,2024-07,features_attributes.csv
CUS_0x6d71,Ed Stoddardn,21,117-40-9536,Manager,1/7/2024,2025-11-09,2024-07,features_attributes.csv
CUS_0x6d85,Alwyn Scotto,38_,771-46-0192,Doctor,1/7/2024,2025-11-09,2024-07,features_attributes.csv
CUS_0x6e1e,arry Moodyq,38,#F%$D@*&8,Entrepreneur,1/7/2024,2025-11-09,2024-07,features_attributes.csv
CUS_0x6ef6,Lefteris Papadimasl,50,#F%$D@*&8,Manager,1/7/2024,2025-11-09,2024-07,features_attributes.csv
CUS_0x6fb9,Shalal-Esay,21_,918-42-3999,Manager,1/7/2024,2025-11-09,2024-07,features_attributes.csv
CUS_0x7025,Simon Jessopf,34,198-39-8199,Writer,1/7/2024,2025-11-09,2024-07,features_attributes.csv
CUS_0x7067,Peter Laurias,50_,383-61-8635,Architect,1/7/2024,2025-11-09,2024-07,features_attributes.csv
CUS_0x7204,Rothackerw,34,065-34-1600,Accountant,1/7/2024,2025-11-09,2024-07,features_attributes.csv
CUS_0x727a,Sonali Paula,40,364-26-4442,Doctor,1/7/2024,2025-11-09,2024-07,features_attributes.csv
CUS_0x72b6,Cohnw,38,334-23-3707,Doctor,1/7/2024,2025-11-09,2024-07,features_attributes.csv
CUS_0x72c0,Laurence Frostd,16,046-25-3960,Teacher,1/7/2024,2025-11-09,2024-07,features_attributes.csv
CUS_0x7303,Lawrence Whitep,17,727-06-5316,Media_Manager,1/7/2024,2025-11-09,2024-07,features_attributes.csv
CUS_0x733c,Liana B.c,38,499-65-2055,Mechanic,1/7/2024,2025-11-09,2024-07,features_attributes.csv
CUS_0x7447,Phil Wahbag,26,403-81-2155,Writer,1/7/2024,2025-11-09,2024-07,features_attributes.csv
CUS_0x7512,Ranganathanu,55_,078-58-1869,Musician,1/7/2024,2025-11-09,2024-07,features_attributes.csv
CUS_0x7532,Dennyn,40,#F%$D@*&8,Musician,1/7/2024,2025-11-09,2024-07,features_attributes.csv
CUS_0x753d,Foos,32,651-76-8170,Lawyer,1/7/2024,2025-11-09,2024-07,features_attributes.csv
CUS_0x76bc,David Stanwayz,38,145-46-9635,Writer,1/7/2024,2025-11-09,2024-07,features_attributes.csv
CUS_0x7745,Hyunjoo Jinq,21,154-95-3212,_______,1/7/2024,2025-11-09,2024-07,features_attributes.csv
CUS_0x7768,Dhanya Skariachanc,42,971-95-9546,Journalist,1/7/2024,2025-11-09,2024-07,features_attributes.csv
CUS_0x777b,Tetsushi Kajimotov,27,121-84-4174,Lawyer,1/7/2024,2025-11-09,2024-07,features_attributes.csv
CUS_0x7799,Liana B.q,29,401-76-8437,Manager,1/7/2024,2025-11-09,2024-07,features_attributes.csv
CUS_0x77b7,Padraic Halpind,-500,001-96-4399,Mechanic,1/7/2024,2025-11-09,2024-07,features_attributes.csv
CUS_0x786e,Whitei,31,984-79-1344,Entrepreneur,1/7/2024,2025-11-09,2024-07,features_attributes.csv
CUS_0x792f,Sakari Suoninent,24,182-98-8567,Teacher,1/7/2024,2025-11-09,2024-07,features_attributes.csv
CUS_0x7943,Robinr,14,775-20-0390,Lawyer,1/7/2024,2025-11-09,2024-07,features_attributes.csv
CUS_0x7997,Marcy Nicholsonc,23_,287-47-9795,Entrepreneur,1/7/2024,2025-11-09,2024-07,features_attributes.csv
CUS_0x7a15,Taros,19,744-57-1972,Developer,1/7/2024,2025-11-09,2024-07,features_attributes.csv
CUS_0x7b2b,Soyoungc,38,337-58-4855,Architect,1/7/2024,2025-11-09,2024-07,features_attributes.csv
CUS_0x7b8c,Swaha Pattanaikt,21,321-02-4040,Musician,1/7/2024,2025-11-09,2024-07,features_attributes.csv
CUS_0x7b94,Rochay,19,449-05-9106,Media_Manager,1/7/2024,2025-11-09,2024-07,features_attributes.csv
CUS_0x7baa,Mylesl,56,439-74-3252,Mechanic,1/7/2024,2025-11-09,2024-07,features_attributes.csv
CUS_0x7c33,Guptah,55,481-99-3123,Journalist,1/7/2024,2025-11-09,2024-07,features_attributes.csv
CUS_0x7ca7,Conor Humphriesk,47_,642-82-4606,Accountant,1/7/2024,2025-11-09,2024-07,features_attributes.csv
CUS_0x7d62,Emi Emotot,22,#F%$D@*&8,Doctor,1/7/2024,2025-11-09,2024-07,features_attributes.csv
CUS_0x7d87,Smithm,38,779-20-4718,Mechanic,1/7/2024,2025-11-09,2024-07,features_attributes.csv
CUS_0x7d96,Sayantani Ghosho,17,403-90-2072,Teacher,1/7/2024,2025-11-09,2024-07,features_attributes.csv
CUS_0x7daf,Anuragh,44,665-75-9492,Teacher,1/7/2024,2025-11-09,2024-07,features_attributes.csv
CUS_0x7dc6,Scuffhamw,210,995-81-3178,Lawyer,1/7/2024,2025-11-09,2024-07,features_attributes.csv
CUS_0x7dcd,Peter Hendersonr,48,812-70-4107,Manager,1/7/2024,2025-11-09,2024-07,features_attributes.csv
CUS_0x7e5b,Chucke,44,176-51-3094,Architect,1/7/2024,2025-11-09,2024-07,features_attributes.csv
CUS_0x7e7c,Lorraine Turnerk,21,172-68-0059,Writer,1/7/2024,2025-11-09,2024-07,features_attributes.csv
CUS_0x7e8b,ewich Noelx,15,683-00-7700,Engineer,1/7/2024,2025-11-09,2024-07,features_attributes.csv
CUS_0x7eb6,Edwardh,22,533-78-8189,Teacher,1/7/2024,2025-11-09,2024-07,features_attributes.csv
CUS_0x7ee,Maria Sheahany,30,193-00-4284,Lawyer,1/7/2024,2025-11-09,2024-07,features_attributes.csv
CUS_0x7f27,Ernesti,52_,596-88-3424,Entrepreneur,1/7/2024,2025-11-09,2024-07,features_attributes.csv
CUS_0x7f72,Anna Driverd,45,700-08-5887,Doctor,1/7/2024,2025-11-09,2024-07,features_attributes.csv
CUS_0x806c,Timh,40,944-68-1538,Entrepreneur,1/7/2024,2025-11-09,2024-07,features_attributes.csv
CUS_0x80a0,Anjulim,26,165-78-8906,Manager,1/7/2024,2025-11-09,2024-07,features_attributes.csv
CUS_0x80bb,Yoko Kubotar,20,246-41-3277,Engineer,1/7/2024,2025-11-09,2024-07,features_attributes.csv
CUS_0x8122,Danielr,43,668-73-0602,Engineer,1/7/2024,2025-11-09,2024-07,features_attributes.csv
CUS_0x8188,Tarao,19,205-17-8116,Mechanic,1/7/2024,2025-11-09,2024-07,features_attributes.csv
CUS_0x818c,Timg,45,482-76-6283,Mechanic,1/7/2024,2025-11-09,2024-07,features_attributes.csv
CUS_0x81f0,Luciav,26,842-74-0273,Accountant,1/7/2024,2025-11-09,2024-07,features_attributes.csv
CUS_0x825b,Nick Brownv,31,#F%$D@*&8,Media_Manager,1/7/2024,2025-11-09,2024-07,features_attributes.csv
CUS_0x8271,Parizl,40_,213-49-2021,Media_Manager,1/7/2024,2025-11-09,2024-07,features_attributes.csv
CUS_0x82a3,Soyoung Kims,28,467-13-7563,Manager,1/7/2024,2025-11-09,2024-07,features_attributes.csv
CUS_0x82b,Bakerc,35,468-43-3883,Architect,1/7/2024,2025-11-09,2024-07,features_attributes.csv
CUS_0x82cc,Jebr,32,156-63-4771,Architect,1/7/2024,2025-11-09,2024-07,features_attributes.csv
CUS_0x82f8,Leela Parkerp,31,020-47-1922,_______,1/7/2024,2025-11-09,2024-07,features_attributes.csv
CUS_0x8388,Alan Wheatleyy,29,617-55-4327,_______,1/7/2024,2025-11-09,2024-07,features_attributes.csv
CUS_0x83fe,Conorq,20,479-47-1083,Scientist,1/7/2024,2025-11-09,2024-07,features_attributes.csv
CUS_0x840b,Josephp,31,068-07-3518,Scientist,1/7/2024,2025-11-09,2024-07,features_attributes.csv
CUS_0x8447,Jessicac,32,457-60-5836,Media_Manager,1/7/2024,2025-11-09,2024-07,features_attributes.csv
CUS_0x845d,Aubinx,46,694-27-8258,Accountant,1/7/2024,2025-11-09,2024-07,features_attributes.csv
CUS_0x8484,Tom Halsy,33,194-77-9351,Lawyer,1/7/2024,2025-11-09,2024-07,features_attributes.csv
CUS_0x84d1,Arno Schuetzeu,39,094-32-7985,Accountant,1/7/2024,2025-11-09,2024-07,features_attributes.csv
CUS_0x84da,Tara LaCapraa,55,107-35-4416,Doctor,1/7/2024,2025-11-09,2024-07,features_attributes.csv
CUS_0x855f,Kimj,43,153-56-1810,Lawyer,1/7/2024,2025-11-09,2024-07,features_attributes.csv
CUS_0x85a2,Karen Freifeldp,34,130-19-9872,Writer,1/7/2024,2025-11-09,2024-07,features_attributes.csv
CUS_0x8617,Carrickx,21,120-16-6347,_______,1/7/2024,2025-11-09,2024-07,features_attributes.csv
CUS_0x861c,Nick Brownw,29,654-98-3234,Doctor,1/7/2024,2025-11-09,2024-07,features_attributes.csv
CUS_0x86bc,Milesi,23,796-04-1973,Architect,1/7/2024,2025-11-09,2024-07,features_attributes.csv
CUS_0x86c0,Patrick Temple-Westk,20,176-63-8953,Scientist,1/7/2024,2025-11-09,2024-07,features_attributes.csv
CUS_0x8785,Aradhanar,21,786-21-8884,Doctor,1/7/2024,2025-11-09,2024-07,features_attributes.csv
CUS_0x880d,Robertm,33,439-57-0904,Doctor,1/7/2024,2025-11-09,2024-07,features_attributes.csv
CUS_0x8842,Rosss,56,633-86-8268,Teacher,1/7/2024,2025-11-09,2024-07,features_attributes.csv
CUS_0x88f9,Chiangk,43,435-05-8261,Media_Manager,1/7/2024,2025-11-09,2024-07,features_attributes.csv
CUS_0x8928,Ernest Scheyderr,32,137-96-5829,Manager,1/7/2024,2025-11-09,2024-07,features_attributes.csv
CUS_0x8971,Harry Papachristoup,40,501-64-4874,Entrepreneur,1/7/2024,2025-11-09,2024-07,features_attributes.csv
CUS_0x8973,Steveo,35,187-06-6371,Musician,1/7/2024,2025-11-09,2024-07,features_attributes.csv
CUS_0x8a0e,Gellera,51,601-77-9732,Mechanic,1/7/2024,2025-11-09,2024-07,features_attributes.csv
CUS_0x8a14,Tims,33,415-62-2686,Manager,1/7/2024,2025-11-09,2024-07,features_attributes.csv
CUS_0x8a56,Smithg,36,869-67-4077,Engineer,1/7/2024,2025-11-09,2024-07,features_attributes.csv
CUS_0x8a63,Howleys,35,945-10-6206,Media_Manager,1/7/2024,2025-11-09,2024-07,features_attributes.csv
CUS_0x8a74,Mikolajczakc,47,023-79-4833,Media_Manager,1/7/2024,2025-11-09,2024-07,features_attributes.csv
CUS_0x8a8c,Karen Jacobsu,32_,520-12-7956,Doctor,1/7/2024,2025-11-09,2024-07,features_attributes.csv
CUS_0x8b7a,Yinkam,26,809-40-8569,Scientist,1/7/2024,2025-11-09,2024-07,features_attributes.csv
CUS_0x8c1f,Warren Strobels,15_,471-06-8456,Writer,1/7/2024,2025-11-09,2024-07,features_attributes.csv
CUS_0x8d01,Sullivanv,21,859-15-2247,Journalist,1/7/2024,2025-11-09,2024-07,features_attributes.csv
CUS_0x8d0b,Antonib,43,347-54-2557,Engineer,1/7/2024,2025-11-09,2024-07,features_attributes.csv
CUS_0x8d4f,Kazunori Takadas,18,666-08-2872,Entrepreneur,1/7/2024,2025-11-09,2024-07,features_attributes.csv
CUS_0x8d90,Basill,41,#F%$D@*&8,Scientist,1/7/2024,2025-11-09,2024-07,features_attributes.csv
CUS_0x8e2,Clare Kanef,43,299-21-2157,Journalist,1/7/2024,2025-11-09,2024-07,features_attributes.csv
CUS_0x8e73,Thomass,35,733-72-3818,Architect,1/7/2024,2025-11-09,2024-07,features_attributes.csv
CUS_0x8f34,Robink,33,390-76-6133,Teacher,1/7/2024,2025-11-09,2024-07,features_attributes.csv
CUS_0x8fc8,Lesleye,48,809-75-3628,Doctor,1/7/2024,2025-11-09,2024-07,features_attributes.csv
CUS_0x8ff8,Michele Kambasg,28,765-92-4564,Developer,1/7/2024,2025-11-09,2024-07,features_attributes.csv
CUS_0x901,Andyo,40,637-42-2504,Architect,1/7/2024,2025-11-09,2024-07,features_attributes.csv
CUS_0x90ca,Younglaim,25,766-08-4582,_______,1/7/2024,2025-11-09,2024-07,features_attributes.csv
CUS_0x90e,Kyle Petersonm,46,620-31-6876,Entrepreneur,1/7/2024,2025-11-09,2024-07,features_attributes.csv
CUS_0x9226,Rinkev,16,409-57-6877,Entrepreneur,1/7/2024,2025-11-09,2024-07,features_attributes.csv
CUS_0x9235,Karenl,48,506-29-3362,Scientist,1/7/2024,2025-11-09,2024-07,features_attributes.csv
CUS_0x924a,Luciaw,18,382-11-8649,Journalist,1/7/2024,2025-11-09,2024-07,features_attributes.csv
CUS_0x92aa,Nicholah,26,218-80-2572,Entrepreneur,1/7/2024,2025-11-09,2024-07,features_attributes.csv
CUS_0x92b9,Jeb Blountz,16,855-40-7496,Teacher,1/7/2024,2025-11-09,2024-07,features_attributes.csv
CUS_0x92fc,Dineshp,45,437-25-0267,_______,1/7/2024,2025-11-09,2024-07,features_attributes.csv
CUS_0x930a,Christopher Doeringl,42,212-95-0341,Scientist,1/7/2024,2025-11-09,2024-07,features_attributes.csv
CUS_0x930c,Gerry Shiha,20,683-00-6454,Writer,1/7/2024,2025-11-09,2024-07,features_attributes.csv
CUS_0x930d,Lefteris Papadimasj,38,878-21-7485,_______,1/7/2024,2025-11-09,2024-07,features_attributes.csv
CUS_0x9318,Shalal-Esai,45,224-72-0646,Teacher,1/7/2024,2025-11-09,2024-07,features_attributes.csv
CUS_0x939,Slodkowskih,34,785-29-7879,Writer,1/7/2024,2025-11-09,2024-07,features_attributes.csv
CUS_0x95a3,Joseph Lichtermanf,16,001-06-7616,Writer,1/7/2024,2025-11-09,2024-07,features_attributes.csv
CUS_0x95c9,Lauren Tarao,39,326-89-0421,Mechanic,1/7/2024,2025-11-09,2024-07,features_attributes.csv
CUS_0x9664,Greg Roumeliotise,19_,#F%$D@*&8,Manager,1/7/2024,2025-11-09,2024-07,features_attributes.csv
CUS_0x96e5,Longstrethd,23,947-60-0883,Developer,1/7/2024,2025-11-09,2024-07,features_attributes.csv
CUS_0x96fa,Jennifer Ablanz,24,982-36-4500,Writer,1/7/2024,2025-11-09,2024-07,features_attributes.csv
CUS_0x9793,Shirakik,42,631-08-6588,_______,1/7/2024,2025-11-09,2024-07,features_attributes.csv
CUS_0x98b3,Philipp Halstrickm,-500,587-14-3010,Mechanic,1/7/2024,2025-11-09,2024-07,features_attributes.csv
CUS_0x98e6,Josephb,42,792-35-6886,Lawyer,1/7/2024,2025-11-09,2024-07,features_attributes.csv
CUS_0x98f1,Paritosh Bansaly,39_,508-24-8627,Doctor,1/7/2024,2025-11-09,2024-07,features_attributes.csv
CUS_0x9962,Jessica Toonkely,46,378-95-8519,_______,1/7/2024,2025-11-09,2024-07,features_attributes.csv
CUS_0x996f,Michael Ermanc,49,782-80-0939,Developer,1/7/2024,2025-11-09,2024-07,features_attributes.csv
CUS_0x9987,Scottp,29,249-07-7888,Doctor,1/7/2024,2025-11-09,2024-07,features_attributes.csv
CUS_0x99d4,Kevine,38,617-22-3560,Teacher,1/7/2024,2025-11-09,2024-07,features_attributes.csv
CUS_0x9a3b,Schnurrf,28,363-28-8264,Entrepreneur,1/7/2024,2025-11-09,2024-07,features_attributes.csv
CUS_0x9a95,Kevinv,15,#F%$D@*&8,Mechanic,1/7/2024,2025-11-09,2024-07,features_attributes.csv
CUS_0x9ae1,Smita Madhuru,25,794-80-5794,Mechanic,1/7/2024,2025-11-09,2024-07,features_attributes.csv
CUS_0x9bc7,Scott Maloneu,22,686-05-1940,Mechanic,1/7/2024,2025-11-09,2024-07,features_attributes.csv
CUS_0x9c05,Dena Aubinv,-500,934-83-2341,Doctor,1/7/2024,2025-11-09,2024-07,features_attributes.csv
CUS_0x9c0d,Tim Hepherg,17_,464-44-4511,_______,1/7/2024,2025-11-09,2024-07,features_attributes.csv
CUS_0x9c3b,Gaffenw,23,#F%$D@*&8,Manager,1/7/2024,2025-11-09,2024-07,features_attributes.csv
CUS_0x9c3c,Baertleinz,33,196-39-2777,Accountant,1/7/2024,2025-11-09,2024-07,features_attributes.csv
CUS_0x9c80,Sarah N.j,44,721-72-7576,Engineer,1/7/2024,2025-11-09,2024-07,features_attributes.csv
CUS_0x9cc2,N.x,39,865-85-5827,Developer,1/7/2024,2025-11-09,2024-07,features_attributes.csv
CUS_0x9d10,Svea Herbst-Baylissh,48_,320-15-5280,Entrepreneur,1/7/2024,2025-11-09,2024-07,features_attributes.csv
CUS_0x9d2c,Jan Strupczewskio,27,002-65-6523,Scientist,1/7/2024,2025-11-09,2024-07,features_attributes.csv
CUS_0x9d6b,Humerj,52,738-56-1440,Accountant,1/7/2024,2025-11-09,2024-07,features_attributes.csv
CUS_0x9da4,Carolineb,18,853-63-1222,Architect,1/7/2024,2025-11-09,2024-07,features_attributes.csv
CUS_0x9da6,Annv,35,114-37-3012,Entrepreneur,1/7/2024,2025-11-09,2024-07,features_attributes.csv
CUS_0x9dd,Nigelo,40_,614-63-9684,Entrepreneur,1/7/2024,2025-11-09,2024-07,features_attributes.csv
CUS_0x9dfd,Don Durfeez,46,448-68-0409,Musician,1/7/2024,2025-11-09,2024-07,features_attributes.csv
CUS_0x9e3f,Raymondm,36,081-77-6270,Architect,1/7/2024,2025-11-09,2024-07,features_attributes.csv
CUS_0x9e81,Andreasf,18,215-20-8854,Teacher,1/7/2024,2025-11-09,2024-07,features_attributes.csv
CUS_0x9ec7,Jessica Wohld,22,223-21-1439,Teacher,1/7/2024,2025-11-09,2024-07,features_attributes.csv
CUS_0x9ec8,Jennifero,29,#F%$D@*&8,Engineer,1/7/2024,2025-11-09,2024-07,features_attributes.csv
CUS_0x9efc,Xiaoyi Shaoa,28,168-85-8251,Accountant,1/7/2024,2025-11-09,2024-07,features_attributes.csv
CUS_0x9fa9,Jonathan Stempelw,51,057-69-4857,Entrepreneur,1/7/2024,2025-11-09,2024-07,features_attributes.csv
CUS_0x9fbc,Ryanz,39_,543-69-6648,Architect,1/7/2024,2025-11-09,2024-07,features_attributes.csv
CUS_0xa04c,Grubele,33,714-99-9322,Media_Manager,1/7/2024,2025-11-09,2024-07,features_attributes.csv
CUS_0xa06b,Temple-Westm,18,074-05-5968,Architect,1/7/2024,2025-11-09,2024-07,features_attributes.csv
CUS_0xa0a2,Andreas,48,044-85-4173,_______,1/7/2024,2025-11-09,2024-07,features_attributes.csv
CUS_0xa0c8,Rick Rothackera,1520,704-21-2271,Writer,1/7/2024,2025-11-09,2024-07,features_attributes.csv
CUS_0xa120,Clarkeh,38,103-17-3783,Doctor,1/7/2024,2025-11-09,2024-07,features_attributes.csv
CUS_0xa16e,Lee Chyenz,42,905-50-7912,Media_Manager,1/7/2024,2025-11-09,2024-07,features_attributes.csv
CUS_0xa2b8,Emmottp,19,565-86-1115,Accountant,1/7/2024,2025-11-09,2024-07,features_attributes.csv
CUS_0xa340,Balazs Koranyiz,29,328-38-0262,Developer,1/7/2024,2025-11-09,2024-07,features_attributes.csv
CUS_0xa3b5,Dhanyaj,55,748-03-0674,Scientist,1/7/2024,2025-11-09,2024-07,features_attributes.csv
CUS_0xa493,Jonathany,23,964-65-9900,Architect,1/7/2024,2025-11-09,2024-07,features_attributes.csv
CUS_0xa4a5,Charlie Zhum,35,378-19-5029,_______,1/7/2024,2025-11-09,2024-07,features_attributes.csv
CUS_0xa4de,Pauli,19,#F%$D@*&8,_______,1/7/2024,2025-11-09,2024-07,features_attributes.csv
CUS_0xa53,Angelam,36,243-69-8365,Musician,1/7/2024,2025-11-09,2024-07,features_attributes.csv
CUS_0xa57b,Temple-Westi,29,872-67-1118,Teacher,1/7/2024,2025-11-09,2024-07,features_attributes.csv
CUS_0xa667,Narayanang,52,945-60-6497,_______,1/7/2024,2025-11-09,2024-07,features_attributes.csv
CUS_0xa6e,Ilainab,24,219-05-9236,Musician,1/7/2024,2025-11-09,2024-07,features_attributes.csv
CUS_0xa6e7,Yaon,44,#F%$D@*&8,Architect,1/7/2024,2025-11-09,2024-07,features_attributes.csv
CUS_0xa737,Antoni Slodkowskid,29,286-09-5110,Accountant,1/7/2024,2025-11-09,2024-07,features_attributes.csv
CUS_0xa874,Camposg,46,742-30-5692,Musician,1/7/2024,2025-11-09,2024-07,features_attributes.csv
CUS_0xa8d,Adomaitish,39,685-12-6865,Lawyer,1/7/2024,2025-11-09,2024-07,features_attributes.csv
CUS_0xaa14,Costaj,42,057-84-6299,Engineer,1/7/2024,2025-11-09,2024-07,features_attributes.csv
CUS_0xaa40,Onoszkoz,52,278-80-9296,Manager,1/7/2024,2025-11-09,2024-07,features_attributes.csv
CUS_0xaad,Baertleinq,15,775-21-5508,Developer,1/7/2024,2025-11-09,2024-07,features_attributes.csv
CUS_0xab0d,Karolinan,23,191-35-2135,Developer,1/7/2024,2025-11-09,2024-07,features_attributes.csv
CUS_0xab16,Dan Wilchinsj,56,098-90-8046,Lawyer,1/7/2024,2025-11-09,2024-07,features_attributes.csv
CUS_0xab8,Rebekahb,44,403-76-8313,Doctor,1/7/2024,2025-11-09,2024-07,features_attributes.csv
CUS_0xab9,Sherilee Lakmidash,33_,287-89-2054,_______,1/7/2024,2025-11-09,2024-07,features_attributes.csv
CUS_0xab9d,Stempell,35,976-87-8587,Musician,1/7/2024,2025-11-09,2024-07,features_attributes.csv
CUS_0xaba3,Suzannef,32,494-59-0888,Lawyer,1/7/2024,2025-11-09,2024-07,features_attributes.csv
CUS_0xac0b,Timw,35,660-63-2250,Developer,1/7/2024,2025-11-09,2024-07,features_attributes.csv
CUS_0xacbf,Danielf,52,790-29-7012,Scientist,1/7/2024,2025-11-09,2024-07,features_attributes.csv
CUS_0xad74,McBridet,53,774-72-8080,Teacher,1/7/2024,2025-11-09,2024-07,features_attributes.csv
CUS_0xadf1,Dougm,14,393-85-2534,Teacher,1/7/2024,2025-11-09,2024-07,features_attributes.csv
CUS_0xae0e,Henryu,20_,063-40-8380,Accountant,1/7/2024,2025-11-09,2024-07,features_attributes.csv
CUS_0xaee8,Soyoung Kiml,20,836-22-0493,Mechanic,1/7/2024,2025-11-09,2024-07,features_attributes.csv
CUS_0xaf49,Georgiopouloso,29,023-15-3883,Teacher,1/7/2024,2025-11-09,2024-07,features_attributes.csv
CUS_0xaf6f,Annav,52,#F%$D@*&8,Journalist,1/7/2024,2025-11-09,2024-07,features_attributes.csv
CUS_0xafe1,McAllisteri,50,915-74-7492,Mechanic,1/7/2024,2025-11-09,2024-07,features_attributes.csv
CUS_0xb06e,Neil Maidmento,43,575-22-9133,Accountant,1/7/2024,2025-11-09,2024-07,features_attributes.csv
CUS_0xb0f5,Freilichi,46,#F%$D@*&8,Mechanic,1/7/2024,2025-11-09,2024-07,features_attributes.csv
CUS_0xb14a,Bakerf,17,493-18-7194,Developer,1/7/2024,2025-11-09,2024-07,features_attributes.csv
CUS_0xb191,Matthewt,42,848-67-6653,Engineer,1/7/2024,2025-11-09,2024-07,features_attributes.csv
CUS_0xb2b6,Jonathanp,30,718-97-6164,Engineer,1/7/2024,2025-11-09,2024-07,features_attributes.csv
CUS_0xb369,Gernot Hellero,29,293-45-5704,Media_Manager,1/7/2024,2025-11-09,2024-07,features_attributes.csv
CUS_0xb385,Nishantp,15,043-78-7271,Mechanic,1/7/2024,2025-11-09,2024-07,features_attributes.csv
CUS_0xb397,Lauren Tarai,33,164-65-8859,Media_Manager,1/7/2024,2025-11-09,2024-07,features_attributes.csv
CUS_0xb3fe,Jessicaf,20,866-05-1130,Teacher,1/7/2024,2025-11-09,2024-07,features_attributes.csv
CUS_0xb43,John McCrankr,17,487-34-1786,Entrepreneur,1/7/2024,2025-11-09,2024-07,features_attributes.csv
CUS_0xb59c,Robertad,50,878-43-3267,_______,1/7/2024,2025-11-09,2024-07,features_attributes.csv
CUS_0xb627,Helenac,34_,696-92-2622,_______,1/7/2024,2025-11-09,2024-07,features_attributes.csv
CUS_0xb678,Gertrudea,27,861-67-5130,Teacher,1/7/2024,2025-11-09,2024-07,features_attributes.csv
CUS_0xb6b9,Doris Frankeli,47,107-13-6164,Journalist,1/7/2024,2025-11-09,2024-07,features_attributes.csv
CUS_0xb6d,Alistairn,17,499-52-8888,Writer,1/7/2024,2025-11-09,2024-07,features_attributes.csv
CUS_0xb6ef,Andrew Cawthornet,44,874-21-6811,Architect,1/7/2024,2025-11-09,2024-07,features_attributes.csv
CUS_0xb7be,Schmiedera,18,634-21-6305,Teacher,1/7/2024,2025-11-09,2024-07,features_attributes.csv
CUS_0xb85a,Karen Brettellu,43,991-95-5524,Accountant,1/7/2024,2025-11-09,2024-07,features_attributes.csv
CUS_0xb86b,Alexeih,30,827-45-0353,Accountant,1/7/2024,2025-11-09,2024-07,features_attributes.csv
CUS_0xb86e,Johnu,26,875-74-4976,Developer,1/7/2024,2025-11-09,2024-07,features_attributes.csv
CUS_0xb8a3,Taylort,31,959-36-9830,Lawyer,1/7/2024,2025-11-09,2024-07,features_attributes.csv
CUS_0xb8eb,David Ingramr,4177,818-38-8989,Developer,1/7/2024,2025-11-09,2024-07,features_attributes.csv
CUS_0xb97,Lauw,17,923-98-0119,Developer,1/7/2024,2025-11-09,2024-07,features_attributes.csv
CUS_0xb995,Matthewo,19,578-26-6547,_______,1/7/2024,2025-11-09,2024-07,features_attributes.csv
CUS_0xbab2,Rhysd,35,429-23-9903,Architect,1/7/2024,2025-11-09,2024-07,features_attributes.csv
CUS_0xbac4,Linda Siegh,52,582-35-5018,Manager,1/7/2024,2025-11-09,2024-07,features_attributes.csv
CUS_0xbb30,Stefanor,20,716-63-9191,Writer,1/7/2024,2025-11-09,2024-07,features_attributes.csv
CUS_0xbb70,Sharpw,22,809-62-3183,Musician,1/7/2024,2025-11-09,2024-07,features_attributes.csv
CUS_0xbb79,Evav,18,648-47-1930,Engineer,1/7/2024,2025-11-09,2024-07,features_attributes.csv
CUS_0xbbfc,Jason Langei,41,856-48-3446,Musician,1/7/2024,2025-11-09,2024-07,features_attributes.csv
CUS_0xbc2b,Jessica Wohlb,47,329-37-6326,Writer,1/7/2024,2025-11-09,2024-07,features_attributes.csv
CUS_0xbc3a,Julieno,34,092-73-3773,Scientist,1/7/2024,2025-11-09,2024-07,features_attributes.csv
CUS_0xbc50,Brownn,49,538-29-9544,Lawyer,1/7/2024,2025-11-09,2024-07,features_attributes.csv
CUS_0xbc5f,Madeline Willo,22,883-06-0841,Media_Manager,1/7/2024,2025-11-09,2024-07,features_attributes.csv
CUS_0xbc74,Rajesh Kumarq,16,235-99-8671,Accountant,1/7/2024,2025-11-09,2024-07,features_attributes.csv
CUS_0xbc99,Lynn Adlerg,23,041-96-6885,Mechanic,1/7/2024,2025-11-09,2024-07,features_attributes.csv
CUS_0xbcde,Sineadx,39,596-06-1954,Doctor,1/7/2024,2025-11-09,2024-07,features_attributes.csv
CUS_0xbcf,Lisa Lambertm,44,420-94-4649,Lawyer,1/7/2024,2025-11-09,2024-07,features_attributes.csv
CUS_0xbd07,Ellen Freilichn,20,778-35-8040,Developer,1/7/2024,2025-11-09,2024-07,features_attributes.csv
CUS_0xbd5b,Valentinaj,28,652-29-5461,_______,1/7/2024,2025-11-09,2024-07,features_attributes.csv
CUS_0xbe68,Lucia Mutikanig,15,969-71-6824,_______,1/7/2024,2025-11-09,2024-07,features_attributes.csv
CUS_0xbef8,Johnsong,53,566-97-9992,_______,1/7/2024,2025-11-09,2024-07,features_attributes.csv
CUS_0xbf43,Melinda Dickinsont,17,616-52-0527,Developer,1/7/2024,2025-11-09,2024-07,features_attributes.csv
CUS_0xc01e,Granti,37,357-48-1484,Lawyer,1/7/2024,2025-11-09,2024-07,features_attributes.csv
CUS_0xc050,Cyntia Barrerac,26,634-03-2346,Scientist,1/7/2024,2025-11-09,2024-07,features_attributes.csv
CUS_0xc0b3,Grantg,44,973-12-0733,Scientist,1/7/2024,2025-11-09,2024-07,features_attributes.csv
CUS_0xc0d,Paule,21,672-00-8132,Entrepreneur,1/7/2024,2025-11-09,2024-07,features_attributes.csv
CUS_0xc146,Holtonb,55,178-30-4421,Teacher,1/7/2024,2025-11-09,2024-07,features_attributes.csv
CUS_0xc19f,Sarahu,42,052-17-3249,Manager,1/7/2024,2025-11-09,2024-07,features_attributes.csv
CUS_0xc1d9,Wanfengt,42,940-72-2892,Media_Manager,1/7/2024,2025-11-09,2024-07,features_attributes.csv
CUS_0xc1db,Clara Ferreira-Marquesg,28,471-05-7263,Musician,1/7/2024,2025-11-09,2024-07,features_attributes.csv
CUS_0xc1e9,Grantp,23,582-29-9428,Scientist,1/7/2024,2025-11-09,2024-07,features_attributes.csv
CUS_0xc1f0,Yokoj,31,653-55-5390,Manager,1/7/2024,2025-11-09,2024-07,features_attributes.csv
CUS_0xc211,Brian Ellsworthv,34,884-43-1819,Architect,1/7/2024,2025-11-09,2024-07,features_attributes.csv
CUS_0xc21e,Rossn,50,573-81-5193,Entrepreneur,1/7/2024,2025-11-09,2024-07,features_attributes.csv
CUS_0xc2eb,ra Alperj,49,476-80-8128,Musician,1/7/2024,2025-11-09,2024-07,features_attributes.csv
CUS_0xc31a,Henry Foyc,54,221-54-2409,Musician,1/7/2024,2025-11-09,2024-07,features_attributes.csv
CUS_0xc3e4,Laurence Frostx,34,505-53-7023,Engineer,1/7/2024,2025-11-09,2024-07,features_attributes.csv
CUS_0xc428,Nate Raymondn,43,863-37-8497,Mechanic,1/7/2024,2025-11-09,2024-07,features_attributes.csv
CUS_0xc490,Robin Emmottx,41,760-30-1179,Writer,1/7/2024,2025-11-09,2024-07,features_attributes.csv
CUS_0xc4d7,Kimz,18,356-44-7304,Journalist,1/7/2024,2025-11-09,2024-07,features_attributes.csv
CUS_0xc620,Nichola Groomy,-500,114-58-5451,_______,1/7/2024,2025-11-09,2024-07,features_attributes.csv
CUS_0xc662,Susan Heaveym,30,010-45-6073,Lawyer,1/7/2024,2025-11-09,2024-07,features_attributes.csv
CUS_0xc6c2,Saral,34,516-17-7112,Doctor,1/7/2024,2025-11-09,2024-07,features_attributes.csv
CUS_0xc737,Simon Johnsong,46,087-09-7867,Doctor,1/7/2024,2025-11-09,2024-07,features_attributes.csv
CUS_0xc80,Chris Reesel,31,610-12-1484,Musician,1/7/2024,2025-11-09,2024-07,features_attributes.csv
CUS_0xd3a,Dominicy,21,442-29-0102,Teacher,1/7/2024,2025-11-09,2024-07,features_attributes.csv
CUS_0xdc1,Paulb,54,202-07-3535,Journalist,1/7/2024,2025-11-09,2024-07,features_attributes.csv
CUS_0xdcd,Jed Horowitzt,17,055-56-8402,Engineer,1/7/2024,2025-11-09,2024-07,features_attributes.csv
