Customer_ID,Name,Age,SSN,Occupation,snapshot_date,ingest_dt,snap_ym,source_file
CUS_0x1056,Hornbyb,44,081-93-4350,Entrepreneur,1/4/2023,2025-11-09,2023-04,features_attributes.csv
CUS_0x11fc,Dmitracovaa,30,092-20-3138,Lawyer,1/4/2023,2025-11-09,2023-04,features_attributes.csv
CUS_0x1216,Robin Emmotti,19,256-37-5248,Engineer,1/4/2023,2025-11-09,2023-04,features_attributes.csv
CUS_0x1285,Lauriay,43,540-18-1115,Architect,1/4/2023,2025-11-09,2023-04,features_attributes.csv
CUS_0x12be,Matt Scuffhamv,34,157-93-9714,Engineer,1/4/2023,2025-11-09,2023-04,features_attributes.csv
CUS_0x12c1,Michelek,48,902-44-7100,Manager,1/4/2023,2025-11-09,2023-04,features_attributes.csv
CUS_0x130b,Nicolacib,31,049-83-9018,Writer,1/4/2023,2025-11-09,2023-04,features_attributes.csv
CUS_0x141d,Joew,26,989-82-3003,Journalist,1/4/2023,2025-11-09,2023-04,features_attributes.csv
CUS_0x1431,Lefteris Papadimasq,32,752-76-8063,Mechanic,1/4/2023,2025-11-09,2023-04,features_attributes.csv
CUS_0x148b,Waltero,49,947-71-1861,Architect,1/4/2023,2025-11-09,2023-04,features_attributes.csv
CUS_0x14b4,Ingramp,33,377-94-2974,Engineer,1/4/2023,2025-11-09,2023-04,features_attributes.csv
CUS_0x14ff,Ishchenkox,6991,027-71-3979,Writer,1/4/2023,2025-11-09,2023-04,features_attributes.csv
CUS_0x1537,Michaele,40,540-88-5808,_______,1/4/2023,2025-11-09,2023-04,features_attributes.csv
CUS_0x163c,Julien Toyera,32_,534-12-7952,Media_Manager,1/4/2023,2025-11-09,2023-04,features_attributes.csv
CUS_0x1746,Oliviae,27,064-20-9607,Media_Manager,1/4/2023,2025-11-09,2023-04,features_attributes.csv
CUS_0x1755,Chees,19,728-09-1263,Accountant,1/4/2023,2025-11-09,2023-04,features_attributes.csv
CUS_0x17d1,Niklas Pollardc,22,#F%$D@*&8,Architect,1/4/2023,2025-11-09,2023-04,features_attributes.csv
CUS_0x1894,ernard Vaughanp,33,721-51-0373,Entrepreneur,1/4/2023,2025-11-09,2023-04,features_attributes.csv
CUS_0x18b9,Dan Levinef,27,643-82-1615,Engineer,1/4/2023,2025-11-09,2023-04,features_attributes.csv
CUS_0x1911,Timothyw,39,#F%$D@*&8,_______,1/4/2023,2025-11-09,2023-04,features_attributes.csv
CUS_0x1924,Ross Kerberv,36,043-02-7839,Mechanic,1/4/2023,2025-11-09,2023-04,features_attributes.csv
CUS_0x192f,Luciam,22,952-38-9618,_______,1/4/2023,2025-11-09,2023-04,features_attributes.csv
CUS_0x197f,Aland,39,334-38-7121,Writer,1/4/2023,2025-11-09,2023-04,features_attributes.csv
CUS_0x1a8d,Wohld,31,222-99-8137,Mechanic,1/4/2023,2025-11-09,2023-04,features_attributes.csv
CUS_0x1b0f,Euanp,28,726-95-5073,Accountant,1/4/2023,2025-11-09,2023-04,features_attributes.csv
CUS_0x1b56,Leika Kiharas,20,043-47-6622,Lawyer,1/4/2023,2025-11-09,2023-04,features_attributes.csv
CUS_0x1b59,Alinay,19,491-45-7607,Media_Manager,1/4/2023,2025-11-09,2023-04,features_attributes.csv
CUS_0x1be4,"\"Silviaz",23,226-81-3945,Mechanic,1/4/2023,2025-11-09,2023-04,features_attributes.csv
CUS_0x1c5d,Christiaan Hetznerb,19,084-74-2355,Musician,1/4/2023,2025-11-09,2023-04,features_attributes.csv
CUS_0x1cc0,Tom Milesf,27,957-41-7466,Media_Manager,1/4/2023,2025-11-09,2023-04,features_attributes.csv
CUS_0x1cd1,Poornimao,45,949-93-6591,Engineer,1/4/2023,2025-11-09,2023-04,features_attributes.csv
CUS_0x1d7a,Krishnanc,20,252-54-7548,Teacher,1/4/2023,2025-11-09,2023-04,features_attributes.csv
CUS_0x1def,Foov,28,922-25-6106,Accountant,1/4/2023,2025-11-09,2023-04,features_attributes.csv
CUS_0x1e48,Noah Barkinh,48,962-07-8770,Architect,1/4/2023,2025-11-09,2023-04,features_attributes.csv
CUS_0x1e4d,Nicola Leskez,19_,669-94-5422,Entrepreneur,1/4/2023,2025-11-09,2023-04,features_attributes.csv
CUS_0x1e6b,Michaelc,26,299-96-0609,Manager,1/4/2023,2025-11-09,2023-04,features_attributes.csv
CUS_0x1e9b,Taylorb,19,866-51-6415,Writer,1/4/2023,2025-11-09,2023-04,features_attributes.csv
CUS_0x1e9e,Jonathan Stp,16,257-02-5840,Doctor,1/4/2023,2025-11-09,2023-04,features_attributes.csv
CUS_0x1efc,Tomx,35,254-10-3672,Accountant,1/4/2023,2025-11-09,2023-04,features_attributes.csv
CUS_0x1f9e,Joyce Leeo,49,192-60-6723,Manager,1/4/2023,2025-11-09,2023-04,features_attributes.csv
CUS_0x2048,Dmitryo,40,212-55-0432,Developer,1/4/2023,2025-11-09,2023-04,features_attributes.csv
CUS_0x207a,Foo Yunk,25,510-06-5848,Media_Manager,1/4/2023,2025-11-09,2023-04,features_attributes.csv
CUS_0x2084,Ryanl,21,253-72-7758,Architect,1/4/2023,2025-11-09,2023-04,features_attributes.csv
CUS_0x20fe,Calluse,37,820-01-3614,Developer,1/4/2023,2025-11-09,2023-04,features_attributes.csv
CUS_0x2123,Rauchz,19,941-73-1564,Mechanic,1/4/2023,2025-11-09,2023-04,features_attributes.csv
CUS_0x2126,Matt Scuffhamb,21,345-38-9104,Mechanic,1/4/2023,2025-11-09,2023-04,features_attributes.csv
CUS_0x21a1,Jessica Toonkelg,18,452-67-4543,Mechanic,1/4/2023,2025-11-09,2023-04,features_attributes.csv
CUS_0x21c3,Lynnz,8216,612-00-1960,Manager,1/4/2023,2025-11-09,2023-04,features_attributes.csv
CUS_0x2246,Michaell,18,869-97-4157,Media_Manager,1/4/2023,2025-11-09,2023-04,features_attributes.csv
CUS_0x2255,Dolanf,29,692-78-0444,Developer,1/4/2023,2025-11-09,2023-04,features_attributes.csv
CUS_0x2288,Berkrotr,24,092-68-5200,Teacher,1/4/2023,2025-11-09,2023-04,features_attributes.csv
CUS_0x22a3,Nate Raymondj,38_,477-90-5881,Doctor,1/4/2023,2025-11-09,2023-04,features_attributes.csv
CUS_0x2317,Steve Slatery,17,996-30-8982,Mechanic,1/4/2023,2025-11-09,2023-04,features_attributes.csv
CUS_0x233a,Hephery,39,077-98-9745,Manager,1/4/2023,2025-11-09,2023-04,features_attributes.csv
CUS_0x265a,Piersonf,41,475-48-0414,Doctor,1/4/2023,2025-11-09,2023-04,features_attributes.csv
CUS_0x271e,C.u,28,171-21-9582,Musician,1/4/2023,2025-11-09,2023-04,features_attributes.csv
CUS_0x275a,Paulu,47,762-80-4374,Engineer,1/4/2023,2025-11-09,2023-04,features_attributes.csv
CUS_0x2771,Woodallb,20,226-27-9498,Accountant,1/4/2023,2025-11-09,2023-04,features_attributes.csv
CUS_0x279f,Aditya Suharmokoa,44,231-40-8875,Accountant,1/4/2023,2025-11-09,2023-04,features_attributes.csv
CUS_0x27e8,Jeffsw,24,821-62-6142,Accountant,1/4/2023,2025-11-09,2023-04,features_attributes.csv
CUS_0x299d,Carlyn Kolkera,16,794-47-1465,Accountant,1/4/2023,2025-11-09,2023-04,features_attributes.csv
CUS_0x29dd,Nicola Leskez,28,781-37-9008,Media_Manager,1/4/2023,2025-11-09,2023-04,features_attributes.csv
CUS_0x2a12,Halpina,21,087-87-0131,Scientist,1/4/2023,2025-11-09,2023-04,features_attributes.csv
CUS_0x2a3a,Clarei,26,497-15-6884,_______,1/4/2023,2025-11-09,2023-04,features_attributes.csv
CUS_0x2a77,Alexei Oreskovics,-500,622-39-0790,Mechanic,1/4/2023,2025-11-09,2023-04,features_attributes.csv
CUS_0x2acc,Sineadg,52,091-30-2808,Manager,1/4/2023,2025-11-09,2023-04,features_attributes.csv
CUS_0x2b51,Kelvinq,26,670-39-4075,Writer,1/4/2023,2025-11-09,2023-04,features_attributes.csv
CUS_0x2b7e,Andreaz,28,683-88-7105,Accountant,1/4/2023,2025-11-09,2023-04,features_attributes.csv
CUS_0x2bfe,Nishant Kumari,28,212-17-1520,Scientist,1/4/2023,2025-11-09,2023-04,features_attributes.csv
CUS_0x2c04,Rothackern,19,#F%$D@*&8,Teacher,1/4/2023,2025-11-09,2023-04,features_attributes.csv
CUS_0x2c6f,Jedf,39,684-94-8105,Architect,1/4/2023,2025-11-09,2023-04,features_attributes.csv
CUS_0x2c8f,Dinesh Nairv,26,364-46-1763,Entrepreneur,1/4/2023,2025-11-09,2023-04,features_attributes.csv
CUS_0x2cd9,Martinne Gellerv,4458,410-34-6619,Lawyer,1/4/2023,2025-11-09,2023-04,features_attributes.csv
CUS_0x2d38,ra Alperm,25,975-00-7794,Musician,1/4/2023,2025-11-09,2023-04,features_attributes.csv
CUS_0x2dd6,McCrankf,42,622-34-5202,Developer,1/4/2023,2025-11-09,2023-04,features_attributes.csv
CUS_0x2eac,Phila,52,902-88-9590,Lawyer,1/4/2023,2025-11-09,2023-04,features_attributes.csv
CUS_0x2eb1,Barrerap,52,#F%$D@*&8,Teacher,1/4/2023,2025-11-09,2023-04,features_attributes.csv
CUS_0x2f0a,Herberty,35,069-25-9590,Architect,1/4/2023,2025-11-09,2023-04,features_attributes.csv
CUS_0x2f29,Rebekah Kebeden,16,237-54-4265,Teacher,1/4/2023,2025-11-09,2023-04,features_attributes.csv
CUS_0x2fa2,Jessica Wohlj,24,076-99-3069,Manager,1/4/2023,2025-11-09,2023-04,features_attributes.csv
CUS_0x3009,Michael Ermans,32_,273-42-1646,Mechanic,1/4/2023,2025-11-09,2023-04,features_attributes.csv
CUS_0x3032,Saphirp,42,001-43-6015,Architect,1/4/2023,2025-11-09,2023-04,features_attributes.csv
CUS_0x3059,Noell,23,019-53-5460,Engineer,1/4/2023,2025-11-09,2023-04,features_attributes.csv
CUS_0x3090,Severinf,24,#F%$D@*&8,Doctor,1/4/2023,2025-11-09,2023-04,features_attributes.csv
CUS_0x30c1,Papadimasx,37,329-10-0684,Doctor,1/4/2023,2025-11-09,2023-04,features_attributes.csv
CUS_0x30e8,Patrick Ruckers,19_,978-24-2354,Engineer,1/4/2023,2025-11-09,2023-04,features_attributes.csv
CUS_0x30ec,Hextallb,17,669-18-6541,Engineer,1/4/2023,2025-11-09,2023-04,features_attributes.csv
CUS_0x320d,Rhysu,30,740-82-5152,Entrepreneur,1/4/2023,2025-11-09,2023-04,features_attributes.csv
CUS_0x3364,Johns,36,839-41-9606,Accountant,1/4/2023,2025-11-09,2023-04,features_attributes.csv
CUS_0x3365,Dougc,32,#F%$D@*&8,Scientist,1/4/2023,2025-11-09,2023-04,features_attributes.csv
CUS_0x3371,Maciejv,19,581-39-0550,Architect,1/4/2023,2025-11-09,2023-04,features_attributes.csv
CUS_0x33e1,David Millikenr,17_,846-15-6654,Musician,1/4/2023,2025-11-09,2023-04,features_attributes.csv
CUS_0x3468,Ben Blanchardx,30,300-98-3036,Writer,1/4/2023,2025-11-09,2023-04,features_attributes.csv
CUS_0x34be,McDillb,30_,120-52-3028,Engineer,1/4/2023,2025-11-09,2023-04,features_attributes.csv
CUS_0x35c8,Nicku,18,056-54-2895,Musician,1/4/2023,2025-11-09,2023-04,features_attributes.csv
CUS_0x360c,Renee Maltezouj,54,376-91-9157,Architect,1/4/2023,2025-11-09,2023-04,features_attributes.csv
CUS_0x3634,Nate Raymondd,42,333-26-4284,Writer,1/4/2023,2025-11-09,2023-04,features_attributes.csv
CUS_0x36da,", Globalf",42,969-97-7513,Lawyer,1/4/2023,2025-11-09,2023-04,features_attributes.csv
CUS_0x36ee,Richard Cowanp,47,427-11-3112,Teacher,1/4/2023,2025-11-09,2023-04,features_attributes.csv
CUS_0x36f9,Lucy Hornbyr,47,992-38-5349,Developer,1/4/2023,2025-11-09,2023-04,features_attributes.csv
CUS_0x383e,Nicku,36_,842-46-0151,_______,1/4/2023,2025-11-09,2023-04,features_attributes.csv
CUS_0x3861,Fiona Ortizx,53,212-32-2085,_______,1/4/2023,2025-11-09,2023-04,features_attributes.csv
CUS_0x388a,Katya Golubkovan,37,381-61-9626,Manager,1/4/2023,2025-11-09,2023-04,features_attributes.csv
CUS_0x3949,Scotto,41,908-89-0498,Musician,1/4/2023,2025-11-09,2023-04,features_attributes.csv
CUS_0x396c,Michaelr,40,583-74-0623,Media_Manager,1/4/2023,2025-11-09,2023-04,features_attributes.csv
CUS_0x398d,Leongy,38,407-06-9232,Media_Manager,1/4/2023,2025-11-09,2023-04,features_attributes.csv
CUS_0x39bd,Jenniferm,36,799-65-8344,_______,1/4/2023,2025-11-09,2023-04,features_attributes.csv
CUS_0x39c6,Johnsonj,37,959-94-5192,_______,1/4/2023,2025-11-09,2023-04,features_attributes.csv
CUS_0x3a44,A.b,16,109-02-5661,Writer,1/4/2023,2025-11-09,2023-04,features_attributes.csv
CUS_0x3a6c,Shalal-Esaj,32,570-18-4382,Journalist,1/4/2023,2025-11-09,2023-04,features_attributes.csv
CUS_0x3b20,Leika Kiharai,53,#F%$D@*&8,Journalist,1/4/2023,2025-11-09,2023-04,features_attributes.csv
CUS_0x3b9a,Seetharamanw,32,983-37-5040,Doctor,1/4/2023,2025-11-09,2023-04,features_attributes.csv
CUS_0x3ba7,laise Robinsonl,33,827-88-5387,Writer,1/4/2023,2025-11-09,2023-04,features_attributes.csv
CUS_0x3c69,Pete Sweeneyt,42,696-39-5159,Lawyer,1/4/2023,2025-11-09,2023-04,features_attributes.csv
CUS_0x3ce1,Daniloc,39,542-01-5108,Musician,1/4/2023,2025-11-09,2023-04,features_attributes.csv
CUS_0x3d41,Tim Reidi,19,467-76-9461,Accountant,1/4/2023,2025-11-09,2023-04,features_attributes.csv
CUS_0x3ded,Robin Emmottt,16,226-87-4091,Scientist,1/4/2023,2025-11-09,2023-04,features_attributes.csv
CUS_0x3e14,Petera,55,681-52-1334,Writer,1/4/2023,2025-11-09,2023-04,features_attributes.csv
CUS_0x3e38,Caroline Valetkevitchq,47,232-31-3900,Scientist,1/4/2023,2025-11-09,2023-04,features_attributes.csv
CUS_0x3e5e,Gerry Shihf,44,849-82-2878,Scientist,1/4/2023,2025-11-09,2023-04,features_attributes.csv
CUS_0x3e62,Winfreyo,8442,102-37-1443,Developer,1/4/2023,2025-11-09,2023-04,features_attributes.csv
CUS_0x3e7b,Katie Reido,29,956-13-1252,Lawyer,1/4/2023,2025-11-09,2023-04,features_attributes.csv
CUS_0x3edc,Williamso,32,663-16-3845,Accountant,1/4/2023,2025-11-09,2023-04,features_attributes.csv
CUS_0x3f04,Jenniferu,25,465-93-9571,_______,1/4/2023,2025-11-09,2023-04,features_attributes.csv
CUS_0x3f42,Greg Roumeliotism,19,214-44-4143,Journalist,1/4/2023,2025-11-09,2023-04,features_attributes.csv
CUS_0x3f65,Billm,36,650-51-7412,Musician,1/4/2023,2025-11-09,2023-04,features_attributes.csv
CUS_0x3fef,Jenniferq,53_,634-71-6210,Lawyer,1/4/2023,2025-11-09,2023-04,features_attributes.csv
CUS_0x3ff7,Kristaw,39,893-28-3484,Developer,1/4/2023,2025-11-09,2023-04,features_attributes.csv
CUS_0x406e,Lucia Mutikanik,55,178-31-4896,Journalist,1/4/2023,2025-11-09,2023-04,features_attributes.csv
CUS_0x40b1,Scheydera,21,774-77-2188,Developer,1/4/2023,2025-11-09,2023-04,features_attributes.csv
CUS_0x40be,Peter Rudegeairx,39,535-60-3557,Mechanic,1/4/2023,2025-11-09,2023-04,features_attributes.csv
CUS_0x41a0,Sierrar,17,644-85-1673,Writer,1/4/2023,2025-11-09,2023-04,features_attributes.csv
CUS_0x4304,Alexei Oreskovics,47,857-49-4267,Teacher,1/4/2023,2025-11-09,2023-04,features_attributes.csv
CUS_0x4312,Julia Edwardsf,52,446-88-8137,Scientist,1/4/2023,2025-11-09,2023-04,features_attributes.csv
CUS_0x4384,Grayb,35,689-32-7865,Accountant,1/4/2023,2025-11-09,2023-04,features_attributes.csv
CUS_0x43f1,Freifeldv,54,222-18-8106,Teacher,1/4/2023,2025-11-09,2023-04,features_attributes.csv
CUS_0x4454,Andrea Shalal-Esat,22,025-39-9516,Doctor,1/4/2023,2025-11-09,2023-04,features_attributes.csv
CUS_0x4462,Rodrigoc,33,771-79-9880,Musician,1/4/2023,2025-11-09,2023-04,features_attributes.csv
CUS_0x4468,Herbst-Baylisse,26,343-10-5114,Lawyer,1/4/2023,2025-11-09,2023-04,features_attributes.csv
CUS_0x44c8,Bakrj,27,381-88-6356,Architect,1/4/2023,2025-11-09,2023-04,features_attributes.csv
CUS_0x44ff,Neil Chatterjeen,35,264-12-4793,_______,1/4/2023,2025-11-09,2023-04,features_attributes.csv
CUS_0x4527,laisej,30,210-47-9099,Entrepreneur,1/4/2023,2025-11-09,2023-04,features_attributes.csv
CUS_0x4569,Carlos Ruanoy,19,086-69-7305,Developer,1/4/2023,2025-11-09,2023-04,features_attributes.csv
CUS_0x45b6,Luke Bakeru,40,973-20-0372,Media_Manager,1/4/2023,2025-11-09,2023-04,features_attributes.csv
CUS_0x4603,Angela Moonh,50,006-33-4198,_______,1/4/2023,2025-11-09,2023-04,features_attributes.csv
CUS_0x460a,Ryan Vlastelicaf,33,680-98-1219,Engineer,1/4/2023,2025-11-09,2023-04,features_attributes.csv
CUS_0x47a,Griswoldg,53,614-29-3992,Mechanic,1/4/2023,2025-11-09,2023-04,features_attributes.csv
CUS_0x47c8,Rothackerm,16,791-33-3539,Scientist,1/4/2023,2025-11-09,2023-04,features_attributes.csv
CUS_0x481d,Poornima Guptah,34,021-95-8924,Musician,1/4/2023,2025-11-09,2023-04,features_attributes.csv
CUS_0x4898,Haynesv,41,819-28-9726,Accountant,1/4/2023,2025-11-09,2023-04,features_attributes.csv
CUS_0x4abb,Kaori Kanekoe,26,425-97-4776,Media_Manager,1/4/2023,2025-11-09,2023-04,features_attributes.csv
CUS_0x4ac9,Michael Holdenz,31_,411-30-1866,Accountant,1/4/2023,2025-11-09,2023-04,features_attributes.csv
CUS_0x4ace,Leah Schnurrw,22,719-15-2592,Media_Manager,1/4/2023,2025-11-09,2023-04,features_attributes.csv
CUS_0x4b93,Scot Paltrowv,20,493-05-9842,Lawyer,1/4/2023,2025-11-09,2023-04,features_attributes.csv
CUS_0x4c1c,Paritosh Bansalb,42,654-14-2387,Media_Manager,1/4/2023,2025-11-09,2023-04,features_attributes.csv
CUS_0x4c1e,rag,35,445-26-1404,Developer,1/4/2023,2025-11-09,2023-04,features_attributes.csv
CUS_0x4c87,Tarah,53_,671-87-7765,Musician,1/4/2023,2025-11-09,2023-04,features_attributes.csv
CUS_0x4c9,Cyril Altmeyery,19,516-33-7752,Musician,1/4/2023,2025-11-09,2023-04,features_attributes.csv
CUS_0x4d66,alazs Koranyif,45,178-31-0860,Developer,1/4/2023,2025-11-09,2023-04,features_attributes.csv
CUS_0x4dfe,Praveenf,29,938-76-4079,Scientist,1/4/2023,2025-11-09,2023-04,features_attributes.csv
CUS_0x4e30,Lucy Hornbye,35,777-29-7296,Lawyer,1/4/2023,2025-11-09,2023-04,features_attributes.csv
CUS_0x4eb4,Michael Avokf,21,955-76-5444,Journalist,1/4/2023,2025-11-09,2023-04,features_attributes.csv
CUS_0x4ec5,Alistairo,56,747-39-2384,Scientist,1/4/2023,2025-11-09,2023-04,features_attributes.csv
CUS_0x4f10,Andreak,23,123-72-1445,Manager,1/4/2023,2025-11-09,2023-04,features_attributes.csv
CUS_0x5002,Ann Saphird,19,913-93-5303,Developer,1/4/2023,2025-11-09,2023-04,features_attributes.csv
CUS_0x5036,Lomi Krielh,-500,#F%$D@*&8,Architect,1/4/2023,2025-11-09,2023-04,features_attributes.csv
CUS_0x509,Eveline Danubratau,50,545-56-4628,Engineer,1/4/2023,2025-11-09,2023-04,features_attributes.csv
CUS_0x50c9,Hubbardq,38,279-90-9237,Scientist,1/4/2023,2025-11-09,2023-04,features_attributes.csv
CUS_0x5121,Steve Slatera,44,730-95-1822,Writer,1/4/2023,2025-11-09,2023-04,features_attributes.csv
CUS_0x5162,Danu,34,653-06-1500,Manager,1/4/2023,2025-11-09,2023-04,features_attributes.csv
CUS_0x51c0,Yoox,32,591-34-8676,Mechanic,1/4/2023,2025-11-09,2023-04,features_attributes.csv
CUS_0x51e0,Christ,18,044-07-2339,Lawyer,1/4/2023,2025-11-09,2023-04,features_attributes.csv
CUS_0x51e1,Jedi,23,584-44-2628,Teacher,1/4/2023,2025-11-09,2023-04,features_attributes.csv
CUS_0x526d,Caseyr,17,#F%$D@*&8,Doctor,1/4/2023,2025-11-09,2023-04,features_attributes.csv
CUS_0x52ad,Lisa Twaronitey,29,398-97-2081,Writer,1/4/2023,2025-11-09,2023-04,features_attributes.csv
CUS_0x52f1,Richard Leongo,34,090-45-4457,Entrepreneur,1/4/2023,2025-11-09,2023-04,features_attributes.csv
CUS_0x530a,Miyoung Kimb,41,215-18-3499,Journalist,1/4/2023,2025-11-09,2023-04,features_attributes.csv
CUS_0x533b,Annika Breidthardtc,43,720-31-3769,Musician,1/4/2023,2025-11-09,2023-04,features_attributes.csv
CUS_0x5386,Shalal-Esak,16,516-86-5041,Teacher,1/4/2023,2025-11-09,2023-04,features_attributes.csv
CUS_0x5447,Guillaumeo,30,611-61-5605,Entrepreneur,1/4/2023,2025-11-09,2023-04,features_attributes.csv
CUS_0x5499,Carolinex,40,609-92-7645,Media_Manager,1/4/2023,2025-11-09,2023-04,features_attributes.csv
CUS_0x54b1,Chg,31,208-81-6608,Media_Manager,1/4/2023,2025-11-09,2023-04,features_attributes.csv
CUS_0x5507,Ingridq,19,681-74-5904,Journalist,1/4/2023,2025-11-09,2023-04,features_attributes.csv
CUS_0x5528,Edwin Chanx,20,#F%$D@*&8,Lawyer,1/4/2023,2025-11-09,2023-04,features_attributes.csv
CUS_0x5563,Luke Bakerq,43,589-80-1768,Manager,1/4/2023,2025-11-09,2023-04,features_attributes.csv
CUS_0x56c,Paula,41,646-03-4153,Mechanic,1/4/2023,2025-11-09,2023-04,features_attributes.csv
CUS_0x57c2,ewich Noelx,47,045-47-7252,Journalist,1/4/2023,2025-11-09,2023-04,features_attributes.csv
CUS_0x57da,Ellen Freilichz,40,098-89-7391,Accountant,1/4/2023,2025-11-09,2023-04,features_attributes.csv
CUS_0x57e7,Jessica Wohlf,17,670-11-1080,Scientist,1/4/2023,2025-11-09,2023-04,features_attributes.csv
CUS_0x57ea,Davidm,56,895-47-6403,Accountant,1/4/2023,2025-11-09,2023-04,features_attributes.csv
CUS_0x5826,Koltrowitzz,33,844-57-8072,Lawyer,1/4/2023,2025-11-09,2023-04,features_attributes.csv
CUS_0x5856,Thiebergera,-500,046-86-7274,Teacher,1/4/2023,2025-11-09,2023-04,features_attributes.csv
CUS_0x58d0,Alistair Barrl,52,843-52-9642,Musician,1/4/2023,2025-11-09,2023-04,features_attributes.csv
CUS_0x59b5,Mirnat,37,906-67-2716,Doctor,1/4/2023,2025-11-09,2023-04,features_attributes.csv
CUS_0x59e6,Wheatleyc,34,#F%$D@*&8,Media_Manager,1/4/2023,2025-11-09,2023-04,features_attributes.csv
CUS_0x59f5,Jessica Toonkelp,32,099-38-8985,Scientist,1/4/2023,2025-11-09,2023-04,features_attributes.csv
CUS_0x5ac7,Jessicao,33,037-16-8008,Manager,1/4/2023,2025-11-09,2023-04,features_attributes.csv
CUS_0x5b4e,Aileen Wangg,24,589-66-2211,Musician,1/4/2023,2025-11-09,2023-04,features_attributes.csv
CUS_0x5b6c,ernardx,35,796-18-5446,Scientist,1/4/2023,2025-11-09,2023-04,features_attributes.csv
CUS_0x5bb8,Thiebergers,50,064-97-5428,Lawyer,1/4/2023,2025-11-09,2023-04,features_attributes.csv
CUS_0x5bbc,Grahamz,27,720-10-7383,Lawyer,1/4/2023,2025-11-09,2023-04,features_attributes.csv
CUS_0x5cc4,Jennifer Ablanl,40,868-70-5450,Manager,1/4/2023,2025-11-09,2023-04,features_attributes.csv
CUS_0x5cf1,Chees,45,790-92-7422,_______,1/4/2023,2025-11-09,2023-04,features_attributes.csv
CUS_0x5d01,Winfreyt,50_,279-85-1772,Engineer,1/4/2023,2025-11-09,2023-04,features_attributes.csv
CUS_0x5d24,Suzanne Barlynd,18,624-33-5512,Doctor,1/4/2023,2025-11-09,2023-04,features_attributes.csv
CUS_0x5d35,Philipn,32,831-63-9052,Developer,1/4/2023,2025-11-09,2023-04,features_attributes.csv
CUS_0x5e29,Adrian Krajewskit,21,984-68-5298,Musician,1/4/2023,2025-11-09,2023-04,features_attributes.csv
CUS_0x5e4e,Andrew Callusl,22_,914-09-8374,Architect,1/4/2023,2025-11-09,2023-04,features_attributes.csv
CUS_0x5e52,Kar-Guptaw,20,960-03-0916,_______,1/4/2023,2025-11-09,2023-04,features_attributes.csv
CUS_0x5ebc,Christiaan Hetznere,41,685-29-3104,Writer,1/4/2023,2025-11-09,2023-04,features_attributes.csv
CUS_0x5eda,Rachellep,32,091-75-1836,Engineer,1/4/2023,2025-11-09,2023-04,features_attributes.csv
CUS_0x5ee8,Dinay,44,105-87-9069,Scientist,1/4/2023,2025-11-09,2023-04,features_attributes.csv
CUS_0x5ef3,Manoloq,29,933-56-0293,Lawyer,1/4/2023,2025-11-09,2023-04,features_attributes.csv
CUS_0x5f1b,McCrankn,31,813-35-1407,Scientist,1/4/2023,2025-11-09,2023-04,features_attributes.csv
CUS_0x5f7b,Uppalj,36,230-22-0261,Manager,1/4/2023,2025-11-09,2023-04,features_attributes.csv
CUS_0x602d,Gavin Jonesu,15,041-28-6430,Teacher,1/4/2023,2025-11-09,2023-04,features_attributes.csv
CUS_0x609c,Lucy Hornbyk,55,297-14-0708,Writer,1/4/2023,2025-11-09,2023-04,features_attributes.csv
CUS_0x612f,Sinead Carewp,31,700-23-9385,Journalist,1/4/2023,2025-11-09,2023-04,features_attributes.csv
CUS_0x6159,Rhys Jonesl,40,893-00-5940,Scientist,1/4/2023,2025-11-09,2023-04,features_attributes.csv
CUS_0x6194,Jeffsj,47,258-48-2078,_______,1/4/2023,2025-11-09,2023-04,features_attributes.csv
CUS_0x61a3,Phil Wahbao,19,815-57-7510,Architect,1/4/2023,2025-11-09,2023-04,features_attributes.csv
CUS_0x61ba,Ilainap,38,778-88-8851,Entrepreneur,1/4/2023,2025-11-09,2023-04,features_attributes.csv
CUS_0x61d1,Tonih,25,#F%$D@*&8,Entrepreneur,1/4/2023,2025-11-09,2023-04,features_attributes.csv
CUS_0x61e3,"ODonnell\"i",48,101-45-1608,_______,1/4/2023,2025-11-09,2023-04,features_attributes.csv
CUS_0x6250,Fontef,21_,356-64-7629,Scientist,1/4/2023,2025-11-09,2023-04,features_attributes.csv
CUS_0x631f,Liana B.i,36,837-78-9503,Mechanic,1/4/2023,2025-11-09,2023-04,features_attributes.csv
CUS_0x6420,Lasho,32_,313-22-4562,Teacher,1/4/2023,2025-11-09,2023-04,features_attributes.csv
CUS_0x6443,Gernot Hellerl,42,846-27-0367,Developer,1/4/2023,2025-11-09,2023-04,features_attributes.csv
CUS_0x650,Raymondn,28,487-65-9318,Lawyer,1/4/2023,2025-11-09,2023-04,features_attributes.csv
CUS_0x6566,Zab,39,982-79-7536,Writer,1/4/2023,2025-11-09,2023-04,features_attributes.csv
CUS_0x65df,David Ingramu,18,276-55-3567,Scientist,1/4/2023,2025-11-09,2023-04,features_attributes.csv
CUS_0x667d,Steveng,22,446-93-1487,Developer,1/4/2023,2025-11-09,2023-04,features_attributes.csv
CUS_0x6709,Arunaz,53,373-51-1419,Entrepreneur,1/4/2023,2025-11-09,2023-04,features_attributes.csv
CUS_0x6779,Herbert Lashs,16,632-25-2193,Developer,1/4/2023,2025-11-09,2023-04,features_attributes.csv
CUS_0x6799,Lisa Baertleinb,26,572-41-8270,Architect,1/4/2023,2025-11-09,2023-04,features_attributes.csv
CUS_0x6801,Hirschlerv,24,236-52-4877,Writer,1/4/2023,2025-11-09,2023-04,features_attributes.csv
CUS_0x6846,Kirstin Ridleyt,27,836-74-3048,Doctor,1/4/2023,2025-11-09,2023-04,features_attributes.csv
CUS_0x6856,Gellerp,25,251-77-0979,Teacher,1/4/2023,2025-11-09,2023-04,features_attributes.csv
CUS_0x68cd,Browng,22,120-76-9716,Architect,1/4/2023,2025-11-09,2023-04,features_attributes.csv
CUS_0x68ce,Chuck Mikolajczaks,-500,#F%$D@*&8,Manager,1/4/2023,2025-11-09,2023-04,features_attributes.csv
CUS_0x68d8,Keithm,18,#F%$D@*&8,Media_Manager,1/4/2023,2025-11-09,2023-04,features_attributes.csv
CUS_0x695e,Altmeyerp,39_,319-71-0111,Doctor,1/4/2023,2025-11-09,2023-04,features_attributes.csv
CUS_0x6974,Joshuaf,37,244-46-0261,Teacher,1/4/2023,2025-11-09,2023-04,features_attributes.csv
CUS_0x697f,Philh,40,367-66-5050,Entrepreneur,1/4/2023,2025-11-09,2023-04,features_attributes.csv
CUS_0x6985,Keithy,25,106-84-1067,Media_Manager,1/4/2023,2025-11-09,2023-04,features_attributes.csv
CUS_0x6998,Hamidq,28,199-62-5801,Accountant,1/4/2023,2025-11-09,2023-04,features_attributes.csv
CUS_0x699d,Theopolisz,27,508-05-9026,Developer,1/4/2023,2025-11-09,2023-04,features_attributes.csv
CUS_0x69bb,Valentina Zan,24,273-48-2717,Lawyer,1/4/2023,2025-11-09,2023-04,features_attributes.csv
CUS_0x69c8,Deepa Seetharamanu,26,726-21-5047,Musician,1/4/2023,2025-11-09,2023-04,features_attributes.csv
CUS_0x6a17,Svear,36,#F%$D@*&8,Musician,1/4/2023,2025-11-09,2023-04,features_attributes.csv
CUS_0x6a1b,Toonkeln,33,252-50-2326,Accountant,1/4/2023,2025-11-09,2023-04,features_attributes.csv
CUS_0x6a66,Lauren Tarac,39,116-73-1838,Manager,1/4/2023,2025-11-09,2023-04,features_attributes.csv
CUS_0x6aa1,Edwardsv,41,077-42-6964,Doctor,1/4/2023,2025-11-09,2023-04,features_attributes.csv
CUS_0x6afc,Svetlana Kovalyovar,32,406-97-9286,Journalist,1/4/2023,2025-11-09,2023-04,features_attributes.csv
CUS_0x6b6a,Ludwig Burgerc,28,800-83-7927,_______,1/4/2023,2025-11-09,2023-04,features_attributes.csv
CUS_0x6b79,Miyoung Kimo,31,594-68-8045,Doctor,1/4/2023,2025-11-09,2023-04,features_attributes.csv
CUS_0x6c2c,Gavin Jonesp,19,274-18-3184,Developer,1/4/2023,2025-11-09,2023-04,features_attributes.csv
CUS_0x6c66,Sinead Carews,39,328-33-6328,Manager,1/4/2023,2025-11-09,2023-04,features_attributes.csv
CUS_0x6deb,Peg Mackeyh,-500,532-67-5525,Scientist,1/4/2023,2025-11-09,2023-04,features_attributes.csv
CUS_0x6dfc,Rhyst,-500,858-22-2150,Lawyer,1/4/2023,2025-11-09,2023-04,features_attributes.csv
CUS_0x6e65,Silvia Antonioliu,32,963-16-7499,_______,1/4/2023,2025-11-09,2023-04,features_attributes.csv
CUS_0x6ead,Damounid,39,827-02-1282,Mechanic,1/4/2023,2025-11-09,2023-04,features_attributes.csv
CUS_0x6f9b,Douglas Busvinej,25,#F%$D@*&8,Architect,1/4/2023,2025-11-09,2023-04,features_attributes.csv
CUS_0x6fd9,Julien Toyerq,36,650-15-8388,Journalist,1/4/2023,2025-11-09,2023-04,features_attributes.csv
CUS_0x701f,Kazunorig,24,549-24-1350,Lawyer,1/4/2023,2025-11-09,2023-04,features_attributes.csv
CUS_0x706a,Matt Falloonz,20,431-58-4893,_______,1/4/2023,2025-11-09,2023-04,features_attributes.csv
CUS_0x706d,Thomash,39,607-61-8221,Developer,1/4/2023,2025-11-09,2023-04,features_attributes.csv
CUS_0x7088,James Daveyw,53,598-78-1639,Doctor,1/4/2023,2025-11-09,2023-04,features_attributes.csv
CUS_0x70c5,Krista Hughesb,36,331-56-7473,_______,1/4/2023,2025-11-09,2023-04,features_attributes.csv
CUS_0x70d4,Guptad,39,049-44-5243,Accountant,1/4/2023,2025-11-09,2023-04,features_attributes.csv
CUS_0x70ee,Jonesb,52,268-70-7008,Writer,1/4/2023,2025-11-09,2023-04,features_attributes.csv
CUS_0x715f,Kims,46,469-98-2089,Writer,1/4/2023,2025-11-09,2023-04,features_attributes.csv
CUS_0x7350,Jessicak,17,322-13-5307,Scientist,1/4/2023,2025-11-09,2023-04,features_attributes.csv
CUS_0x73ae,Alan Wheatleyx,14,357-90-6128,Entrepreneur,1/4/2023,2025-11-09,2023-04,features_attributes.csv
CUS_0x73ef,Waynee,41,428-80-8157,Journalist,1/4/2023,2025-11-09,2023-04,features_attributes.csv
CUS_0x7411,Conor Humphriesy,21,987-04-1406,Engineer,1/4/2023,2025-11-09,2023-04,features_attributes.csv
CUS_0x747a,Sarahm,32,491-04-3523,Manager,1/4/2023,2025-11-09,2023-04,features_attributes.csv
CUS_0x752e,Pedroc,48,069-41-0961,Writer,1/4/2023,2025-11-09,2023-04,features_attributes.csv
CUS_0x75ee,Karen Freifeldw,25_,488-13-8725,_______,1/4/2023,2025-11-09,2023-04,features_attributes.csv
CUS_0x76a6,Scheyderv,41,778-99-0909,Lawyer,1/4/2023,2025-11-09,2023-04,features_attributes.csv
CUS_0x77de,Emmal,52,251-33-5052,Scientist,1/4/2023,2025-11-09,2023-04,features_attributes.csv
CUS_0x7803,Reddallo,36,301-45-9958,Developer,1/4/2023,2025-11-09,2023-04,features_attributes.csv
CUS_0x7830,Robinj,39,752-12-4966,Manager,1/4/2023,2025-11-09,2023-04,features_attributes.csv
CUS_0x78af,Greg Roumeliotisg,37,365-11-8309,Teacher,1/4/2023,2025-11-09,2023-04,features_attributes.csv
CUS_0x78f0,Niu Shupingq,36,654-33-1232,Teacher,1/4/2023,2025-11-09,2023-04,features_attributes.csv
CUS_0x796e,Donnyw,53,271-02-5603,Lawyer,1/4/2023,2025-11-09,2023-04,features_attributes.csv
CUS_0x7992,Luciap,-500,515-29-0936,Engineer,1/4/2023,2025-11-09,2023-04,features_attributes.csv
CUS_0x7a21,ernardu,40,319-02-6236,Accountant,1/4/2023,2025-11-09,2023-04,features_attributes.csv
CUS_0x7a59,Matt Scuffhami,30,227-84-8917,Accountant,1/4/2023,2025-11-09,2023-04,features_attributes.csv
CUS_0x7a7d,Robin Emmottn,41,952-44-5306,Accountant,1/4/2023,2025-11-09,2023-04,features_attributes.csv
CUS_0x7a96,Langep,30,255-67-1198,Manager,1/4/2023,2025-11-09,2023-04,features_attributes.csv
CUS_0x7ab1,Gerryt,22,091-11-7082,Developer,1/4/2023,2025-11-09,2023-04,features_attributes.csv
CUS_0x7ad4,Alperj,24,205-29-4255,Entrepreneur,1/4/2023,2025-11-09,2023-04,features_attributes.csv
CUS_0x7b2d,Davidy,23,504-65-9658,Scientist,1/4/2023,2025-11-09,2023-04,features_attributes.csv
CUS_0x7b72,"\"Rosalba OBrien\"p",43,199-56-9238,Architect,1/4/2023,2025-11-09,2023-04,features_attributes.csv
CUS_0x7b8a,Falloonm,28,#F%$D@*&8,Architect,1/4/2023,2025-11-09,2023-04,features_attributes.csv
CUS_0x7bec,Ryant,25,695-07-0356,Journalist,1/4/2023,2025-11-09,2023-04,features_attributes.csv
CUS_0x7c55,Sarah N.h,31,#F%$D@*&8,Manager,1/4/2023,2025-11-09,2023-04,features_attributes.csv
CUS_0x7c59,Strupczewskih,22,788-42-3871,Architect,1/4/2023,2025-11-09,2023-04,features_attributes.csv
CUS_0x7c84,Jim Finklew,27,899-41-0548,Architect,1/4/2023,2025-11-09,2023-04,features_attributes.csv
CUS_0x7cc7,Braden Reddallg,41,016-31-3693,Doctor,1/4/2023,2025-11-09,2023-04,features_attributes.csv
CUS_0x7cd8,Denny Thomasp,53,454-37-7311,Journalist,1/4/2023,2025-11-09,2023-04,features_attributes.csv
CUS_0x7cf0,Daniel Manoja,42,439-65-0122,Lawyer,1/4/2023,2025-11-09,2023-04,features_attributes.csv
CUS_0x7d25,Reneef,22,532-41-9248,Entrepreneur,1/4/2023,2025-11-09,2023-04,features_attributes.csv
CUS_0x7d27,Polinaa,41,573-84-1711,Journalist,1/4/2023,2025-11-09,2023-04,features_attributes.csv
CUS_0x7d70,Mutikanih,42_,749-80-5139,Developer,1/4/2023,2025-11-09,2023-04,features_attributes.csv
CUS_0x7e84,Hop,20,775-79-8522,Media_Manager,1/4/2023,2025-11-09,2023-04,features_attributes.csv
CUS_0x7ec0,Richwineu,36,979-34-5110,Architect,1/4/2023,2025-11-09,2023-04,features_attributes.csv
CUS_0x7ee3,Alexeij,44,136-11-5410,Musician,1/4/2023,2025-11-09,2023-04,features_attributes.csv
CUS_0x7fa,Paul Carstenp,15,744-95-8181,Accountant,1/4/2023,2025-11-09,2023-04,features_attributes.csv
CUS_0x7fb3,Callusk,29,810-95-8044,Engineer,1/4/2023,2025-11-09,2023-04,features_attributes.csv
CUS_0x8046,Matthewg,4391,245-07-8526,Teacher,1/4/2023,2025-11-09,2023-04,features_attributes.csv
CUS_0x8067,en Berkowitzw,18,104-54-5798,Engineer,1/4/2023,2025-11-09,2023-04,features_attributes.csv
CUS_0x80dc,Nagu,28,498-19-5852,_______,1/4/2023,2025-11-09,2023-04,features_attributes.csv
CUS_0x80e5,Leika Kiharar,42,254-17-0513,Writer,1/4/2023,2025-11-09,2023-04,features_attributes.csv
CUS_0x8126,Vera Eckerto,18,129-62-8508,Developer,1/4/2023,2025-11-09,2023-04,features_attributes.csv
CUS_0x8142,Shaikhh,22,338-90-1524,Entrepreneur,1/4/2023,2025-11-09,2023-04,features_attributes.csv
CUS_0x81c3,Carlos Ruanoo,45,023-38-6280,Accountant,1/4/2023,2025-11-09,2023-04,features_attributes.csv
CUS_0x81f1,Gelleru,33,790-89-0831,Lawyer,1/4/2023,2025-11-09,2023-04,features_attributes.csv
CUS_0x821,Dixont,46,420-43-8481,Writer,1/4/2023,2025-11-09,2023-04,features_attributes.csv
CUS_0x8239,Leah Schnurri,53,276-58-8741,Developer,1/4/2023,2025-11-09,2023-04,features_attributes.csv
CUS_0x825d,Ernestd,52,884-90-7852,Musician,1/4/2023,2025-11-09,2023-04,features_attributes.csv
CUS_0x826d,Golubkoval,19,950-38-4770,Engineer,1/4/2023,2025-11-09,2023-04,features_attributes.csv
CUS_0x829a,"\"Martinv",29,546-31-9541,Musician,1/4/2023,2025-11-09,2023-04,features_attributes.csv
CUS_0x834f,Berginv,53,893-19-7441,Accountant,1/4/2023,2025-11-09,2023-04,features_attributes.csv
CUS_0x83fb,Tagarise,18,016-56-4100,Manager,1/4/2023,2025-11-09,2023-04,features_attributes.csv
CUS_0x8433,Robin Emmotte,18,#F%$D@*&8,Architect,1/4/2023,2025-11-09,2023-04,features_attributes.csv
CUS_0x854c,Jessica Toonkelf,35,412-53-8508,Manager,1/4/2023,2025-11-09,2023-04,features_attributes.csv
CUS_0x856b,Taigaz,47,653-14-2514,Developer,1/4/2023,2025-11-09,2023-04,features_attributes.csv
CUS_0x85a0,Rhys Jonesi,39,980-03-3367,Entrepreneur,1/4/2023,2025-11-09,2023-04,features_attributes.csv
CUS_0x8638,Kevinf,33,529-04-6046,Developer,1/4/2023,2025-11-09,2023-04,features_attributes.csv
CUS_0x868f,Can Sezerh,3513,012-56-7252,Entrepreneur,1/4/2023,2025-11-09,2023-04,features_attributes.csv
CUS_0x8731,Spicerf,28_,518-75-8448,_______,1/4/2023,2025-11-09,2023-04,features_attributes.csv
CUS_0x8747,Gernot Hellerd,42,903-18-0825,Scientist,1/4/2023,2025-11-09,2023-04,features_attributes.csv
CUS_0x878,Carrelk,24,467-94-0696,Engineer,1/4/2023,2025-11-09,2023-04,features_attributes.csv
CUS_0x87f9,Reidl,45,472-75-9857,Teacher,1/4/2023,2025-11-09,2023-04,features_attributes.csv
CUS_0x8bdf,Kylei,46,676-82-0055,Musician,1/4/2023,2025-11-09,2023-04,features_attributes.csv
CUS_0x8cd9,Yati Himatsingkae,32,897-73-7005,_______,1/4/2023,2025-11-09,2023-04,features_attributes.csv
CUS_0x8d3d,Sybilleu,26,872-63-5957,Manager,1/4/2023,2025-11-09,2023-04,features_attributes.csv
CUS_0x8d5d,Lisa Richwinef,38,#F%$D@*&8,Journalist,1/4/2023,2025-11-09,2023-04,features_attributes.csv
CUS_0x8db8,Aileen Wanga,42,451-74-2945,Doctor,1/4/2023,2025-11-09,2023-04,features_attributes.csv
CUS_0x8e35,Xiaowenm,31,310-24-3292,Engineer,1/4/2023,2025-11-09,2023-04,features_attributes.csv
CUS_0x8e4d,Lev,43,112-28-0565,Entrepreneur,1/4/2023,2025-11-09,2023-04,features_attributes.csv
CUS_0x8e5a,Kerberl,39,718-48-1833,Developer,1/4/2023,2025-11-09,2023-04,features_attributes.csv
CUS_0x8eb8,Reijiy,50,530-13-2709,Mechanic,1/4/2023,2025-11-09,2023-04,features_attributes.csv
CUS_0x8f7f,Moj,22,184-07-3420,Architect,1/4/2023,2025-11-09,2023-04,features_attributes.csv
CUS_0x8fd8,Alan Raybouldh,38_,266-04-6005,Journalist,1/4/2023,2025-11-09,2023-04,features_attributes.csv
CUS_0x902b,Estelle Shirbony,46,121-75-2548,Developer,1/4/2023,2025-11-09,2023-04,features_attributes.csv
CUS_0x91ca,Neil Chatterjeec,44,#F%$D@*&8,Scientist,1/4/2023,2025-11-09,2023-04,features_attributes.csv
CUS_0x91d4,Krauskopfi,51,014-02-9472,Media_Manager,1/4/2023,2025-11-09,2023-04,features_attributes.csv
CUS_0x91ed,Andrea Shalal-Esaf,43,466-76-1644,Doctor,1/4/2023,2025-11-09,2023-04,features_attributes.csv
CUS_0x9216,Aubin Davidw,40,764-56-9857,Developer,1/4/2023,2025-11-09,2023-04,features_attributes.csv
CUS_0x922f,Paul Lienertx,42,477-02-5379,Doctor,1/4/2023,2025-11-09,2023-04,features_attributes.csv
CUS_0x9237,Hirschlerv,43,292-60-7633,Developer,1/4/2023,2025-11-09,2023-04,features_attributes.csv
CUS_0x9305,Saphirh,51,122-99-9715,Entrepreneur,1/4/2023,2025-11-09,2023-04,features_attributes.csv
CUS_0x932c,Evelinew,25,952-71-6906,Journalist,1/4/2023,2025-11-09,2023-04,features_attributes.csv
CUS_0x944,Anurag Kotokyn,42,992-65-1613,Manager,1/4/2023,2025-11-09,2023-04,features_attributes.csv
CUS_0x94cf,Hoytj,37,168-36-8575,Entrepreneur,1/4/2023,2025-11-09,2023-04,features_attributes.csv
CUS_0x94dd,Chiangb,19,996-52-9835,_______,1/4/2023,2025-11-09,2023-04,features_attributes.csv
CUS_0x94de,Chuckw,37,349-98-3586,Writer,1/4/2023,2025-11-09,2023-04,features_attributes.csv
CUS_0x94e3,Prakash Chakravartik,22,135-67-9301,Developer,1/4/2023,2025-11-09,2023-04,features_attributes.csv
CUS_0x9522,Polityukb,29,500-24-7871,Architect,1/4/2023,2025-11-09,2023-04,features_attributes.csv
CUS_0x957c,Zhout,31,271-98-0952,Journalist,1/4/2023,2025-11-09,2023-04,features_attributes.csv
CUS_0x958a,Sarahb,36,933-41-6144,Accountant,1/4/2023,2025-11-09,2023-04,features_attributes.csv
CUS_0x963,"\"John ODonnell\"s",34,805-51-1173,Mechanic,1/4/2023,2025-11-09,2023-04,features_attributes.csv
CUS_0x9648,Douglasf,33,185-10-0638,Doctor,1/4/2023,2025-11-09,2023-04,features_attributes.csv
CUS_0x96e,Melissaj,47,394-26-5712,Doctor,1/4/2023,2025-11-09,2023-04,features_attributes.csv
CUS_0x9760,Janr,49,626-33-2977,Lawyer,1/4/2023,2025-11-09,2023-04,features_attributes.csv
CUS_0x9784,Vlastelicav,34,593-49-0431,Journalist,1/4/2023,2025-11-09,2023-04,features_attributes.csv
CUS_0x97aa,Patrick Temple-Westy,27,#F%$D@*&8,Writer,1/4/2023,2025-11-09,2023-04,features_attributes.csv
CUS_0x97ef,Lisal,37,946-35-7723,Teacher,1/4/2023,2025-11-09,2023-04,features_attributes.csv
CUS_0x987c,Jeb Blountq,33,567-00-4734,Developer,1/4/2023,2025-11-09,2023-04,features_attributes.csv
CUS_0x989e,Alistairc,37,131-36-4638,Teacher,1/4/2023,2025-11-09,2023-04,features_attributes.csv
CUS_0x9997,Rucinskiw,14,234-78-5350,Mechanic,1/4/2023,2025-11-09,2023-04,features_attributes.csv
CUS_0x9998,Anny,30,325-40-2210,Architect,1/4/2023,2025-11-09,2023-04,features_attributes.csv
CUS_0x9a1d,Francesco Canepan,37,763-78-0517,Journalist,1/4/2023,2025-11-09,2023-04,features_attributes.csv
CUS_0x9b6b,Hyunjoo Jinr,29,717-52-8463,Accountant,1/4/2023,2025-11-09,2023-04,features_attributes.csv
CUS_0x9bbe,Lisa Baertleinw,40,487-03-4362,Media_Manager,1/4/2023,2025-11-09,2023-04,features_attributes.csv
CUS_0x9c2,Freifeldf,16,434-76-9598,Writer,1/4/2023,2025-11-09,2023-04,features_attributes.csv
CUS_0x9c2e,Matt Robinsonu,22,342-20-6397,Accountant,1/4/2023,2025-11-09,2023-04,features_attributes.csv
CUS_0x9c49,Don Durfeeo,34,506-39-1870,Developer,1/4/2023,2025-11-09,2023-04,features_attributes.csv
CUS_0x9c66,Albertoo,54,141-75-5743,Manager,1/4/2023,2025-11-09,2023-04,features_attributes.csv
CUS_0x9d41,Rothackerz,38,979-38-2855,Lawyer,1/4/2023,2025-11-09,2023-04,features_attributes.csv
CUS_0x9d51,Denis Astrida,32,189-87-7469,Musician,1/4/2023,2025-11-09,2023-04,features_attributes.csv
CUS_0x9e21,Hetznero,35,359-87-6453,Media_Manager,1/4/2023,2025-11-09,2023-04,features_attributes.csv
CUS_0x9e31,Protardc,7342,581-58-9802,_______,1/4/2023,2025-11-09,2023-04,features_attributes.csv
CUS_0x9f06,Rodrigo Camposn,53,934-81-9974,Scientist,1/4/2023,2025-11-09,2023-04,features_attributes.csv
CUS_0x9f80,Keithp,44,387-40-1446,Musician,1/4/2023,2025-11-09,2023-04,features_attributes.csv
CUS_0x9fb1,Calebw,51,626-68-2831,Teacher,1/4/2023,2025-11-09,2023-04,features_attributes.csv
CUS_0x9fea,Patricka,44,#F%$D@*&8,Media_Manager,1/4/2023,2025-11-09,2023-04,features_attributes.csv
CUS_0xa066,David Henryw,29,619-80-2517,Entrepreneur,1/4/2023,2025-11-09,2023-04,features_attributes.csv
CUS_0xa071,Alistair Barrl,43,441-89-2484,Scientist,1/4/2023,2025-11-09,2023-04,features_attributes.csv
CUS_0xa323,Robin Emmottv,54_,587-60-5963,Architect,1/4/2023,2025-11-09,2023-04,features_attributes.csv
CUS_0xa3c,Rick Rothackerm,27,054-73-9178,Accountant,1/4/2023,2025-11-09,2023-04,features_attributes.csv
CUS_0xa3f,Preziosoo,21,547-70-0531,Architect,1/4/2023,2025-11-09,2023-04,features_attributes.csv
CUS_0xa437,Ryan Vlastelicad,26,248-20-6693,Architect,1/4/2023,2025-11-09,2023-04,features_attributes.csv
CUS_0xa525,oby,53_,589-22-6942,Musician,1/4/2023,2025-11-09,2023-04,features_attributes.csv
CUS_0xa52e,B.f,37,902-32-6869,Teacher,1/4/2023,2025-11-09,2023-04,features_attributes.csv
CUS_0xa556,Jonathano,44_,304-18-9706,Media_Manager,1/4/2023,2025-11-09,2023-04,features_attributes.csv
CUS_0xa5f9,Rickt,34,#F%$D@*&8,Mechanic,1/4/2023,2025-11-09,2023-04,features_attributes.csv
CUS_0xa679,Eva Taylorb,21,496-94-9136,Accountant,1/4/2023,2025-11-09,2023-04,features_attributes.csv
CUS_0xa682,Ruby Lianl,53,276-56-8950,Mechanic,1/4/2023,2025-11-09,2023-04,features_attributes.csv
CUS_0xa69,Alexh,34,189-86-7222,Scientist,1/4/2023,2025-11-09,2023-04,features_attributes.csv
CUS_0xa6a,Blenkinsopu,44,657-94-9439,Lawyer,1/4/2023,2025-11-09,2023-04,features_attributes.csv
CUS_0xa6b8,Herbert Lasht,38,459-01-7563,Manager,1/4/2023,2025-11-09,2023-04,features_attributes.csv
CUS_0xa731,LaCapraw,40,118-75-1018,Architect,1/4/2023,2025-11-09,2023-04,features_attributes.csv
CUS_0xa780,Halstrickg,26,683-63-4431,Musician,1/4/2023,2025-11-09,2023-04,features_attributes.csv
CUS_0xa7a4,Sophie Sassarda,49,448-37-5187,Media_Manager,1/4/2023,2025-11-09,2023-04,features_attributes.csv
CUS_0xa8c1,Leigh Thomask,46,975-52-9116,Lawyer,1/4/2023,2025-11-09,2023-04,features_attributes.csv
CUS_0xa910,Cohns,40,635-44-8558,Scientist,1/4/2023,2025-11-09,2023-04,features_attributes.csv
CUS_0xa91e,Ryane,43,188-52-7396,Developer,1/4/2023,2025-11-09,2023-04,features_attributes.csv
CUS_0xa97a,Tungv,50,836-34-5737,Journalist,1/4/2023,2025-11-09,2023-04,features_attributes.csv
CUS_0xa9f,Aditi Shrivastavaz,20,601-74-3826,Teacher,1/4/2023,2025-11-09,2023-04,features_attributes.csv
CUS_0xaa4,Ricks,46,951-05-7822,Architect,1/4/2023,2025-11-09,2023-04,features_attributes.csv
CUS_0xaab3,Michaelb,21_,701-00-3430,Doctor,1/4/2023,2025-11-09,2023-04,features_attributes.csv
CUS_0xaabb,Matte,44,432-34-3192,Teacher,1/4/2023,2025-11-09,2023-04,features_attributes.csv
CUS_0xab01,Andrew Longstrethd,33,775-12-8331,Writer,1/4/2023,2025-11-09,2023-04,features_attributes.csv
CUS_0xab32,Sophiex,42,177-21-7542,Doctor,1/4/2023,2025-11-09,2023-04,features_attributes.csv
CUS_0xab35,Rhys Jonesp,22,927-09-5332,Engineer,1/4/2023,2025-11-09,2023-04,features_attributes.csv
CUS_0xab4a,Reijib,18,808-32-5129,Engineer,1/4/2023,2025-11-09,2023-04,features_attributes.csv
CUS_0xabc0,McCrankb,42,993-68-8022,Developer,1/4/2023,2025-11-09,2023-04,features_attributes.csv
CUS_0xabea,Kiyoshix,21,339-65-0460,_______,1/4/2023,2025-11-09,2023-04,features_attributes.csv
CUS_0xabed,Wroughtonm,32_,339-32-0541,Lawyer,1/4/2023,2025-11-09,2023-04,features_attributes.csv
CUS_0xac20,Lawrence Whiteo,21,463-27-5535,Writer,1/4/2023,2025-11-09,2023-04,features_attributes.csv
CUS_0xac51,Yokot,19,918-69-9428,Teacher,1/4/2023,2025-11-09,2023-04,features_attributes.csv
CUS_0xac58,Ellen Freilichb,31,471-65-9055,Writer,1/4/2023,2025-11-09,2023-04,features_attributes.csv
CUS_0xad31,Grant McCooli,25,769-35-0460,_______,1/4/2023,2025-11-09,2023-04,features_attributes.csv
CUS_0xadad,Masond,27,027-11-6852,Doctor,1/4/2023,2025-11-09,2023-04,features_attributes.csv
CUS_0xadb5,Andrea Shalal-Esaq,45,565-89-7418,Entrepreneur,1/4/2023,2025-11-09,2023-04,features_attributes.csv
CUS_0xadd2,Ronald Grovere,5194,693-69-2338,Manager,1/4/2023,2025-11-09,2023-04,features_attributes.csv
CUS_0xae03,Paul Lienertl,19,362-86-0248,Mechanic,1/4/2023,2025-11-09,2023-04,features_attributes.csv
CUS_0xae70,Philv,41,948-24-6997,Journalist,1/4/2023,2025-11-09,2023-04,features_attributes.csv
CUS_0xae75,Christopherp,26,931-83-8333,Media_Manager,1/4/2023,2025-11-09,2023-04,features_attributes.csv
CUS_0xaf14,Michelle Conlinh,21,039-64-8322,Mechanic,1/4/2023,2025-11-09,2023-04,features_attributes.csv
CUS_0xaf16,Wohlc,-500,232-28-0722,Media_Manager,1/4/2023,2025-11-09,2023-04,features_attributes.csv
CUS_0xaf6,Wohlw,15,784-61-9362,Journalist,1/4/2023,2025-11-09,2023-04,features_attributes.csv
CUS_0xaf99,Francisz,18,923-19-2422,Writer,1/4/2023,2025-11-09,2023-04,features_attributes.csv
CUS_0xafcd,Deyr,33,822-91-2677,_______,1/4/2023,2025-11-09,2023-04,features_attributes.csv
CUS_0xb001,Alister Bulla,37,130-15-7471,Scientist,1/4/2023,2025-11-09,2023-04,features_attributes.csv
CUS_0xb012,Matt Scuffhaml,36,409-16-9752,Accountant,1/4/2023,2025-11-09,2023-04,features_attributes.csv
CUS_0xb01a,Jonathan Cableu,30,442-12-0514,Accountant,1/4/2023,2025-11-09,2023-04,features_attributes.csv
CUS_0xb080,Brownq,30,177-01-2590,Lawyer,1/4/2023,2025-11-09,2023-04,features_attributes.csv
CUS_0xb121,Guptaa,18,225-01-5244,Mechanic,1/4/2023,2025-11-09,2023-04,features_attributes.csv
CUS_0xb187,Robinl,35_,863-01-7811,Lawyer,1/4/2023,2025-11-09,2023-04,features_attributes.csv
CUS_0xb1d5,Karen Brettellz,37_,574-08-1112,Developer,1/4/2023,2025-11-09,2023-04,features_attributes.csv
CUS_0xb217,Deepa Seetharamanv,48,565-56-8270,_______,1/4/2023,2025-11-09,2023-04,features_attributes.csv
CUS_0xb2fc,Jessica Wohlt,28,452-02-4154,Doctor,1/4/2023,2025-11-09,2023-04,features_attributes.csv
CUS_0xb32a,"\"Martinl",38,504-09-5317,Doctor,1/4/2023,2025-11-09,2023-04,features_attributes.csv
CUS_0xb33a,Wolfi,19,005-38-9116,Teacher,1/4/2023,2025-11-09,2023-04,features_attributes.csv
CUS_0xb351,eng,53,091-82-8016,Manager,1/4/2023,2025-11-09,2023-04,features_attributes.csv
CUS_0xb35f,Nicolacia,28,794-17-7391,Doctor,1/4/2023,2025-11-09,2023-04,features_attributes.csv
CUS_0xb3a,Boselliv,16,769-19-8784,Mechanic,1/4/2023,2025-11-09,2023-04,features_attributes.csv
CUS_0xb499,Torchiaf,45,180-24-3145,Scientist,1/4/2023,2025-11-09,2023-04,features_attributes.csv
CUS_0xb4d3,Saphiru,54,986-46-9529,Accountant,1/4/2023,2025-11-09,2023-04,features_attributes.csv
CUS_0xb545,Saleho,31,148-27-1804,Architect,1/4/2023,2025-11-09,2023-04,features_attributes.csv
CUS_0xb63e,Ben Klaymane,37,646-59-8591,Engineer,1/4/2023,2025-11-09,2023-04,features_attributes.csv
CUS_0xb644,Ernest Scheyderf,26,682-75-1288,Scientist,1/4/2023,2025-11-09,2023-04,features_attributes.csv
CUS_0xb732,Tarmo Virkij,25,724-75-1703,Manager,1/4/2023,2025-11-09,2023-04,features_attributes.csv
CUS_0xb798,Karlk,52,908-32-4592,Mechanic,1/4/2023,2025-11-09,2023-04,features_attributes.csv
CUS_0xb7fa,Eric M.d,34,936-71-6162,Entrepreneur,1/4/2023,2025-11-09,2023-04,features_attributes.csv
CUS_0xb81c,Bernabeiw,15,112-59-5434,Teacher,1/4/2023,2025-11-09,2023-04,features_attributes.csv
CUS_0xb825,Carolinea,30,799-34-8016,Developer,1/4/2023,2025-11-09,2023-04,features_attributes.csv
CUS_0xb8de,Richwiney,30,#F%$D@*&8,Engineer,1/4/2023,2025-11-09,2023-04,features_attributes.csv
CUS_0xb91a,Seetharamanb,36,047-64-4774,Developer,1/4/2023,2025-11-09,2023-04,features_attributes.csv
CUS_0xb98,Kimj,32,483-44-1274,Doctor,1/4/2023,2025-11-09,2023-04,features_attributes.csv
CUS_0xba4c,Smith Douglasp,21,507-44-8168,Lawyer,1/4/2023,2025-11-09,2023-04,features_attributes.csv
CUS_0xbacd,Matthew Goldsteinn,38,704-18-6692,Manager,1/4/2023,2025-11-09,2023-04,features_attributes.csv
CUS_0xbaeb,Katharina Bartg,41,729-50-5370,Developer,1/4/2023,2025-11-09,2023-04,features_attributes.csv
CUS_0xbafa,Sarahf,40,769-76-3568,Accountant,1/4/2023,2025-11-09,2023-04,features_attributes.csv
CUS_0xbafd,Wanfeng Zhous,23_,568-03-0874,Writer,1/4/2023,2025-11-09,2023-04,features_attributes.csv
CUS_0xbb6e,Elvina Nawagunaq,33,896-42-9226,Architect,1/4/2023,2025-11-09,2023-04,features_attributes.csv
CUS_0xbb73,Krnerh,37,685-41-4406,Lawyer,1/4/2023,2025-11-09,2023-04,features_attributes.csv
CUS_0xbb85,Daniel Flynnx,41,574-70-6565,Scientist,1/4/2023,2025-11-09,2023-04,features_attributes.csv
CUS_0xbc29,Laurenk,49,903-64-4248,Lawyer,1/4/2023,2025-11-09,2023-04,features_attributes.csv
CUS_0xbc33,Manuelar,45,272-13-8046,Entrepreneur,1/4/2023,2025-11-09,2023-04,features_attributes.csv
CUS_0xbc9e,Rigbyb,42,095-40-7540,Media_Manager,1/4/2023,2025-11-09,2023-04,features_attributes.csv
CUS_0xbccf,Nigeln,29,712-06-3868,Media_Manager,1/4/2023,2025-11-09,2023-04,features_attributes.csv
CUS_0xbd0f,Glenni,48,209-71-4397,_______,1/4/2023,2025-11-09,2023-04,features_attributes.csv
CUS_0xbd2c,Paul Carrelf,44,064-72-7992,Scientist,1/4/2023,2025-11-09,2023-04,features_attributes.csv
CUS_0xbd33,Andreaj,38_,801-12-1492,Accountant,1/4/2023,2025-11-09,2023-04,features_attributes.csv
CUS_0xbe5c,Groverp,30,861-80-8543,_______,1/4/2023,2025-11-09,2023-04,features_attributes.csv
CUS_0xbe71,Karenf,40_,552-03-6969,Writer,1/4/2023,2025-11-09,2023-04,features_attributes.csv
CUS_0xbed7,Dmitracovab,19,216-77-4563,Lawyer,1/4/2023,2025-11-09,2023-04,features_attributes.csv
CUS_0xbf40,Ryan Vlastelicam,27,806-23-3767,Doctor,1/4/2023,2025-11-09,2023-04,features_attributes.csv
CUS_0xbfa6,Espanaa,37,006-73-8209,Teacher,1/4/2023,2025-11-09,2023-04,features_attributes.csv
CUS_0xc066,Victoria Bryanc,26,541-80-8668,Scientist,1/4/2023,2025-11-09,2023-04,features_attributes.csv
CUS_0xc0af,Michael Martinaj,32,723-06-5026,Developer,1/4/2023,2025-11-09,2023-04,features_attributes.csv
CUS_0xc118,McCoolr,30_,626-84-2639,Journalist,1/4/2023,2025-11-09,2023-04,features_attributes.csv
CUS_0xc15d,Edwardsf,44,#F%$D@*&8,_______,1/4/2023,2025-11-09,2023-04,features_attributes.csv
CUS_0xc204,rad Haynesr,23_,805-67-9755,Lawyer,1/4/2023,2025-11-09,2023-04,features_attributes.csv
CUS_0xc3a1,Gaffenr,39,064-96-4304,_______,1/4/2023,2025-11-09,2023-04,features_attributes.csv
CUS_0xc3ce,a Maxwella,53,767-68-3847,Media_Manager,1/4/2023,2025-11-09,2023-04,features_attributes.csv
CUS_0xc48c,Roumeliotisl,55,129-28-5358,Musician,1/4/2023,2025-11-09,2023-04,features_attributes.csv
CUS_0xc497,Huw Jonesj,14,#F%$D@*&8,Lawyer,1/4/2023,2025-11-09,2023-04,features_attributes.csv
CUS_0xc4ea,Swethar,33,433-68-1467,Developer,1/4/2023,2025-11-09,2023-04,features_attributes.csv
CUS_0xc533,McAllisterx,43,693-67-8876,Scientist,1/4/2023,2025-11-09,2023-04,features_attributes.csv
CUS_0xc5e2,Ashley Laud,33,782-19-9567,Scientist,1/4/2023,2025-11-09,2023-04,features_attributes.csv
CUS_0xc5ea,Luciana Lopezv,27,596-35-4652,Writer,1/4/2023,2025-11-09,2023-04,features_attributes.csv
CUS_0xc5f3,Erwin Sebas,19,#F%$D@*&8,Manager,1/4/2023,2025-11-09,2023-04,features_attributes.csv
CUS_0xc5fe,Mutikanir,17_,957-52-1731,Doctor,1/4/2023,2025-11-09,2023-04,features_attributes.csv
CUS_0xc8c,Tom Berging,23,103-20-7616,Journalist,1/4/2023,2025-11-09,2023-04,features_attributes.csv
CUS_0xd9a,Ellen Freilichl,53,297-58-2164,Scientist,1/4/2023,2025-11-09,2023-04,features_attributes.csv
CUS_0xdb0,Gavin Jonesp,45,574-76-3430,Engineer,1/4/2023,2025-11-09,2023-04,features_attributes.csv
CUS_0xf20,Anurag Kotokyf,41,#F%$D@*&8,Musician,1/4/2023,2025-11-09,2023-04,features_attributes.csv
CUS_0xf23,Lawrencef,43,634-61-3484,Mechanic,1/4/2023,2025-11-09,2023-04,features_attributes.csv
CUS_0xf58,Tiisetso Motsoenengj,29_,108-83-3774,Scientist,1/4/2023,2025-11-09,2023-04,features_attributes.csv
CUS_0xf8d,Jennifer Ablanr,55_,712-91-8519,Engineer,1/4/2023,2025-11-09,2023-04,features_attributes.csv
CUS_0xfaf,Sveap,27,153-48-5124,Architect,1/4/2023,2025-11-09,2023-04,features_attributes.csv
CUS_0xfb6,Leah Schnurrj,21,668-25-6453,Accountant,1/4/2023,2025-11-09,2023-04,features_attributes.csv
CUS_0xfcb,Patrick Temple-Westk,24,765-35-2455,Lawyer,1/4/2023,2025-11-09,2023-04,features_attributes.csv
