Customer_ID,Name,Age,SSN,Occupation,snapshot_date,ingest_dt,snap_ym,source_file
CUS_0x10bb,Chyenf,35,075-30-4340,Journalist,1/3/2023,2025-11-09,2023-03,features_attributes.csv
CUS_0x10eb,Yaob,51,#F%$D@*&8,Journalist,1/3/2023,2025-11-09,2023-03,features_attributes.csv
CUS_0x1132,Jonathano,39,152-95-7926,Mechanic,1/3/2023,2025-11-09,2023-03,features_attributes.csv
CUS_0x1135,Baertleinc,22_,897-95-1425,Journalist,1/3/2023,2025-11-09,2023-03,features_attributes.csv
CUS_0x11c7,raden Reddallh,53,646-19-1493,Architect,1/3/2023,2025-11-09,2023-03,features_attributes.csv
CUS_0x123a,Michelle Martinh,14,669-29-3700,Media_Manager,1/3/2023,2025-11-09,2023-03,features_attributes.csv
CUS_0x1271,Carrick Mollenkampq,46,842-43-2499,Architect,1/3/2023,2025-11-09,2023-03,features_attributes.csv
CUS_0x12dd,Liana B.v,36,954-59-1206,Developer,1/3/2023,2025-11-09,2023-03,features_attributes.csv
CUS_0x1324,Jennifer Sabaf,20,477-00-3913,Mechanic,1/3/2023,2025-11-09,2023-03,features_attributes.csv
CUS_0x136b,Luciana Otonit,45,444-16-2415,Writer,1/3/2023,2025-11-09,2023-03,features_attributes.csv
CUS_0x13df,Clareh,38,082-87-9651,Engineer,1/3/2023,2025-11-09,2023-03,features_attributes.csv
CUS_0x13ee,Claraj,31,497-59-7351,Doctor,1/3/2023,2025-11-09,2023-03,features_attributes.csv
CUS_0x14d8,Miyoung Kimg,47,577-56-8377,Writer,1/3/2023,2025-11-09,2023-03,features_attributes.csv
CUS_0x1521,Sineadm,54,#F%$D@*&8,Accountant,1/3/2023,2025-11-09,2023-03,features_attributes.csv
CUS_0x15a4,Madeline Chamberss,22,208-96-4573,Engineer,1/3/2023,2025-11-09,2023-03,features_attributes.csv
CUS_0x15b9,Alex rax,23,824-34-8358,Writer,1/3/2023,2025-11-09,2023-03,features_attributes.csv
CUS_0x1690,Economics Correspondentu,44,#F%$D@*&8,Architect,1/3/2023,2025-11-09,2023-03,features_attributes.csv
CUS_0x16d0,Spicerc,39,570-24-3883,Entrepreneur,1/3/2023,2025-11-09,2023-03,features_attributes.csv
CUS_0x1769,Stephenr,27,416-99-1698,Musician,1/3/2023,2025-11-09,2023-03,features_attributes.csv
CUS_0x17c3,Peter Lauriav,22,530-88-6920,Writer,1/3/2023,2025-11-09,2023-03,features_attributes.csv
CUS_0x1844,Anthony Deutscha,38,638-11-3367,Writer,1/3/2023,2025-11-09,2023-03,features_attributes.csv
CUS_0x18a6,Hamzahi,54,464-94-6491,Scientist,1/3/2023,2025-11-09,2023-03,features_attributes.csv
CUS_0x1a33,Younglait,42,883-91-5779,Developer,1/3/2023,2025-11-09,2023-03,features_attributes.csv
CUS_0x1a3a,Kohk,43,273-60-9876,Accountant,1/3/2023,2025-11-09,2023-03,features_attributes.csv
CUS_0x1a77,Seetharamant,19,106-15-9029,Manager,1/3/2023,2025-11-09,2023-03,features_attributes.csv
CUS_0x1aa0,Huwe,26,079-45-2582,_______,1/3/2023,2025-11-09,2023-03,features_attributes.csv
CUS_0x1add,Svenk,23,917-37-8257,Doctor,1/3/2023,2025-11-09,2023-03,features_attributes.csv
CUS_0x1ba9,Scott Malonef,29,391-18-9705,Media_Manager,1/3/2023,2025-11-09,2023-03,features_attributes.csv
CUS_0x1c2f,Patrickq,55,252-59-7720,Manager,1/3/2023,2025-11-09,2023-03,features_attributes.csv
CUS_0x1c76,Karolina Tagarisj,16,756-17-9286,Entrepreneur,1/3/2023,2025-11-09,2023-03,features_attributes.csv
CUS_0x1c78,David Millikens,41,#F%$D@*&8,Mechanic,1/3/2023,2025-11-09,2023-03,features_attributes.csv
CUS_0x1cb0,Wangg,47,459-13-4314,Teacher,1/3/2023,2025-11-09,2023-03,features_attributes.csv
CUS_0x1d08,Skariachanh,-500,075-72-5423,Doctor,1/3/2023,2025-11-09,2023-03,features_attributes.csv
CUS_0x1d18,Dominic Lauv,44,061-64-3430,Musician,1/3/2023,2025-11-09,2023-03,features_attributes.csv
CUS_0x1d3e,Wayne Arnoldt,43,579-15-1527,Architect,1/3/2023,2025-11-09,2023-03,features_attributes.csv
CUS_0x1d79,James Daveyz,30,172-70-6021,Teacher,1/3/2023,2025-11-09,2023-03,features_attributes.csv
CUS_0x1db5,Dennya,43,088-31-1690,_______,1/3/2023,2025-11-09,2023-03,features_attributes.csv
CUS_0x1e8e,Kellyj,16,584-46-9934,Entrepreneur,1/3/2023,2025-11-09,2023-03,features_attributes.csv
CUS_0x1f39,Alwyn Scottf,18,668-38-2560,Teacher,1/3/2023,2025-11-09,2023-03,features_attributes.csv
CUS_0x1f4b,Dasha Afanasievaw,15,399-63-5016,Doctor,1/3/2023,2025-11-09,2023-03,features_attributes.csv
CUS_0x1f8c,Dolanl,37,745-18-8559,Musician,1/3/2023,2025-11-09,2023-03,features_attributes.csv
CUS_0x1f8d,Matthewt,51,486-78-3816,Entrepreneur,1/3/2023,2025-11-09,2023-03,features_attributes.csv
CUS_0x2041,Gohm,31,348-82-9441,Media_Manager,1/3/2023,2025-11-09,2023-03,features_attributes.csv
CUS_0x2087,Jonathang,54,902-09-8828,Media_Manager,1/3/2023,2025-11-09,2023-03,features_attributes.csv
CUS_0x2159,Emmottt,53,902-71-6676,Doctor,1/3/2023,2025-11-09,2023-03,features_attributes.csv
CUS_0x21d8,Shalal-Esaq,30,721-81-2253,Accountant,1/3/2023,2025-11-09,2023-03,features_attributes.csv
CUS_0x21e6,Strupczewskid,48,328-75-6365,Media_Manager,1/3/2023,2025-11-09,2023-03,features_attributes.csv
CUS_0x2293,Cablen,36,403-42-4176,Engineer,1/3/2023,2025-11-09,2023-03,features_attributes.csv
CUS_0x231b,Nicolacih,42,#F%$D@*&8,Entrepreneur,1/3/2023,2025-11-09,2023-03,features_attributes.csv
CUS_0x233e,Rodrigox,54,007-39-8307,Media_Manager,1/3/2023,2025-11-09,2023-03,features_attributes.csv
CUS_0x23b2,Lawrence Whiter,25,375-23-9321,Media_Manager,1/3/2023,2025-11-09,2023-03,features_attributes.csv
CUS_0x23b9,Moodyd,41,671-79-4575,Lawyer,1/3/2023,2025-11-09,2023-03,features_attributes.csv
CUS_0x23e2,economics correspondentr,38,563-99-3300,Musician,1/3/2023,2025-11-09,2023-03,features_attributes.csv
CUS_0x25ea,Petee,29,730-19-4290,Manager,1/3/2023,2025-11-09,2023-03,features_attributes.csv
CUS_0x25ed,Richwinef,54,#F%$D@*&8,Writer,1/3/2023,2025-11-09,2023-03,features_attributes.csv
CUS_0x262e,Karina Grazinax,23,#F%$D@*&8,Journalist,1/3/2023,2025-11-09,2023-03,features_attributes.csv
CUS_0x2652,Suev,22,062-29-3192,Teacher,1/3/2023,2025-11-09,2023-03,features_attributes.csv
CUS_0x26aa,Dianei,20,639-27-1679,Journalist,1/3/2023,2025-11-09,2023-03,features_attributes.csv
CUS_0x26fd,Lucianau,33_,982-46-6532,Scientist,1/3/2023,2025-11-09,2023-03,features_attributes.csv
CUS_0x2747,Carrelx,31,131-04-1216,Accountant,1/3/2023,2025-11-09,2023-03,features_attributes.csv
CUS_0x275d,Papachristouq,32,257-48-1323,Architect,1/3/2023,2025-11-09,2023-03,features_attributes.csv
CUS_0x276a,Maria Kiselyovar,34,723-19-7235,Accountant,1/3/2023,2025-11-09,2023-03,features_attributes.csv
CUS_0x2778,Vlastelicav,41,531-52-1668,Developer,1/3/2023,2025-11-09,2023-03,features_attributes.csv
CUS_0x2796,Tim McLaughlinm,23,123-92-7016,Scientist,1/3/2023,2025-11-09,2023-03,features_attributes.csv
CUS_0x27df,Kimw,41,140-14-6234,Doctor,1/3/2023,2025-11-09,2023-03,features_attributes.csv
CUS_0x2847,Kirstine,49,840-37-8707,Journalist,1/3/2023,2025-11-09,2023-03,features_attributes.csv
CUS_0x290c,Grant McCooly,1070_,570-16-5655,Engineer,1/3/2023,2025-11-09,2023-03,features_attributes.csv
CUS_0x296f,David Millikenh,25,972-13-0672,Developer,1/3/2023,2025-11-09,2023-03,features_attributes.csv
CUS_0x29f5,Sarahq,36,039-46-6036,Developer,1/3/2023,2025-11-09,2023-03,features_attributes.csv
CUS_0x2adf,Lianah,41,187-90-8599,Lawyer,1/3/2023,2025-11-09,2023-03,features_attributes.csv
CUS_0x2b9e,er Ingridj,22,798-92-7062,Engineer,1/3/2023,2025-11-09,2023-03,features_attributes.csv
CUS_0x2c0d,ernieh,55,784-23-6447,Doctor,1/3/2023,2025-11-09,2023-03,features_attributes.csv
CUS_0x2c21,Ann Saphira,26,#F%$D@*&8,Architect,1/3/2023,2025-11-09,2023-03,features_attributes.csv
CUS_0x2c48,Hubbardm,43,434-93-5925,Architect,1/3/2023,2025-11-09,2023-03,features_attributes.csv
CUS_0x2c5e,Lynchj,35,688-03-3022,Lawyer,1/3/2023,2025-11-09,2023-03,features_attributes.csv
CUS_0x2c60,Sveas,44,501-39-0517,_______,1/3/2023,2025-11-09,2023-03,features_attributes.csv
CUS_0x2ca2,Leeg,30,309-09-1879,Lawyer,1/3/2023,2025-11-09,2023-03,features_attributes.csv
CUS_0x2d1c,Bohany,17,319-08-1291,Accountant,1/3/2023,2025-11-09,2023-03,features_attributes.csv
CUS_0x2da6,Lisac,30,427-69-8844,Doctor,1/3/2023,2025-11-09,2023-03,features_attributes.csv
CUS_0x2dd8,Daniel Flynns,41,916-34-1696,Lawyer,1/3/2023,2025-11-09,2023-03,features_attributes.csv
CUS_0x2e82,Stempelj,35,630-98-0469,_______,1/3/2023,2025-11-09,2023-03,features_attributes.csv
CUS_0x2e97,Rosemary Arackaparambilz,47,898-69-7665,Entrepreneur,1/3/2023,2025-11-09,2023-03,features_attributes.csv
CUS_0x2f03,Evaq,44_,128-50-9121,Architect,1/3/2023,2025-11-09,2023-03,features_attributes.csv
CUS_0x2f11,Poornimat,47,148-19-8466,Writer,1/3/2023,2025-11-09,2023-03,features_attributes.csv
CUS_0x2f97,Soham Chatterjees,18,366-30-2864,Writer,1/3/2023,2025-11-09,2023-03,features_attributes.csv
CUS_0x307e,Ashley Lauc,40,425-36-5909,Developer,1/3/2023,2025-11-09,2023-03,features_attributes.csv
CUS_0x30e0,Appsq,20,644-19-7211,Entrepreneur,1/3/2023,2025-11-09,2023-03,features_attributes.csv
CUS_0x3155,Edward Taylork,38,743-64-6287,Manager,1/3/2023,2025-11-09,2023-03,features_attributes.csv
CUS_0x318c,Irene Preisingerc,42,025-48-2841,Doctor,1/3/2023,2025-11-09,2023-03,features_attributes.csv
CUS_0x31ac,Alexei Oreskovicf,23,599-00-4004,Mechanic,1/3/2023,2025-11-09,2023-03,features_attributes.csv
CUS_0x3213,Kirsten Donovanp,40,085-55-1713,Media_Manager,1/3/2023,2025-11-09,2023-03,features_attributes.csv
CUS_0x32b7,"\"Rosalba OBrien\"i",38,459-28-8012,Accountant,1/3/2023,2025-11-09,2023-03,features_attributes.csv
CUS_0x32cc,Lianaw,39,707-77-3231,Teacher,1/3/2023,2025-11-09,2023-03,features_attributes.csv
CUS_0x32d2,Sophiec,1022,851-07-8207,Manager,1/3/2023,2025-11-09,2023-03,features_attributes.csv
CUS_0x3382,Biskupicd,-500,835-49-5730,Journalist,1/3/2023,2025-11-09,2023-03,features_attributes.csv
CUS_0x3435,Piersonb,17,845-16-5003,Lawyer,1/3/2023,2025-11-09,2023-03,features_attributes.csv
CUS_0x34ad,Raymonds,23_,344-23-8384,Engineer,1/3/2023,2025-11-09,2023-03,features_attributes.csv
CUS_0x35f4,enr,30_,790-29-8933,Manager,1/3/2023,2025-11-09,2023-03,features_attributes.csv
CUS_0x360e,Joei,35,587-74-1160,Musician,1/3/2023,2025-11-09,2023-03,features_attributes.csv
CUS_0x363a,Lucy Hornbyx,26,140-53-9808,Musician,1/3/2023,2025-11-09,2023-03,features_attributes.csv
CUS_0x36ad,Desaig,21,372-50-6035,Lawyer,1/3/2023,2025-11-09,2023-03,features_attributes.csv
CUS_0x36b6,Kirstin Ridleye,21,423-46-8663,Scientist,1/3/2023,2025-11-09,2023-03,features_attributes.csv
CUS_0x37cc,Melissa Akinw,38,195-01-3449,Entrepreneur,1/3/2023,2025-11-09,2023-03,features_attributes.csv
CUS_0x37de,Cremerg,35,698-27-5664,Developer,1/3/2023,2025-11-09,2023-03,features_attributes.csv
CUS_0x3815,Nicolacia,39,#F%$D@*&8,_______,1/3/2023,2025-11-09,2023-03,features_attributes.csv
CUS_0x383a,Sakari Suoninens,41,940-15-1743,Accountant,1/3/2023,2025-11-09,2023-03,features_attributes.csv
CUS_0x38f1,Martinu,25,908-12-2506,Scientist,1/3/2023,2025-11-09,2023-03,features_attributes.csv
CUS_0x3903,Jim Finklec,27,532-10-1755,Journalist,1/3/2023,2025-11-09,2023-03,features_attributes.csv
CUS_0x3a3b,"\"Martin den",53,608-37-5088,Doctor,1/3/2023,2025-11-09,2023-03,features_attributes.csv
CUS_0x3a5b,Freifeldw,26,863-41-5713,Mechanic,1/3/2023,2025-11-09,2023-03,features_attributes.csv
CUS_0x3a86,Lisau,44,491-96-7774,Manager,1/3/2023,2025-11-09,2023-03,features_attributes.csv
CUS_0x3ae9,Annf,34,105-31-9662,Scientist,1/3/2023,2025-11-09,2023-03,features_attributes.csv
CUS_0x3afc,Andrea Shalal-Esav,37,#F%$D@*&8,_______,1/3/2023,2025-11-09,2023-03,features_attributes.csv
CUS_0x3b3f,Frankc,31_,876-41-0796,Manager,1/3/2023,2025-11-09,2023-03,features_attributes.csv
CUS_0x3b81,Martinne Gellerm,24,644-75-8764,Musician,1/3/2023,2025-11-09,2023-03,features_attributes.csv
CUS_0x3c5f,Soyoungt,39,002-45-6541,Musician,1/3/2023,2025-11-09,2023-03,features_attributes.csv
CUS_0x3ca4,Jessica Toonkell,43,353-00-0111,Media_Manager,1/3/2023,2025-11-09,2023-03,features_attributes.csv
CUS_0x3e09,Ridleyi,33,110-68-4678,Journalist,1/3/2023,2025-11-09,2023-03,features_attributes.csv
CUS_0x3e9a,Saphira,27,902-99-8509,Architect,1/3/2023,2025-11-09,2023-03,features_attributes.csv
CUS_0x3f2d,Bertono,32,999-51-7557,Writer,1/3/2023,2025-11-09,2023-03,features_attributes.csv
CUS_0x3f7,Kellya,25,966-78-9490,Entrepreneur,1/3/2023,2025-11-09,2023-03,features_attributes.csv
CUS_0x3f82,Gardnerh,19,570-96-4897,Mechanic,1/3/2023,2025-11-09,2023-03,features_attributes.csv
CUS_0x3f87,radh,-500,228-71-4728,Lawyer,1/3/2023,2025-11-09,2023-03,features_attributes.csv
CUS_0x3fc5,Doug Palmerz,28,912-40-0813,Engineer,1/3/2023,2025-11-09,2023-03,features_attributes.csv
CUS_0x4032,Suzanne Barlynk,33,836-72-3680,Doctor,1/3/2023,2025-11-09,2023-03,features_attributes.csv
CUS_0x4086,Matthewm,40,408-77-8665,Scientist,1/3/2023,2025-11-09,2023-03,features_attributes.csv
CUS_0x40de,Dina Kyriakidouc,7805,436-89-7606,Journalist,1/3/2023,2025-11-09,2023-03,features_attributes.csv
CUS_0x416,Damounis,25_,275-79-7518,Musician,1/3/2023,2025-11-09,2023-03,features_attributes.csv
CUS_0x41b3,Emi Emoton,20,305-82-4727,Manager,1/3/2023,2025-11-09,2023-03,features_attributes.csv
CUS_0x41f3,Cowann,18,375-73-1499,Developer,1/3/2023,2025-11-09,2023-03,features_attributes.csv
CUS_0x42a,Philt,16,033-52-4312,Lawyer,1/3/2023,2025-11-09,2023-03,features_attributes.csv
CUS_0x42dc,Yinkaz,29,517-51-2372,Writer,1/3/2023,2025-11-09,2023-03,features_attributes.csv
CUS_0x430b,Dmitry Zhdannikovu,32,383-39-3291,Doctor,1/3/2023,2025-11-09,2023-03,features_attributes.csv
CUS_0x431,Grantr,32,836-21-1965,Teacher,1/3/2023,2025-11-09,2023-03,features_attributes.csv
CUS_0x43a6,Timb,33_,331-17-1290,Manager,1/3/2023,2025-11-09,2023-03,features_attributes.csv
CUS_0x43af,Claire Sibonneyz,20,751-81-2966,Architect,1/3/2023,2025-11-09,2023-03,features_attributes.csv
CUS_0x43c6,erl,25,411-18-3032,Journalist,1/3/2023,2025-11-09,2023-03,features_attributes.csv
CUS_0x4401,Ashleyp,39,025-25-9650,_______,1/3/2023,2025-11-09,2023-03,features_attributes.csv
CUS_0x4459,Langi Chiangi,40,435-07-2997,Journalist,1/3/2023,2025-11-09,2023-03,features_attributes.csv
CUS_0x4533,Langiw,26,#F%$D@*&8,Mechanic,1/3/2023,2025-11-09,2023-03,features_attributes.csv
CUS_0x45da,ernief,26,826-09-3759,Accountant,1/3/2023,2025-11-09,2023-03,features_attributes.csv
CUS_0x45f8,ewichb,56,137-75-8833,Musician,1/3/2023,2025-11-09,2023-03,features_attributes.csv
CUS_0x466a,Megan Daviesl,51,363-86-6263,Manager,1/3/2023,2025-11-09,2023-03,features_attributes.csv
CUS_0x46d7,Hornbyp,25,451-66-4095,Developer,1/3/2023,2025-11-09,2023-03,features_attributes.csv
CUS_0x46ef,Chris Vellacottf,30,867-02-2158,Accountant,1/3/2023,2025-11-09,2023-03,features_attributes.csv
CUS_0x476d,Leikaf,40,811-49-0838,Developer,1/3/2023,2025-11-09,2023-03,features_attributes.csv
CUS_0x47c1,Cyrilk,18,749-16-4561,Writer,1/3/2023,2025-11-09,2023-03,features_attributes.csv
CUS_0x47d0,Govindi,47,900-40-7972,Journalist,1/3/2023,2025-11-09,2023-03,features_attributes.csv
CUS_0x47fa,Yantoultra Nguif,31,291-51-7240,Mechanic,1/3/2023,2025-11-09,2023-03,features_attributes.csv
CUS_0x4813,Nate Raymondp,33,482-77-1212,Media_Manager,1/3/2023,2025-11-09,2023-03,features_attributes.csv
CUS_0x481c,Suzanneh,23,356-46-8172,Media_Manager,1/3/2023,2025-11-09,2023-03,features_attributes.csv
CUS_0x4846,Malathi Nayakt,20,670-60-0491,Musician,1/3/2023,2025-11-09,2023-03,features_attributes.csv
CUS_0x4899,Jeffsr,33,175-12-3231,Mechanic,1/3/2023,2025-11-09,2023-03,features_attributes.csv
CUS_0x48b7,Antonio,25,233-46-6078,Doctor,1/3/2023,2025-11-09,2023-03,features_attributes.csv
CUS_0x48d4,radend,20,775-84-9829,Engineer,1/3/2023,2025-11-09,2023-03,features_attributes.csv
CUS_0x48f7,Jonesb,20,989-32-0623,Lawyer,1/3/2023,2025-11-09,2023-03,features_attributes.csv
CUS_0x4a65,Olgas,38,399-59-9340,Architect,1/3/2023,2025-11-09,2023-03,features_attributes.csv
CUS_0x4ab,Andrew Longstrethf,51,591-59-7438,Architect,1/3/2023,2025-11-09,2023-03,features_attributes.csv
CUS_0x4b30,Jennifer Saban,40_,291-04-0774,Architect,1/3/2023,2025-11-09,2023-03,features_attributes.csv
CUS_0x4b82,ings,28,#F%$D@*&8,Manager,1/3/2023,2025-11-09,2023-03,features_attributes.csv
CUS_0x4b9c,Walter Gibbsz,44,634-49-7631,Writer,1/3/2023,2025-11-09,2023-03,features_attributes.csv
CUS_0x4c45,Schnurri,21,851-05-3167,Writer,1/3/2023,2025-11-09,2023-03,features_attributes.csv
CUS_0x4c90,Joneso,43,038-10-9709,Developer,1/3/2023,2025-11-09,2023-03,features_attributes.csv
CUS_0x4cb3,Alerigif,32,812-19-9012,Journalist,1/3/2023,2025-11-09,2023-03,features_attributes.csv
CUS_0x4d16,Lynnq,32,169-51-5624,Doctor,1/3/2023,2025-11-09,2023-03,features_attributes.csv
CUS_0x4d4d,Stempeld,29,119-11-5194,Mechanic,1/3/2023,2025-11-09,2023-03,features_attributes.csv
CUS_0x4de7,Guis,25,958-58-5648,Media_Manager,1/3/2023,2025-11-09,2023-03,features_attributes.csv
CUS_0x4e03,Lorraine Turners,34,527-33-9915,Media_Manager,1/3/2023,2025-11-09,2023-03,features_attributes.csv
CUS_0x4e11,Ermann,24,620-12-8571,_______,1/3/2023,2025-11-09,2023-03,features_attributes.csv
CUS_0x4e38,Junko Fujitav,20,209-58-8295,Scientist,1/3/2023,2025-11-09,2023-03,features_attributes.csv
CUS_0x4e6a,Judy Huaa,53,200-08-4652,Media_Manager,1/3/2023,2025-11-09,2023-03,features_attributes.csv
CUS_0x4f34,Schnurrh,32,735-06-5723,Teacher,1/3/2023,2025-11-09,2023-03,features_attributes.csv
CUS_0x4f72,Fabi Fergush,38,104-90-2721,Musician,1/3/2023,2025-11-09,2023-03,features_attributes.csv
CUS_0x4fd4,Angela Moone,37,577-23-3211,Accountant,1/3/2023,2025-11-09,2023-03,features_attributes.csv
CUS_0x5107,Josephq,26,582-10-2127,Teacher,1/3/2023,2025-11-09,2023-03,features_attributes.csv
CUS_0x512e,Kiharau,42,171-22-0944,Architect,1/3/2023,2025-11-09,2023-03,features_attributes.csv
CUS_0x513,asilu,44,063-74-6877,Teacher,1/3/2023,2025-11-09,2023-03,features_attributes.csv
CUS_0x51b9,Adlerd,18,296-46-5676,Journalist,1/3/2023,2025-11-09,2023-03,features_attributes.csv
CUS_0x5260,Tetsushi Kajimotoi,16,853-52-7531,Doctor,1/3/2023,2025-11-09,2023-03,features_attributes.csv
CUS_0x527c,Jessicap,21,#F%$D@*&8,Manager,1/3/2023,2025-11-09,2023-03,features_attributes.csv
CUS_0x52fb,Saeed Azhary,44,069-79-6934,Journalist,1/3/2023,2025-11-09,2023-03,features_attributes.csv
CUS_0x531a,Nathanz,38,819-33-4443,Journalist,1/3/2023,2025-11-09,2023-03,features_attributes.csv
CUS_0x5334,Spicerb,25,163-32-8176,Manager,1/3/2023,2025-11-09,2023-03,features_attributes.csv
CUS_0x5342,Alexei Oreskovicz,39,407-46-5571,Media_Manager,1/3/2023,2025-11-09,2023-03,features_attributes.csv
CUS_0x536b,Wachteln,32,805-19-9682,Journalist,1/3/2023,2025-11-09,2023-03,features_attributes.csv
CUS_0x53c,Jessica Wohlh,37,688-69-7066,Architect,1/3/2023,2025-11-09,2023-03,features_attributes.csv
CUS_0x53d6,Ruby Liani,39,368-56-4250,Mechanic,1/3/2023,2025-11-09,2023-03,features_attributes.csv
CUS_0x5471,Jonesd,655,661-55-5194,Doctor,1/3/2023,2025-11-09,2023-03,features_attributes.csv
CUS_0x5513,Marton Dunaia,45_,319-84-0979,_______,1/3/2023,2025-11-09,2023-03,features_attributes.csv
CUS_0x55b,Richardy,52,249-17-6357,Developer,1/3/2023,2025-11-09,2023-03,features_attributes.csv
CUS_0x55ed,Giuseppej,34,369-30-5610,Accountant,1/3/2023,2025-11-09,2023-03,features_attributes.csv
CUS_0x562a,Bakerz,25,837-50-1650,Doctor,1/3/2023,2025-11-09,2023-03,features_attributes.csv
CUS_0x563c,Francescow,40,366-24-0480,Mechanic,1/3/2023,2025-11-09,2023-03,features_attributes.csv
CUS_0x5654,Whiter,47,561-85-6550,_______,1/3/2023,2025-11-09,2023-03,features_attributes.csv
CUS_0x5698,Herbert Lashz,24,169-39-0968,Entrepreneur,1/3/2023,2025-11-09,2023-03,features_attributes.csv
CUS_0x56f6,Davidw,54_,763-69-8653,Scientist,1/3/2023,2025-11-09,2023-03,features_attributes.csv
CUS_0x57b2,Izumi Nakagawai,44,784-12-8086,Developer,1/3/2023,2025-11-09,2023-03,features_attributes.csv
CUS_0x5810,Atossai,23,621-43-9828,Writer,1/3/2023,2025-11-09,2023-03,features_attributes.csv
CUS_0x5876,Growq,37,593-61-6899,Writer,1/3/2023,2025-11-09,2023-03,features_attributes.csv
CUS_0x58e5,Davidq,30,207-46-1927,Mechanic,1/3/2023,2025-11-09,2023-03,features_attributes.csv
CUS_0x59f1,Ayesha Rascoep,30,529-44-0590,Engineer,1/3/2023,2025-11-09,2023-03,features_attributes.csv
CUS_0x5b41,Lyncha,22,#F%$D@*&8,Architect,1/3/2023,2025-11-09,2023-03,features_attributes.csv
CUS_0x5bf,Skariachanj,26,712-86-4030,Scientist,1/3/2023,2025-11-09,2023-03,features_attributes.csv
CUS_0x5c1c,Sineadx,44,584-91-0882,Writer,1/3/2023,2025-11-09,2023-03,features_attributes.csv
CUS_0x5c60,Alanu,20,009-05-2901,Teacher,1/3/2023,2025-11-09,2023-03,features_attributes.csv
CUS_0x5cb5,Wahbam,40,128-03-9248,Writer,1/3/2023,2025-11-09,2023-03,features_attributes.csv
CUS_0x5d05,Horowitzj,35,823-01-2017,Scientist,1/3/2023,2025-11-09,2023-03,features_attributes.csv
CUS_0x5d0f,Dolanr,42,540-27-6174,Doctor,1/3/2023,2025-11-09,2023-03,features_attributes.csv
CUS_0x5d5c,arry Moodye,50,754-88-1234,Engineer,1/3/2023,2025-11-09,2023-03,features_attributes.csv
CUS_0x5e1f,Douwe Miedemai,35,624-54-7787,Developer,1/3/2023,2025-11-09,2023-03,features_attributes.csv
CUS_0x5ed7,Tomr,45,951-28-5056,Writer,1/3/2023,2025-11-09,2023-03,features_attributes.csv
CUS_0x5ee5,Ransdell Piersonf,43,666-08-3263,Scientist,1/3/2023,2025-11-09,2023-03,features_attributes.csv
CUS_0x5f21,Nick Browns,42,879-61-5577,Scientist,1/3/2023,2025-11-09,2023-03,features_attributes.csv
CUS_0x5f36,Ed Stoddardh,16,465-96-2216,Media_Manager,1/3/2023,2025-11-09,2023-03,features_attributes.csv
CUS_0x5fd4,Ryan Vlastelicao,27,673-75-9639,Musician,1/3/2023,2025-11-09,2023-03,features_attributes.csv
CUS_0x5ff4,Emmam,53,114-60-4394,Musician,1/3/2023,2025-11-09,2023-03,features_attributes.csv
CUS_0x6044,Euan Rochab,36,334-17-4619,Journalist,1/3/2023,2025-11-09,2023-03,features_attributes.csv
CUS_0x6057,Henryt,36,778-35-7926,Musician,1/3/2023,2025-11-09,2023-03,features_attributes.csv
CUS_0x60c2,Erin Geigerb,14,289-22-3659,Media_Manager,1/3/2023,2025-11-09,2023-03,features_attributes.csv
CUS_0x60f,Aubinl,24,127-21-3412,Doctor,1/3/2023,2025-11-09,2023-03,features_attributes.csv
CUS_0x62c8,Yunj,34,756-60-6274,Journalist,1/3/2023,2025-11-09,2023-03,features_attributes.csv
CUS_0x6318,Tessa Walshg,22,199-90-4095,Accountant,1/3/2023,2025-11-09,2023-03,features_attributes.csv
CUS_0x6336,Haynesk,40,754-23-4169,_______,1/3/2023,2025-11-09,2023-03,features_attributes.csv
CUS_0x6345,Klaymanc,29,830-80-4719,Teacher,1/3/2023,2025-11-09,2023-03,features_attributes.csv
CUS_0x6371,Nicola Lesked,29_,291-73-9080,Manager,1/3/2023,2025-11-09,2023-03,features_attributes.csv
CUS_0x637b,Levinel,19,824-30-2794,Journalist,1/3/2023,2025-11-09,2023-03,features_attributes.csv
CUS_0x63b4,Samn,32,674-76-4745,Teacher,1/3/2023,2025-11-09,2023-03,features_attributes.csv
CUS_0x63c0,Govindasamyk,51,610-63-2729,Architect,1/3/2023,2025-11-09,2023-03,features_attributes.csv
CUS_0x6435,Alexei Oreskovicf,27,538-49-2118,Writer,1/3/2023,2025-11-09,2023-03,features_attributes.csv
CUS_0x645e,Stempeld,25,325-99-3118,Developer,1/3/2023,2025-11-09,2023-03,features_attributes.csv
CUS_0x64ae,Berkrotw,34,074-14-2917,_______,1/3/2023,2025-11-09,2023-03,features_attributes.csv
CUS_0x6570,Tim Hepherl,29,031-44-3798,Musician,1/3/2023,2025-11-09,2023-03,features_attributes.csv
CUS_0x657e,Caroline Valetkevitchp,55,#F%$D@*&8,Media_Manager,1/3/2023,2025-11-09,2023-03,features_attributes.csv
CUS_0x6582,Viktoria Dendrinoug,30,708-36-1676,Manager,1/3/2023,2025-11-09,2023-03,features_attributes.csv
CUS_0x65ae,Re,48,#F%$D@*&8,Journalist,1/3/2023,2025-11-09,2023-03,features_attributes.csv
CUS_0x6611,Caroline Copleyy,21,332-42-7951,Engineer,1/3/2023,2025-11-09,2023-03,features_attributes.csv
CUS_0x6619,Yee Rani,37,876-05-1384,Architect,1/3/2023,2025-11-09,2023-03,features_attributes.csv
CUS_0x661f,Lucial,42,857-27-1046,Media_Manager,1/3/2023,2025-11-09,2023-03,features_attributes.csv
CUS_0x6640,Lucya,37,636-48-6294,Doctor,1/3/2023,2025-11-09,2023-03,features_attributes.csv
CUS_0x66d7,Oreskovicw,49,068-15-0323,Journalist,1/3/2023,2025-11-09,2023-03,features_attributes.csv
CUS_0x6736,Stolli,27,025-90-1066,Musician,1/3/2023,2025-11-09,2023-03,features_attributes.csv
CUS_0x677f,Lawrence Whiteb,45,255-92-9474,Engineer,1/3/2023,2025-11-09,2023-03,features_attributes.csv
CUS_0x67b1,Kanekol,46,039-00-8391,Doctor,1/3/2023,2025-11-09,2023-03,features_attributes.csv
CUS_0x67c4,Gellers,42,937-00-7683,Writer,1/3/2023,2025-11-09,2023-03,features_attributes.csv
CUS_0x67f9,Raymonds,38,226-71-9521,Engineer,1/3/2023,2025-11-09,2023-03,features_attributes.csv
CUS_0x6817,Padraic Halpins,31,951-66-5100,Scientist,1/3/2023,2025-11-09,2023-03,features_attributes.csv
CUS_0x68df,Albertoi,-500,#F%$D@*&8,Developer,1/3/2023,2025-11-09,2023-03,features_attributes.csv
CUS_0x6926,Marc Jonesc,43,659-41-7297,Developer,1/3/2023,2025-11-09,2023-03,features_attributes.csv
CUS_0x6958,Tarao,14,811-14-4092,Manager,1/3/2023,2025-11-09,2023-03,features_attributes.csv
CUS_0x69df,Noriyuki Hiratam,32,191-88-3581,Scientist,1/3/2023,2025-11-09,2023-03,features_attributes.csv
CUS_0x6a68,Lucianae,38,#F%$D@*&8,Teacher,1/3/2023,2025-11-09,2023-03,features_attributes.csv
CUS_0x6ab0,Sophie Sassardo,21,863-40-1509,Doctor,1/3/2023,2025-11-09,2023-03,features_attributes.csv
CUS_0x6b0,Richardd,38,984-81-1916,Writer,1/3/2023,2025-11-09,2023-03,features_attributes.csv
CUS_0x6b35,Berkowitzf,19,747-34-6406,Developer,1/3/2023,2025-11-09,2023-03,features_attributes.csv
CUS_0x6b45,Langev,41,645-19-1721,Manager,1/3/2023,2025-11-09,2023-03,features_attributes.csv
CUS_0x6b82,Jonathan Sauls,25,775-60-4225,Musician,1/3/2023,2025-11-09,2023-03,features_attributes.csv
CUS_0x6b8d,ita Boseb,41,670-82-4845,Media_Manager,1/3/2023,2025-11-09,2023-03,features_attributes.csv
CUS_0x6bd8,"\"Johnr",42_,#F%$D@*&8,Doctor,1/3/2023,2025-11-09,2023-03,features_attributes.csv
CUS_0x6cf3,Himankv,24_,716-15-1048,Doctor,1/3/2023,2025-11-09,2023-03,features_attributes.csv
CUS_0x6d02,Maria Sheahani,39,912-24-1328,Entrepreneur,1/3/2023,2025-11-09,2023-03,features_attributes.csv
CUS_0x6d55,Wayne Colel,27,191-05-3072,Writer,1/3/2023,2025-11-09,2023-03,features_attributes.csv
CUS_0x6dbb,Lynnr,31,401-50-8869,Manager,1/3/2023,2025-11-09,2023-03,features_attributes.csv
CUS_0x6e8,Jonesh,52,061-88-8236,Lawyer,1/3/2023,2025-11-09,2023-03,features_attributes.csv
CUS_0x6e9,eny,43,750-50-1814,_______,1/3/2023,2025-11-09,2023-03,features_attributes.csv
CUS_0x6f09,Andoo,39,#F%$D@*&8,Journalist,1/3/2023,2025-11-09,2023-03,features_attributes.csv
CUS_0x6f0c,Karen Jacobsb,21,417-21-4554,Lawyer,1/3/2023,2025-11-09,2023-03,features_attributes.csv
CUS_0x6f4d,Luke Bakerg,51_,433-42-8444,Lawyer,1/3/2023,2025-11-09,2023-03,features_attributes.csv
CUS_0x6f5c,riai,30,150-04-7002,Developer,1/3/2023,2025-11-09,2023-03,features_attributes.csv
CUS_0x6f62,Shirbont,27,155-15-5096,_______,1/3/2023,2025-11-09,2023-03,features_attributes.csv
CUS_0x6f91,Ronaldh,42,466-54-2527,Engineer,1/3/2023,2025-11-09,2023-03,features_attributes.csv
CUS_0x6ff5,Lucia Mutikaniu,7445,699-57-0597,Entrepreneur,1/3/2023,2025-11-09,2023-03,features_attributes.csv
CUS_0x7033,Siegf,27,#F%$D@*&8,_______,1/3/2023,2025-11-09,2023-03,features_attributes.csv
CUS_0x70dc,James Regany,34,772-28-6345,Architect,1/3/2023,2025-11-09,2023-03,features_attributes.csv
CUS_0x70f1,Barlynp,33,212-21-4654,Scientist,1/3/2023,2025-11-09,2023-03,features_attributes.csv
CUS_0x7101,ernard Vaughana,45,268-79-6680,Engineer,1/3/2023,2025-11-09,2023-03,features_attributes.csv
CUS_0x7168,Dailyg,41,#F%$D@*&8,Writer,1/3/2023,2025-11-09,2023-03,features_attributes.csv
CUS_0x71da,John Ruwitchb,33,851-20-4325,_______,1/3/2023,2025-11-09,2023-03,features_attributes.csv
CUS_0x721f,Gilbert Kreijgerw,51,125-06-4157,Accountant,1/3/2023,2025-11-09,2023-03,features_attributes.csv
CUS_0x7225,Michelem,43,974-78-0059,Writer,1/3/2023,2025-11-09,2023-03,features_attributes.csv
CUS_0x72b7,Moonz,36,456-62-9690,Architect,1/3/2023,2025-11-09,2023-03,features_attributes.csv
CUS_0x72f3,Nick Brownl,35,054-62-4543,Media_Manager,1/3/2023,2025-11-09,2023-03,features_attributes.csv
CUS_0x7348,Ilaina Jonasu,49,230-65-4556,Journalist,1/3/2023,2025-11-09,2023-03,features_attributes.csv
CUS_0x7351,MacLellanz,35,090-19-3561,Writer,1/3/2023,2025-11-09,2023-03,features_attributes.csv
CUS_0x7394,Emilye,40,299-85-9022,Developer,1/3/2023,2025-11-09,2023-03,features_attributes.csv
CUS_0x73e6,Sinead Cruisep,27,732-04-5437,Developer,1/3/2023,2025-11-09,2023-03,features_attributes.csv
CUS_0x74f2,Colew,30,755-18-0308,Architect,1/3/2023,2025-11-09,2023-03,features_attributes.csv
CUS_0x7517,Basesn,35,795-08-8326,Teacher,1/3/2023,2025-11-09,2023-03,features_attributes.csv
CUS_0x75fd,Fontes,28,359-56-5225,Doctor,1/3/2023,2025-11-09,2023-03,features_attributes.csv
CUS_0x763c,Andrew Calluse,54_,028-40-4770,Accountant,1/3/2023,2025-11-09,2023-03,features_attributes.csv
CUS_0x76c1,Jessicaf,4897,763-06-9169,_______,1/3/2023,2025-11-09,2023-03,features_attributes.csv
CUS_0x7721,Erwint,31,678-37-2131,Musician,1/3/2023,2025-11-09,2023-03,features_attributes.csv
CUS_0x77d1,Alpere,33,#F%$D@*&8,Accountant,1/3/2023,2025-11-09,2023-03,features_attributes.csv
CUS_0x785f,Joseph A.n,24,690-86-5300,Manager,1/3/2023,2025-11-09,2023-03,features_attributes.csv
CUS_0x7869,Layneh,-500,926-77-2617,Engineer,1/3/2023,2025-11-09,2023-03,features_attributes.csv
CUS_0x7884,Victoriag,42,438-88-2167,Developer,1/3/2023,2025-11-09,2023-03,features_attributes.csv
CUS_0x78ab,Robinp,52,534-36-8603,Accountant,1/3/2023,2025-11-09,2023-03,features_attributes.csv
CUS_0x78f,rian Ellsworthm,43,351-75-3508,Entrepreneur,1/3/2023,2025-11-09,2023-03,features_attributes.csv
CUS_0x78f8,Carvalhok,50,#F%$D@*&8,_______,1/3/2023,2025-11-09,2023-03,features_attributes.csv
CUS_0x7a0a,Papadimasq,54,828-80-4340,Entrepreneur,1/3/2023,2025-11-09,2023-03,features_attributes.csv
CUS_0x7bad,Rossp,45,502-87-6974,Writer,1/3/2023,2025-11-09,2023-03,features_attributes.csv
CUS_0x7c06,Fathiya Dahrule,51,494-74-7035,Accountant,1/3/2023,2025-11-09,2023-03,features_attributes.csv
CUS_0x7c97,Woodallo,45,115-44-9898,Developer,1/3/2023,2025-11-09,2023-03,features_attributes.csv
CUS_0x7d04,Valerie Volcovicin,18,#F%$D@*&8,Journalist,1/3/2023,2025-11-09,2023-03,features_attributes.csv
CUS_0x7d18,Mylesn,20,094-43-5058,Developer,1/3/2023,2025-11-09,2023-03,features_attributes.csv
CUS_0x7d64,Bilbyu,37,423-88-6945,Entrepreneur,1/3/2023,2025-11-09,2023-03,features_attributes.csv
CUS_0x7d65,Jasmin Melvins,43,029-29-2092,Developer,1/3/2023,2025-11-09,2023-03,features_attributes.csv
CUS_0x7dd5,Anna Drivero,19,059-66-6817,Media_Manager,1/3/2023,2025-11-09,2023-03,features_attributes.csv
CUS_0x8004,Browna,43,250-70-4756,Doctor,1/3/2023,2025-11-09,2023-03,features_attributes.csv
CUS_0x802,Gareth Jonesd,17,118-00-5190,Doctor,1/3/2023,2025-11-09,2023-03,features_attributes.csv
CUS_0x8036,Nathan Laynei,46,102-56-8758,_______,1/3/2023,2025-11-09,2023-03,features_attributes.csv
CUS_0x80e2,Reiji Murail,36,854-78-0713,Engineer,1/3/2023,2025-11-09,2023-03,features_attributes.csv
CUS_0x812d,Mlcochovax,44,607-70-4191,Mechanic,1/3/2023,2025-11-09,2023-03,features_attributes.csv
CUS_0x81b9,Tim Kellyb,52,398-46-1818,Engineer,1/3/2023,2025-11-09,2023-03,features_attributes.csv
CUS_0x8225,Sarmientop,33,355-03-6809,Doctor,1/3/2023,2025-11-09,2023-03,features_attributes.csv
CUS_0x8237,Cowane,45,151-67-7572,Mechanic,1/3/2023,2025-11-09,2023-03,features_attributes.csv
CUS_0x828f,Sd,28,922-74-5425,Entrepreneur,1/3/2023,2025-11-09,2023-03,features_attributes.csv
CUS_0x82c4,Alistaira,27,645-13-3481,Media_Manager,1/3/2023,2025-11-09,2023-03,features_attributes.csv
CUS_0x82fc,Ed Stoddardq,18,867-26-3831,Teacher,1/3/2023,2025-11-09,2023-03,features_attributes.csv
CUS_0x8327,Wroughtone,40,590-97-4255,Engineer,1/3/2023,2025-11-09,2023-03,features_attributes.csv
CUS_0x838c,Robert Hetzr,3367,522-50-5723,Journalist,1/3/2023,2025-11-09,2023-03,features_attributes.csv
CUS_0x83f5,Klaymanm,27,912-04-6363,Developer,1/3/2023,2025-11-09,2023-03,features_attributes.csv
CUS_0x843d,Ryan Vlastelicak,41_,134-80-6824,Teacher,1/3/2023,2025-11-09,2023-03,features_attributes.csv
CUS_0x850b,Rick Rothackern,43_,162-89-5076,_______,1/3/2023,2025-11-09,2023-03,features_attributes.csv
CUS_0x8526,Lashv,21_,327-13-6605,_______,1/3/2023,2025-11-09,2023-03,features_attributes.csv
CUS_0x861a,Baertleinn,16_,973-17-0279,Scientist,1/3/2023,2025-11-09,2023-03,features_attributes.csv
CUS_0x8647,Uranakah,21,692-38-8769,Teacher,1/3/2023,2025-11-09,2023-03,features_attributes.csv
CUS_0x867f,Clarken,27,834-62-2160,Musician,1/3/2023,2025-11-09,2023-03,features_attributes.csv
CUS_0x86a7,Alexei Oreskovicl,1792,009-03-6050,Accountant,1/3/2023,2025-11-09,2023-03,features_attributes.csv
CUS_0x86ce,Katharinac,32,984-29-2530,_______,1/3/2023,2025-11-09,2023-03,features_attributes.csv
CUS_0x86dd,Stebbinsl,22,160-52-9463,Doctor,1/3/2023,2025-11-09,2023-03,features_attributes.csv
CUS_0x86e,Robert Gibbonsm,43,316-32-6874,Engineer,1/3/2023,2025-11-09,2023-03,features_attributes.csv
CUS_0x86fa,Jonese,27,720-82-4374,Entrepreneur,1/3/2023,2025-11-09,2023-03,features_attributes.csv
CUS_0x8727,Greg Roumeliotisx,24,999-92-7186,Architect,1/3/2023,2025-11-09,2023-03,features_attributes.csv
CUS_0x8788,Sophie Sassardv,25,138-38-7150,Musician,1/3/2023,2025-11-09,2023-03,features_attributes.csv
CUS_0x8798,Antonella Cinelliv,46,685-55-7349,Architect,1/3/2023,2025-11-09,2023-03,features_attributes.csv
CUS_0x87d5,N.w,39,737-08-2499,Writer,1/3/2023,2025-11-09,2023-03,features_attributes.csv
CUS_0x87ec,Roumeliotisu,25,911-75-7932,Engineer,1/3/2023,2025-11-09,2023-03,features_attributes.csv
CUS_0x8898,Olesya Dmitracovah,27,304-61-2436,Scientist,1/3/2023,2025-11-09,2023-03,features_attributes.csv
CUS_0x8924,"ODonnell\"r",40,343-62-3057,Lawyer,1/3/2023,2025-11-09,2023-03,features_attributes.csv
CUS_0x8a03,Alexei Oreskovicr,31,115-90-3148,_______,1/3/2023,2025-11-09,2023-03,features_attributes.csv
CUS_0x8b02,Oreskovicf,28,512-93-1332,Accountant,1/3/2023,2025-11-09,2023-03,features_attributes.csv
CUS_0x8bf5,Seetharamanv,37,487-63-4849,Musician,1/3/2023,2025-11-09,2023-03,features_attributes.csv
CUS_0x8d2,Ln,37,183-30-2570,Entrepreneur,1/3/2023,2025-11-09,2023-03,features_attributes.csv
CUS_0x8d56,George Georgiopoulosv,37_,063-47-6931,Engineer,1/3/2023,2025-11-09,2023-03,features_attributes.csv
CUS_0x8d6e,Andrew Callust,16,436-98-0578,Doctor,1/3/2023,2025-11-09,2023-03,features_attributes.csv
CUS_0x8dc6,Soyoung Kimy,37,913-47-2738,Journalist,1/3/2023,2025-11-09,2023-03,features_attributes.csv
CUS_0x8df0,Martinner,17,268-76-4008,_______,1/3/2023,2025-11-09,2023-03,features_attributes.csv
CUS_0x8e5b,Lindaz,38,145-16-7811,Mechanic,1/3/2023,2025-11-09,2023-03,features_attributes.csv
CUS_0x8e93,Turnerl,38,086-95-0897,Writer,1/3/2023,2025-11-09,2023-03,features_attributes.csv
CUS_0x8fa8,Marjad,51,774-87-0981,Media_Manager,1/3/2023,2025-11-09,2023-03,features_attributes.csv
CUS_0x9123,Poornima Guptaj,35,852-62-5449,Mechanic,1/3/2023,2025-11-09,2023-03,features_attributes.csv
CUS_0x9178,Klaymanh,20,#F%$D@*&8,Lawyer,1/3/2023,2025-11-09,2023-03,features_attributes.csv
CUS_0x9215,Nickk,33,749-11-6940,Media_Manager,1/3/2023,2025-11-09,2023-03,features_attributes.csv
CUS_0x925f,B.w,46,946-11-1039,Entrepreneur,1/3/2023,2025-11-09,2023-03,features_attributes.csv
CUS_0x9288,Lauren Tarah,20,850-92-6811,Scientist,1/3/2023,2025-11-09,2023-03,features_attributes.csv
CUS_0x931c,Hubbardy,20,183-55-0659,Doctor,1/3/2023,2025-11-09,2023-03,features_attributes.csv
CUS_0x9394,Berginz,35,253-99-1738,Manager,1/3/2023,2025-11-09,2023-03,features_attributes.csv
CUS_0x9428,Stevej,30,637-66-0198,Engineer,1/3/2023,2025-11-09,2023-03,features_attributes.csv
CUS_0x942c,Nicks,25,078-73-5990,Mechanic,1/3/2023,2025-11-09,2023-03,features_attributes.csv
CUS_0x9510,Janw,32,754-01-5850,Engineer,1/3/2023,2025-11-09,2023-03,features_attributes.csv
CUS_0x9587,Greg Roumeliotisk,20,#F%$D@*&8,Engineer,1/3/2023,2025-11-09,2023-03,features_attributes.csv
CUS_0x9614,Chees,28,892-09-1255,_______,1/3/2023,2025-11-09,2023-03,features_attributes.csv
CUS_0x9657,Katharina Barty,23,582-20-3144,Teacher,1/3/2023,2025-11-09,2023-03,features_attributes.csv
CUS_0x96e7,Stephen Brownb,25,523-66-3202,Lawyer,1/3/2023,2025-11-09,2023-03,features_attributes.csv
CUS_0x97f8,Junko Fujitaz,55,615-81-3842,Lawyer,1/3/2023,2025-11-09,2023-03,features_attributes.csv
CUS_0x988d,Chadbournz,42,037-10-7907,Writer,1/3/2023,2025-11-09,2023-03,features_attributes.csv
CUS_0x98ba,Katharina Bartc,35,750-09-5349,Entrepreneur,1/3/2023,2025-11-09,2023-03,features_attributes.csv
CUS_0x98d4,Barkinl,33,784-94-1164,Manager,1/3/2023,2025-11-09,2023-03,features_attributes.csv
CUS_0x9944,Erwin Sebae,39,359-31-4000,Teacher,1/3/2023,2025-11-09,2023-03,features_attributes.csv
CUS_0x9951,Doug Palmerf,41,735-73-7454,Teacher,1/3/2023,2025-11-09,2023-03,features_attributes.csv
CUS_0x9953,Arunah,43,792-02-6835,Journalist,1/3/2023,2025-11-09,2023-03,features_attributes.csv
CUS_0x99b8,Rick Rothackere,31_,549-24-4637,Manager,1/3/2023,2025-11-09,2023-03,features_attributes.csv
CUS_0x9a42,Schombergr,34,093-30-0257,Architect,1/3/2023,2025-11-09,2023-03,features_attributes.csv
CUS_0x9a88,Jan Strupczewskiy,25,792-12-6717,Journalist,1/3/2023,2025-11-09,2023-03,features_attributes.csv
CUS_0x9ab3,Mattf,40,810-50-2169,Writer,1/3/2023,2025-11-09,2023-03,features_attributes.csv
CUS_0x9ae3,Boksenbaum-Granier Leilaq,14,339-72-7902,Media_Manager,1/3/2023,2025-11-09,2023-03,features_attributes.csv
CUS_0x9b20,Raymondr,36,746-63-3604,Entrepreneur,1/3/2023,2025-11-09,2023-03,features_attributes.csv
CUS_0x9bbc,Solarina Hoc,21,456-23-6568,Doctor,1/3/2023,2025-11-09,2023-03,features_attributes.csv
CUS_0x9bda,"ODonnell\"v",31,957-88-8642,Entrepreneur,1/3/2023,2025-11-09,2023-03,features_attributes.csv
CUS_0x9c71,asilt,35,788-74-3739,Developer,1/3/2023,2025-11-09,2023-03,features_attributes.csv
CUS_0x9c95,Adegokej,49,667-92-0559,Architect,1/3/2023,2025-11-09,2023-03,features_attributes.csv
CUS_0x9ce7,Viswanathaf,17,874-82-0096,Teacher,1/3/2023,2025-11-09,2023-03,features_attributes.csv
CUS_0x9d83,"\"Johnc",20,466-27-9258,Doctor,1/3/2023,2025-11-09,2023-03,features_attributes.csv
CUS_0x9dee,Alwyni,38,967-09-1574,Architect,1/3/2023,2025-11-09,2023-03,features_attributes.csv
CUS_0x9e18,Woodalle,23,403-95-3770,Teacher,1/3/2023,2025-11-09,2023-03,features_attributes.csv
CUS_0x9e3,Suzanne Barlyni,14,795-25-5894,Developer,1/3/2023,2025-11-09,2023-03,features_attributes.csv
CUS_0x9e5b,Scotty,26,173-43-7218,Manager,1/3/2023,2025-11-09,2023-03,features_attributes.csv
CUS_0x9eb9,Longstrethi,39,#F%$D@*&8,Entrepreneur,1/3/2023,2025-11-09,2023-03,features_attributes.csv
CUS_0x9ec9,Brucep,24,946-36-0628,Doctor,1/3/2023,2025-11-09,2023-03,features_attributes.csv
CUS_0x9ed8,Geigerl,55,485-62-0659,Writer,1/3/2023,2025-11-09,2023-03,features_attributes.csv
CUS_0x9eef,Maushagens,43,640-76-5288,Engineer,1/3/2023,2025-11-09,2023-03,features_attributes.csv
CUS_0x9f77,Brq,20,807-63-6460,Developer,1/3/2023,2025-11-09,2023-03,features_attributes.csv
CUS_0x9f95,Estelles,26,166-65-6805,Mechanic,1/3/2023,2025-11-09,2023-03,features_attributes.csv
CUS_0x9fd7,Jeremy Gauntr,37,364-99-7073,Developer,1/3/2023,2025-11-09,2023-03,features_attributes.csv
CUS_0xa001,Leighs,27,006-12-2174,Developer,1/3/2023,2025-11-09,2023-03,features_attributes.csv
CUS_0xa009,Rick Rothackert,27,534-99-4357,_______,1/3/2023,2025-11-09,2023-03,features_attributes.csv
CUS_0xa08e,Philipw,-500,168-64-8956,Doctor,1/3/2023,2025-11-09,2023-03,features_attributes.csv
CUS_0xa095,Stk,20,419-43-3967,Architect,1/3/2023,2025-11-09,2023-03,features_attributes.csv
CUS_0xa0b,Bruceg,16,440-85-2711,Writer,1/3/2023,2025-11-09,2023-03,features_attributes.csv
CUS_0xa0ba,Skariachanq,47,135-53-1643,Writer,1/3/2023,2025-11-09,2023-03,features_attributes.csv
CUS_0xa0dc,Masong,49,596-48-5931,Mechanic,1/3/2023,2025-11-09,2023-03,features_attributes.csv
CUS_0xa0ea,Lukes,15,961-44-0305,_______,1/3/2023,2025-11-09,2023-03,features_attributes.csv
CUS_0xa0ff,Cheno,19,783-46-9722,Engineer,1/3/2023,2025-11-09,2023-03,features_attributes.csv
CUS_0xa160,Yukhananovt,44,118-84-2966,Media_Manager,1/3/2023,2025-11-09,2023-03,features_attributes.csv
CUS_0xa212,Bakerw,30,068-21-0328,Manager,1/3/2023,2025-11-09,2023-03,features_attributes.csv
CUS_0xa22a,Kajimotol,24,505-29-1719,Architect,1/3/2023,2025-11-09,2023-03,features_attributes.csv
CUS_0xa2c5,Sam Forgioneb,38,216-22-6346,Teacher,1/3/2023,2025-11-09,2023-03,features_attributes.csv
CUS_0xa2d7,Toyers,45,344-37-5737,Writer,1/3/2023,2025-11-09,2023-03,features_attributes.csv
CUS_0xa303,Sveag,30,#F%$D@*&8,Manager,1/3/2023,2025-11-09,2023-03,features_attributes.csv
CUS_0xa3b8,Michele Kambasw,19,653-49-1055,Developer,1/3/2023,2025-11-09,2023-03,features_attributes.csv
CUS_0xa442,Sonaliv,22,518-48-0138,Lawyer,1/3/2023,2025-11-09,2023-03,features_attributes.csv
CUS_0xa479,Andrea Shalal-Esax,42,152-83-6973,Manager,1/3/2023,2025-11-09,2023-03,features_attributes.csv
CUS_0xa4d0,Aruna Viswanathah,28,#F%$D@*&8,Teacher,1/3/2023,2025-11-09,2023-03,features_attributes.csv
CUS_0xa4e0,Ryanv,31,567-89-8331,Teacher,1/3/2023,2025-11-09,2023-03,features_attributes.csv
CUS_0xa4e9,Camposk,27,168-74-9556,Journalist,1/3/2023,2025-11-09,2023-03,features_attributes.csv
CUS_0xa4f6,Zieminskiq,26,606-38-9646,_______,1/3/2023,2025-11-09,2023-03,features_attributes.csv
CUS_0xa59,enh,37,566-36-5614,Journalist,1/3/2023,2025-11-09,2023-03,features_attributes.csv
CUS_0xa59d,Kimj,38,#F%$D@*&8,Architect,1/3/2023,2025-11-09,2023-03,features_attributes.csv
CUS_0xa610,Strupczewskid,38,548-77-4930,Accountant,1/3/2023,2025-11-09,2023-03,features_attributes.csv
CUS_0xa62f,Alistair Barrm,33,053-99-4731,Musician,1/3/2023,2025-11-09,2023-03,features_attributes.csv
CUS_0xa6dc,Chuck Mikolajczakq,28,#F%$D@*&8,Architect,1/3/2023,2025-11-09,2023-03,features_attributes.csv
CUS_0xa70f,Reaneya,45,338-92-1938,Accountant,1/3/2023,2025-11-09,2023-03,features_attributes.csv
CUS_0xa7f3,"ODonnell\"o",30,821-77-6249,Teacher,1/3/2023,2025-11-09,2023-03,features_attributes.csv
CUS_0xa86,Sonya Dowsetti,40,965-66-6963,Scientist,1/3/2023,2025-11-09,2023-03,features_attributes.csv
CUS_0xa861,Danielm,45,598-53-8603,Engineer,1/3/2023,2025-11-09,2023-03,features_attributes.csv
CUS_0xa88c,Fargef,22,#F%$D@*&8,Manager,1/3/2023,2025-11-09,2023-03,features_attributes.csv
CUS_0xa9a8,en Klaymano,37,310-21-8167,Musician,1/3/2023,2025-11-09,2023-03,features_attributes.csv
CUS_0xa9b4,Christiaanh,36,533-99-1412,Developer,1/3/2023,2025-11-09,2023-03,features_attributes.csv
CUS_0xa9e,Dave Clarkej,37,644-91-0094,Architect,1/3/2023,2025-11-09,2023-03,features_attributes.csv
CUS_0xaa0d,Sheppardq,40,423-37-0253,Doctor,1/3/2023,2025-11-09,2023-03,features_attributes.csv
CUS_0xaa62,Tommyl,45,059-43-1970,Teacher,1/3/2023,2025-11-09,2023-03,features_attributes.csv
CUS_0xab43,Groverj,31,466-71-2863,Manager,1/3/2023,2025-11-09,2023-03,features_attributes.csv
CUS_0xabbd,Felsenthali,22,#F%$D@*&8,Scientist,1/3/2023,2025-11-09,2023-03,features_attributes.csv
CUS_0xabf6,Klaymanv,39,391-94-1112,Mechanic,1/3/2023,2025-11-09,2023-03,features_attributes.csv
CUS_0xac5c,Matthiasa,35,899-94-5376,_______,1/3/2023,2025-11-09,2023-03,features_attributes.csv
CUS_0xac95,B.x,51,710-27-1475,Lawyer,1/3/2023,2025-11-09,2023-03,features_attributes.csv
CUS_0xacd4,Ransdellf,37,988-25-1226,Manager,1/3/2023,2025-11-09,2023-03,features_attributes.csv
CUS_0xad7e,Stevex,25,304-40-0948,Engineer,1/3/2023,2025-11-09,2023-03,features_attributes.csv
CUS_0xad87,Yoko Kubotah,24_,743-13-8477,Entrepreneur,1/3/2023,2025-11-09,2023-03,features_attributes.csv
CUS_0xae2e,Afanasievar,27,909-46-6100,_______,1/3/2023,2025-11-09,2023-03,features_attributes.csv
CUS_0xae47,Tomk,14,368-25-5594,Doctor,1/3/2023,2025-11-09,2023-03,features_attributes.csv
CUS_0xaed2,Valetkevitchv,42,169-61-6035,Manager,1/3/2023,2025-11-09,2023-03,features_attributes.csv
CUS_0xaef8,Vlastelicax,24,570-73-5343,Scientist,1/3/2023,2025-11-09,2023-03,features_attributes.csv
CUS_0xafda,Martinne Gellerx,38,447-90-3330,Musician,1/3/2023,2025-11-09,2023-03,features_attributes.csv
CUS_0xb029,Matthieuo,27,767-78-6130,Engineer,1/3/2023,2025-11-09,2023-03,features_attributes.csv
CUS_0xb031,Vladimirn,36_,433-04-2393,Entrepreneur,1/3/2023,2025-11-09,2023-03,features_attributes.csv
CUS_0xb07d,Georgina Prodhanz,24,187-48-0283,Developer,1/3/2023,2025-11-09,2023-03,features_attributes.csv
CUS_0xb130,Karina Grazinaa,30,040-41-0981,Entrepreneur,1/3/2023,2025-11-09,2023-03,features_attributes.csv
CUS_0xb153,Chuck Mikolajczaku,42,417-39-7961,Lawyer,1/3/2023,2025-11-09,2023-03,features_attributes.csv
CUS_0xb1a0,Wachtelm,17,249-90-4145,Lawyer,1/3/2023,2025-11-09,2023-03,features_attributes.csv
CUS_0xb1ca,Wanfeng Zhouf,41,749-18-3715,Entrepreneur,1/3/2023,2025-11-09,2023-03,features_attributes.csv
CUS_0xb1f6,Ananthalakshmie,40,830-00-3552,Manager,1/3/2023,2025-11-09,2023-03,features_attributes.csv
CUS_0xb2a9,Alistaird,38,171-89-1108,Doctor,1/3/2023,2025-11-09,2023-03,features_attributes.csv
CUS_0xb378,Agnieszkae,49,757-87-5016,Journalist,1/3/2023,2025-11-09,2023-03,features_attributes.csv
CUS_0xb3aa,Jonathan Stempelr,19,275-61-6396,Scientist,1/3/2023,2025-11-09,2023-03,features_attributes.csv
CUS_0xb462,Elzio Barretoc,54,982-59-1518,Teacher,1/3/2023,2025-11-09,2023-03,features_attributes.csv
CUS_0xb471,Herbertt,43,091-55-3723,Developer,1/3/2023,2025-11-09,2023-03,features_attributes.csv
CUS_0xb508,yv,26,106-55-1522,Entrepreneur,1/3/2023,2025-11-09,2023-03,features_attributes.csv
CUS_0xb538,Norihiko Shirouzui,16,760-11-8872,Musician,1/3/2023,2025-11-09,2023-03,features_attributes.csv
CUS_0xb5d7,Julien Toyerq,8421,372-31-6244,Lawyer,1/3/2023,2025-11-09,2023-03,features_attributes.csv
CUS_0xb5ff,Nateg,33,060-81-1328,Media_Manager,1/3/2023,2025-11-09,2023-03,features_attributes.csv
CUS_0xb634,Donny Kwoka,42,399-60-8339,Entrepreneur,1/3/2023,2025-11-09,2023-03,features_attributes.csv
CUS_0xb645,Michaele,38,#F%$D@*&8,Engineer,1/3/2023,2025-11-09,2023-03,features_attributes.csv
CUS_0xb689,Crawleyp,19,944-24-4212,Scientist,1/3/2023,2025-11-09,2023-03,features_attributes.csv
CUS_0xb6b1,Parragag,41,667-44-5475,Entrepreneur,1/3/2023,2025-11-09,2023-03,features_attributes.csv
CUS_0xb704,John McCrankn,25,014-38-0810,Writer,1/3/2023,2025-11-09,2023-03,features_attributes.csv
CUS_0xb74c,Huw Jonest,33,687-42-0262,_______,1/3/2023,2025-11-09,2023-03,features_attributes.csv
CUS_0xb793,Damouniw,24_,405-60-2301,Teacher,1/3/2023,2025-11-09,2023-03,features_attributes.csv
CUS_0xb7f1,Browno,38,#F%$D@*&8,Lawyer,1/3/2023,2025-11-09,2023-03,features_attributes.csv
CUS_0xb804,Kyliee,48,005-21-1851,Musician,1/3/2023,2025-11-09,2023-03,features_attributes.csv
CUS_0xb891,Jasond,55,072-31-6145,Entrepreneur,1/3/2023,2025-11-09,2023-03,features_attributes.csv
CUS_0xb8d4,Jan Strupczewskid,33,362-15-7400,Entrepreneur,1/3/2023,2025-11-09,2023-03,features_attributes.csv
CUS_0xb9c9,Lucianab,19,375-46-0915,_______,1/3/2023,2025-11-09,2023-03,features_attributes.csv
CUS_0xb9ef,Cremerc,40,898-63-6787,Manager,1/3/2023,2025-11-09,2023-03,features_attributes.csv
CUS_0xba03,Bernabeiz,45,548-66-1159,_______,1/3/2023,2025-11-09,2023-03,features_attributes.csv
CUS_0xba92,Luciag,39,847-80-5900,Writer,1/3/2023,2025-11-09,2023-03,features_attributes.csv
CUS_0xbaab,Leskew,21,420-43-4881,Accountant,1/3/2023,2025-11-09,2023-03,features_attributes.csv
CUS_0xbab1,Miyounga,44,499-69-3389,Lawyer,1/3/2023,2025-11-09,2023-03,features_attributes.csv
CUS_0xbb7,Chuck Mikolajczakf,19,780-64-0604,Journalist,1/3/2023,2025-11-09,2023-03,features_attributes.csv
CUS_0xbccb,Natep,45_,514-06-0714,Engineer,1/3/2023,2025-11-09,2023-03,features_attributes.csv
CUS_0xbd4b,Doug Palmers,36,266-63-8069,Musician,1/3/2023,2025-11-09,2023-03,features_attributes.csv
CUS_0xbeb8,Diane Bartzw,35,403-31-1021,Entrepreneur,1/3/2023,2025-11-09,2023-03,features_attributes.csv
CUS_0xbf82,Joseph Axa,6744_,768-22-1294,Developer,1/3/2023,2025-11-09,2023-03,features_attributes.csv
CUS_0xbfd,Charlie Zhuq,39,828-42-8328,Mechanic,1/3/2023,2025-11-09,2023-03,features_attributes.csv
CUS_0xbfe7,Doris Frankelg,22,171-94-6968,Teacher,1/3/2023,2025-11-09,2023-03,features_attributes.csv
CUS_0xc065,Ermanw,48,#F%$D@*&8,Accountant,1/3/2023,2025-11-09,2023-03,features_attributes.csv
CUS_0xc14e,Ellen Freilichd,7410,073-88-2612,Engineer,1/3/2023,2025-11-09,2023-03,features_attributes.csv
CUS_0xc190,Caroline Valetkevitchj,26,876-14-5901,Developer,1/3/2023,2025-11-09,2023-03,features_attributes.csv
CUS_0xc492,Lauf,35,886-01-0009,Manager,1/3/2023,2025-11-09,2023-03,features_attributes.csv
CUS_0xc4ee,Wangg,42,224-66-9981,Architect,1/3/2023,2025-11-09,2023-03,features_attributes.csv
CUS_0xc570,Neil Maidmentv,37,558-90-7115,Developer,1/3/2023,2025-11-09,2023-03,features_attributes.csv
CUS_0xc58,Daniel Flynnt,45,398-06-7978,Developer,1/3/2023,2025-11-09,2023-03,features_attributes.csv
CUS_0xc5a0,Gillesb,20_,650-73-8163,Manager,1/3/2023,2025-11-09,2023-03,features_attributes.csv
CUS_0xc683,Tim Kellyh,26,246-48-2462,Writer,1/3/2023,2025-11-09,2023-03,features_attributes.csv
CUS_0xc81,Skariachanm,41,554-34-3994,Doctor,1/3/2023,2025-11-09,2023-03,features_attributes.csv
CUS_0xcf8,Lucian,38,039-13-0256,Musician,1/3/2023,2025-11-09,2023-03,features_attributes.csv
CUS_0xd66,David Henryq,44,224-51-2369,Musician,1/3/2023,2025-11-09,2023-03,features_attributes.csv
CUS_0xdcc,Schererm,39,317-53-8005,Accountant,1/3/2023,2025-11-09,2023-03,features_attributes.csv
CUS_0xe3b,Jim Wolfn,16,580-75-3047,Manager,1/3/2023,2025-11-09,2023-03,features_attributes.csv
CUS_0xebc,McMillant,33,022-23-5391,Media_Manager,1/3/2023,2025-11-09,2023-03,features_attributes.csv
CUS_0xf16,Maria Sheahanb,45,868-70-2218,Media_Manager,1/3/2023,2025-11-09,2023-03,features_attributes.csv
CUS_0xf21,Greg Roumeliotise,39,040-81-5039,Media_Manager,1/3/2023,2025-11-09,2023-03,features_attributes.csv
CUS_0xf4d,Yuntaor,20,855-72-4023,Lawyer,1/3/2023,2025-11-09,2023-03,features_attributes.csv
CUS_0xfa7,Joseph Axe,35,703-73-1678,Entrepreneur,1/3/2023,2025-11-09,2023-03,features_attributes.csv
CUS_0xfac,Gregv,32,058-63-9425,Manager,1/3/2023,2025-11-09,2023-03,features_attributes.csv
CUS_0xfae,Piersonk,16,869-01-8056,Architect,1/3/2023,2025-11-09,2023-03,features_attributes.csv
