Customer_ID,Name,Age,SSN,Occupation,snapshot_date,ingest_dt,snap_ym,source_file
CUS_0x10aa,Carey Gillama,20,101-00-4424,Musician,1/2/2023,2025-11-09,2023-02,features_attributes.csv
CUS_0x113e,Ransdell Piersono,45,542-14-0249,Manager,1/2/2023,2025-11-09,2023-02,features_attributes.csv
CUS_0x1140,Jennifer Sabal,31,141-17-2233,Accountant,1/2/2023,2025-11-09,2023-02,features_attributes.csv
CUS_0x1155,Wohld,41,189-76-0870,Developer,1/2/2023,2025-11-09,2023-02,features_attributes.csv
CUS_0x1252,Irene Preisingera,28,938-09-5300,Entrepreneur,1/2/2023,2025-11-09,2023-02,features_attributes.csv
CUS_0x129b,N.w,24,#F%$D@*&8,Entrepreneur,1/2/2023,2025-11-09,2023-02,features_attributes.csv
CUS_0x12a6,Natem,25,191-09-1571,Manager,1/2/2023,2025-11-09,2023-02,features_attributes.csv
CUS_0x135c,Brownc,41,594-39-3524,_______,1/2/2023,2025-11-09,2023-02,features_attributes.csv
CUS_0x1452,Sarah Whited,41,976-05-6851,Architect,1/2/2023,2025-11-09,2023-02,features_attributes.csv
CUS_0x14d5,Kirstinz,37,476-48-0347,Engineer,1/2/2023,2025-11-09,2023-02,features_attributes.csv
CUS_0x15b7,Anna Driverc,37,#F%$D@*&8,Engineer,1/2/2023,2025-11-09,2023-02,features_attributes.csv
CUS_0x160a,Fergus Jenseny,27,262-33-6347,_______,1/2/2023,2025-11-09,2023-02,features_attributes.csv
CUS_0x164a,Alistairj,41,580-12-6259,Entrepreneur,1/2/2023,2025-11-09,2023-02,features_attributes.csv
CUS_0x16a4,Sakari Suoninenr,36,550-63-8553,Architect,1/2/2023,2025-11-09,2023-02,features_attributes.csv
CUS_0x17bb,Aarony,39,691-17-1432,Architect,1/2/2023,2025-11-09,2023-02,features_attributes.csv
CUS_0x185e,Henry Foya,47,410-17-8287,Lawyer,1/2/2023,2025-11-09,2023-02,features_attributes.csv
CUS_0x1881,Alisterh,36,580-26-8686,Entrepreneur,1/2/2023,2025-11-09,2023-02,features_attributes.csv
CUS_0x1899,Pineaun,43_,694-91-8333,Writer,1/2/2023,2025-11-09,2023-02,features_attributes.csv
CUS_0x18ac,Liana B.g,39,749-91-6133,Scientist,1/2/2023,2025-11-09,2023-02,features_attributes.csv
CUS_0x18d7,Smithy,15,761-38-3436,Scientist,1/2/2023,2025-11-09,2023-02,features_attributes.csv
CUS_0x1902,Melindai,43_,346-08-4265,Lawyer,1/2/2023,2025-11-09,2023-02,features_attributes.csv
CUS_0x191b,Yunx,55,842-62-4462,Accountant,1/2/2023,2025-11-09,2023-02,features_attributes.csv
CUS_0x1934,Sophieh,42,170-20-9873,Entrepreneur,1/2/2023,2025-11-09,2023-02,features_attributes.csv
CUS_0x1993,Tim Hepherj,19,225-64-5116,Teacher,1/2/2023,2025-11-09,2023-02,features_attributes.csv
CUS_0x19a8,Victoriav,-500,738-50-7769,Musician,1/2/2023,2025-11-09,2023-02,features_attributes.csv
CUS_0x1a18,Yoko Kubotaw,17,800-90-7191,Lawyer,1/2/2023,2025-11-09,2023-02,features_attributes.csv
CUS_0x1b9a,Leika Kiharaq,20,195-20-9615,_______,1/2/2023,2025-11-09,2023-02,features_attributes.csv
CUS_0x1c47,Lu Jianxinh,24,239-32-4017,Mechanic,1/2/2023,2025-11-09,2023-02,features_attributes.csv
CUS_0x1c61,t Astridn,25,055-60-0860,Entrepreneur,1/2/2023,2025-11-09,2023-02,features_attributes.csv
CUS_0x1dbd,Steve Slaterm,22,699-27-2330,Developer,1/2/2023,2025-11-09,2023-02,features_attributes.csv
CUS_0x1de6,Moonr,14,024-88-0191,_______,1/2/2023,2025-11-09,2023-02,features_attributes.csv
CUS_0x1e5e,Sophie Sassardi,34,464-14-7094,Engineer,1/2/2023,2025-11-09,2023-02,features_attributes.csv
CUS_0x1ef7,Paritoshm,32,#F%$D@*&8,Engineer,1/2/2023,2025-11-09,2023-02,features_attributes.csv
CUS_0x1eff,Anjuli Daviesq,29,788-07-1050,Developer,1/2/2023,2025-11-09,2023-02,features_attributes.csv
CUS_0x1f3d,Sonya Dowsettv,23,744-22-1964,Teacher,1/2/2023,2025-11-09,2023-02,features_attributes.csv
CUS_0x204a,Katyak,14,206-58-3439,Writer,1/2/2023,2025-11-09,2023-02,features_attributes.csv
CUS_0x2108,Tim McLaughlinr,32,223-81-4626,Musician,1/2/2023,2025-11-09,2023-02,features_attributes.csv
CUS_0x2168,Robinh,29,113-94-0469,Mechanic,1/2/2023,2025-11-09,2023-02,features_attributes.csv
CUS_0x2171,Mark Felsenthalr,26,704-85-3416,Journalist,1/2/2023,2025-11-09,2023-02,features_attributes.csv
CUS_0x2174,Wohlg,36,061-24-0681,Manager,1/2/2023,2025-11-09,2023-02,features_attributes.csv
CUS_0x21b6,Kyleb,49,838-36-2359,Developer,1/2/2023,2025-11-09,2023-02,features_attributes.csv
CUS_0x2216,Novaku,24,248-06-6300,Mechanic,1/2/2023,2025-11-09,2023-02,features_attributes.csv
CUS_0x2218,Dash,35,984-57-8939,Architect,1/2/2023,2025-11-09,2023-02,features_attributes.csv
CUS_0x227e,Patrick Temple-Westu,21_,529-79-5221,Teacher,1/2/2023,2025-11-09,2023-02,features_attributes.csv
CUS_0x229f,all Davidt,45,547-53-2472,Scientist,1/2/2023,2025-11-09,2023-02,features_attributes.csv
CUS_0x22bc,Tom Berginn,20,588-02-4459,Manager,1/2/2023,2025-11-09,2023-02,features_attributes.csv
CUS_0x2344,Reddallj,16,709-46-6663,Doctor,1/2/2023,2025-11-09,2023-02,features_attributes.csv
CUS_0x2363,Jonathanm,23,380-39-9684,Mechanic,1/2/2023,2025-11-09,2023-02,features_attributes.csv
CUS_0x236b,Martinneo,25,575-63-7039,Manager,1/2/2023,2025-11-09,2023-02,features_attributes.csv
CUS_0x23c5,Sarah McBrideo,22,435-97-7668,Entrepreneur,1/2/2023,2025-11-09,2023-02,features_attributes.csv
CUS_0x24b2,Pedro Nicolacin,45,944-04-5625,Architect,1/2/2023,2025-11-09,2023-02,features_attributes.csv
CUS_0x24d7,McCooll,34,894-86-2765,Developer,1/2/2023,2025-11-09,2023-02,features_attributes.csv
CUS_0x25d8,Tim Hephero,49,373-55-7769,Architect,1/2/2023,2025-11-09,2023-02,features_attributes.csv
CUS_0x2602,John McCrankq,28,#F%$D@*&8,_______,1/2/2023,2025-11-09,2023-02,features_attributes.csv
CUS_0x2694,Ried,17,708-87-0866,Lawyer,1/2/2023,2025-11-09,2023-02,features_attributes.csv
CUS_0x269b,Miguel Gutierrezg,43_,615-23-3582,Teacher,1/2/2023,2025-11-09,2023-02,features_attributes.csv
CUS_0x269f,Jessica Toonkelo,35,890-67-9419,Writer,1/2/2023,2025-11-09,2023-02,features_attributes.csv
CUS_0x26e3,Giuseppe Fonteq,27,004-13-8448,Architect,1/2/2023,2025-11-09,2023-02,features_attributes.csv
CUS_0x26f8,Luciana Lopezi,26,745-83-5485,Engineer,1/2/2023,2025-11-09,2023-02,features_attributes.csv
CUS_0x2742,Rosenbergm,23,432-37-0614,Writer,1/2/2023,2025-11-09,2023-02,features_attributes.csv
CUS_0x27ae,Manoj Kumarl,38,641-84-8745,Doctor,1/2/2023,2025-11-09,2023-02,features_attributes.csv
CUS_0x284f,Emily Stephensonr,25,413-63-3434,Teacher,1/2/2023,2025-11-09,2023-02,features_attributes.csv
CUS_0x287f,Angela Moono,33,823-87-2119,Engineer,1/2/2023,2025-11-09,2023-02,features_attributes.csv
CUS_0x2951,Gregi,27,598-57-4270,Entrepreneur,1/2/2023,2025-11-09,2023-02,features_attributes.csv
CUS_0x2985,Spicerl,47,637-15-6300,Journalist,1/2/2023,2025-11-09,2023-02,features_attributes.csv
CUS_0x2a79,Sineadm,34,888-64-2878,Doctor,1/2/2023,2025-11-09,2023-02,features_attributes.csv
CUS_0x2b3c,Lucia Mutikanim,47,#F%$D@*&8,Accountant,1/2/2023,2025-11-09,2023-02,features_attributes.csv
CUS_0x2bc8,Patrick Vignalf,27_,851-73-1122,Architect,1/2/2023,2025-11-09,2023-02,features_attributes.csv
CUS_0x2bc9,Nateb,43,073-13-5403,Engineer,1/2/2023,2025-11-09,2023-02,features_attributes.csv
CUS_0x2bcb,ernardg,34,626-62-1606,Journalist,1/2/2023,2025-11-09,2023-02,features_attributes.csv
CUS_0x2bfb,ernieh,24,627-00-9103,Engineer,1/2/2023,2025-11-09,2023-02,features_attributes.csv
CUS_0x2cad,Richard Leongw,45,304-15-3108,Entrepreneur,1/2/2023,2025-11-09,2023-02,features_attributes.csv
CUS_0x2cc2,Miyoung Kime,29,235-51-5174,Writer,1/2/2023,2025-11-09,2023-02,features_attributes.csv
CUS_0x2d1e,Williamsw,27,613-01-1107,Engineer,1/2/2023,2025-11-09,2023-02,features_attributes.csv
CUS_0x2dbf,Abhishek Vishnoiw,52,370-51-2390,Musician,1/2/2023,2025-11-09,2023-02,features_attributes.csv
CUS_0x2dc0,Maria,37,610-55-7038,Accountant,1/2/2023,2025-11-09,2023-02,features_attributes.csv
CUS_0x2de3,Brettelln,55,053-51-0661,Manager,1/2/2023,2025-11-09,2023-02,features_attributes.csv
CUS_0x2e6e,Andreasf,25_,176-54-2609,Engineer,1/2/2023,2025-11-09,2023-02,features_attributes.csv
CUS_0x2ed5,Moonf,26,488-95-0151,Manager,1/2/2023,2025-11-09,2023-02,features_attributes.csv
CUS_0x3033,Tommyl,55,159-13-7415,Teacher,1/2/2023,2025-11-09,2023-02,features_attributes.csv
CUS_0x3053,Evag,19,968-36-4250,Writer,1/2/2023,2025-11-09,2023-02,features_attributes.csv
CUS_0x3061,Sruthid,30,991-78-2351,Scientist,1/2/2023,2025-11-09,2023-02,features_attributes.csv
CUS_0x30df,Melaniet,38,087-14-9721,Manager,1/2/2023,2025-11-09,2023-02,features_attributes.csv
CUS_0x316e,Yoko Kubotaw,33,036-55-7901,Engineer,1/2/2023,2025-11-09,2023-02,features_attributes.csv
CUS_0x3295,Vaughanp,31,052-66-2034,Writer,1/2/2023,2025-11-09,2023-02,features_attributes.csv
CUS_0x32dc,Parisax,41,432-90-3782,Teacher,1/2/2023,2025-11-09,2023-02,features_attributes.csv
CUS_0x32fb,Edwardsk,52,396-21-7163,Doctor,1/2/2023,2025-11-09,2023-02,features_attributes.csv
CUS_0x3393,Katharinai,40,061-14-3234,Accountant,1/2/2023,2025-11-09,2023-02,features_attributes.csv
CUS_0x33aa,Soyoungr,32,671-34-5569,Musician,1/2/2023,2025-11-09,2023-02,features_attributes.csv
CUS_0x33de,Lisal,4592,968-12-6596,Journalist,1/2/2023,2025-11-09,2023-02,features_attributes.csv
CUS_0x33f9,Natsukog,46,397-14-6010,Musician,1/2/2023,2025-11-09,2023-02,features_attributes.csv
CUS_0x343d,Joseph A.p,42,045-12-6597,Architect,1/2/2023,2025-11-09,2023-02,features_attributes.csv
CUS_0x34e9,Chene,45_,282-35-3231,Manager,1/2/2023,2025-11-09,2023-02,features_attributes.csv
CUS_0x351f,Woodallm,41,497-63-7268,Musician,1/2/2023,2025-11-09,2023-02,features_attributes.csv
CUS_0x353a,Praveenx,38,018-27-6780,Teacher,1/2/2023,2025-11-09,2023-02,features_attributes.csv
CUS_0x355c,Ricko,6378,244-48-6204,Lawyer,1/2/2023,2025-11-09,2023-02,features_attributes.csv
CUS_0x365b,Katharina Bartz,43,836-54-5001,Scientist,1/2/2023,2025-11-09,2023-02,features_attributes.csv
CUS_0x36a2,Onstadi,19,670-46-2510,Lawyer,1/2/2023,2025-11-09,2023-02,features_attributes.csv
CUS_0x3713,Seetharamanb,41,660-31-3335,Developer,1/2/2023,2025-11-09,2023-02,features_attributes.csv
CUS_0x377b,Norihiko Shirouzun,50,#F%$D@*&8,Scientist,1/2/2023,2025-11-09,2023-02,features_attributes.csv
CUS_0x37cd,Edwardo,40,371-36-1042,Manager,1/2/2023,2025-11-09,2023-02,features_attributes.csv
CUS_0x382f,Barreraz,16,601-28-4815,Entrepreneur,1/2/2023,2025-11-09,2023-02,features_attributes.csv
CUS_0x38b0,Ju-min Parkg,23,328-93-5711,Entrepreneur,1/2/2023,2025-11-09,2023-02,features_attributes.csv
CUS_0x38e1,Dayd,29,000-95-4380,Manager,1/2/2023,2025-11-09,2023-02,features_attributes.csv
CUS_0x3912,Ronald Groverk,53,#F%$D@*&8,Engineer,1/2/2023,2025-11-09,2023-02,features_attributes.csv
CUS_0x3925,Praveenj,20,236-45-3040,Journalist,1/2/2023,2025-11-09,2023-02,features_attributes.csv
CUS_0x3a28,Atanas Dinovf,42,668-80-7236,Scientist,1/2/2023,2025-11-09,2023-02,features_attributes.csv
CUS_0x3a38,Kwasij,40,660-83-7858,Doctor,1/2/2023,2025-11-09,2023-02,features_attributes.csv
CUS_0x3a40,Richard Leongt,29,833-84-9910,Architect,1/2/2023,2025-11-09,2023-02,features_attributes.csv
CUS_0x3a55,Browno,23,951-37-4835,Media_Manager,1/2/2023,2025-11-09,2023-02,features_attributes.csv
CUS_0x3a7e,Laurenn,53,350-16-4497,Architect,1/2/2023,2025-11-09,2023-02,features_attributes.csv
CUS_0x3a9e,Adamg,30,943-28-6353,Developer,1/2/2023,2025-11-09,2023-02,features_attributes.csv
CUS_0x3bfb,Jessica Toonkelu,37,110-79-6188,Architect,1/2/2023,2025-11-09,2023-02,features_attributes.csv
CUS_0x3c61,Luken,43,020-98-6690,Musician,1/2/2023,2025-11-09,2023-02,features_attributes.csv
CUS_0x3c82,Robin Emmottr,55,145-41-0611,Architect,1/2/2023,2025-11-09,2023-02,features_attributes.csv
CUS_0x3cb7,Sassarda,17,057-41-0231,Scientist,1/2/2023,2025-11-09,2023-02,features_attributes.csv
CUS_0x3cc2,Georgeb,29,327-15-6863,Accountant,1/2/2023,2025-11-09,2023-02,features_attributes.csv
CUS_0x3cc6,Shalal-Esao,26,127-68-0039,Doctor,1/2/2023,2025-11-09,2023-02,features_attributes.csv
CUS_0x3d58,Sinead Carewa,41,093-70-9090,Teacher,1/2/2023,2025-11-09,2023-02,features_attributes.csv
CUS_0x3d63,Herbert Lashj,42,275-19-2331,Engineer,1/2/2023,2025-11-09,2023-02,features_attributes.csv
CUS_0x3d99,Lionel Laurentb,46,776-42-6105,Accountant,1/2/2023,2025-11-09,2023-02,features_attributes.csv
CUS_0x3dfa,Swetha Gopinathp,24,958-06-6120,Manager,1/2/2023,2025-11-09,2023-02,features_attributes.csv
CUS_0x3e17,Langey,44,754-95-5102,Media_Manager,1/2/2023,2025-11-09,2023-02,features_attributes.csv
CUS_0x3e5c,Ransdell Piersone,51,466-86-1830,Scientist,1/2/2023,2025-11-09,2023-02,features_attributes.csv
CUS_0x3e68,Tetsushi Kajimotoo,30,808-05-1713,Media_Manager,1/2/2023,2025-11-09,2023-02,features_attributes.csv
CUS_0x3ea3,Michelle Conlink,42,717-18-8612,Teacher,1/2/2023,2025-11-09,2023-02,features_attributes.csv
CUS_0x3f1a,Naveenu,41,425-40-1781,Architect,1/2/2023,2025-11-09,2023-02,features_attributes.csv
CUS_0x3f3e,Al-Zaquanh,33,030-62-1209,Engineer,1/2/2023,2025-11-09,2023-02,features_attributes.csv
CUS_0x3f41,Jessicav,29,561-90-5717,Entrepreneur,1/2/2023,2025-11-09,2023-02,features_attributes.csv
CUS_0x3f5,Natalie Thomasp,30,335-62-4040,Mechanic,1/2/2023,2025-11-09,2023-02,features_attributes.csv
CUS_0x4021,Stephen Manganr,35,194-65-3904,Architect,1/2/2023,2025-11-09,2023-02,features_attributes.csv
CUS_0x4029,Ross Kerbera,45,608-72-7122,Architect,1/2/2023,2025-11-09,2023-02,features_attributes.csv
CUS_0x411a,enk,47,123-15-3150,Writer,1/2/2023,2025-11-09,2023-02,features_attributes.csv
CUS_0x4236,Noelq,52,114-87-5312,Media_Manager,1/2/2023,2025-11-09,2023-02,features_attributes.csv
CUS_0x432,Scottj,25,#F%$D@*&8,Writer,1/2/2023,2025-11-09,2023-02,features_attributes.csv
CUS_0x436d,Matthewh,49,605-53-6907,Manager,1/2/2023,2025-11-09,2023-02,features_attributes.csv
CUS_0x43be,Careyh,42,976-14-9766,Accountant,1/2/2023,2025-11-09,2023-02,features_attributes.csv
CUS_0x43fd,Maja Wallengrenl,23,235-91-8341,Mechanic,1/2/2023,2025-11-09,2023-02,features_attributes.csv
CUS_0x4423,Fletcherw,7723_,675-66-2016,Scientist,1/2/2023,2025-11-09,2023-02,features_attributes.csv
CUS_0x447f,Soyoung Kimu,19,425-00-6072,Journalist,1/2/2023,2025-11-09,2023-02,features_attributes.csv
CUS_0x44e8,Paul Dayb,35,113-89-3532,Manager,1/2/2023,2025-11-09,2023-02,features_attributes.csv
CUS_0x44fa,Josephe,28,186-24-4468,Doctor,1/2/2023,2025-11-09,2023-02,features_attributes.csv
CUS_0x452f,Emilyt,43,024-28-2627,Writer,1/2/2023,2025-11-09,2023-02,features_attributes.csv
CUS_0x4555,Lucia Mutikanip,34,#F%$D@*&8,Accountant,1/2/2023,2025-11-09,2023-02,features_attributes.csv
CUS_0x45aa,Jessica Dyeh,23,143-47-1477,Entrepreneur,1/2/2023,2025-11-09,2023-02,features_attributes.csv
CUS_0x468a,Mark Johny,47,247-60-3180,Journalist,1/2/2023,2025-11-09,2023-02,features_attributes.csv
CUS_0x46ce,Caroline Valetkevitchn,27,436-23-4266,Developer,1/2/2023,2025-11-09,2023-02,features_attributes.csv
CUS_0x46ff,Strupczewskih,36,846-58-3098,Lawyer,1/2/2023,2025-11-09,2023-02,features_attributes.csv
CUS_0x470c,Nicola Leskek,40,973-06-1882,Accountant,1/2/2023,2025-11-09,2023-02,features_attributes.csv
CUS_0x489b,Malonem,31,769-46-3750,Manager,1/2/2023,2025-11-09,2023-02,features_attributes.csv
CUS_0x48a4,Lawrence Whitek,38,977-59-9173,Teacher,1/2/2023,2025-11-09,2023-02,features_attributes.csv
CUS_0x48e9,Sarah McBridev,34,190-00-1658,Teacher,1/2/2023,2025-11-09,2023-02,features_attributes.csv
CUS_0x49ae,Edwardsd,52,846-52-5572,Manager,1/2/2023,2025-11-09,2023-02,features_attributes.csv
CUS_0x49c4,Alisonx,29,861-41-5971,_______,1/2/2023,2025-11-09,2023-02,features_attributes.csv
CUS_0x49fd,Claire Davenporta,33,570-71-1885,Lawyer,1/2/2023,2025-11-09,2023-02,features_attributes.csv
CUS_0x4a3d,Kevinh,34,351-61-7995,Architect,1/2/2023,2025-11-09,2023-02,features_attributes.csv
CUS_0x4a5b,Rucinskiw,26,395-63-5787,Architect,1/2/2023,2025-11-09,2023-02,features_attributes.csv
CUS_0x4a74,Dennyb,24,679-28-0350,Lawyer,1/2/2023,2025-11-09,2023-02,features_attributes.csv
CUS_0x4a97,Paulo,34,886-52-2198,Writer,1/2/2023,2025-11-09,2023-02,features_attributes.csv
CUS_0x4adc,riane,36,392-99-5218,Writer,1/2/2023,2025-11-09,2023-02,features_attributes.csv
CUS_0x4b19,Skariachanq,29,354-88-6563,_______,1/2/2023,2025-11-09,2023-02,features_attributes.csv
CUS_0x4b5e,Joez,26,272-77-3454,Scientist,1/2/2023,2025-11-09,2023-02,features_attributes.csv
CUS_0x4b67,Leikaq,35,912-84-1903,Mechanic,1/2/2023,2025-11-09,2023-02,features_attributes.csv
CUS_0x4b7f,Estellec,25,373-88-8828,Architect,1/2/2023,2025-11-09,2023-02,features_attributes.csv
CUS_0x4be5,Jonathanq,14,964-87-3738,Scientist,1/2/2023,2025-11-09,2023-02,features_attributes.csv
CUS_0x4bf4,Kaneb,41_,761-39-6887,Manager,1/2/2023,2025-11-09,2023-02,features_attributes.csv
CUS_0x4c5,Humphriesi,38,557-60-6458,Mechanic,1/2/2023,2025-11-09,2023-02,features_attributes.csv
CUS_0x4c75,radley Dorfmanh,21,105-62-9020,Developer,1/2/2023,2025-11-09,2023-02,features_attributes.csv
CUS_0x4c8c,Anna Driveri,21,696-64-9504,Lawyer,1/2/2023,2025-11-09,2023-02,features_attributes.csv
CUS_0x4c8d,Barreraj,50,001-49-5189,Accountant,1/2/2023,2025-11-09,2023-02,features_attributes.csv
CUS_0x4d35,Jamesp,54,398-10-5759,_______,1/2/2023,2025-11-09,2023-02,features_attributes.csv
CUS_0x4d92,ewichm,32,957-12-0539,Entrepreneur,1/2/2023,2025-11-09,2023-02,features_attributes.csv
CUS_0x4db7,Siebolds,21,816-34-4526,Mechanic,1/2/2023,2025-11-09,2023-02,features_attributes.csv
CUS_0x4de9,Norihikoc,36,005-57-7419,Writer,1/2/2023,2025-11-09,2023-02,features_attributes.csv
CUS_0x4eae,Edward Taylorf,37,#F%$D@*&8,_______,1/2/2023,2025-11-09,2023-02,features_attributes.csv
CUS_0x4ebf,ewichn,45,372-76-7434,Journalist,1/2/2023,2025-11-09,2023-02,features_attributes.csv
CUS_0x4ee9,Dayw,21,603-95-6149,Media_Manager,1/2/2023,2025-11-09,2023-02,features_attributes.csv
CUS_0x4f13,Cyril Altmeyerk,28,923-13-7813,Lawyer,1/2/2023,2025-11-09,2023-02,features_attributes.csv
CUS_0x4ff5,Shalal-Esap,24,137-70-2454,Journalist,1/2/2023,2025-11-09,2023-02,features_attributes.csv
CUS_0x50ab,Viswanathat,42,585-78-0085,Mechanic,1/2/2023,2025-11-09,2023-02,features_attributes.csv
CUS_0x5235,Sarahx,42,458-15-7288,Manager,1/2/2023,2025-11-09,2023-02,features_attributes.csv
CUS_0x5247,Huw Jonesa,19,984-58-2416,Doctor,1/2/2023,2025-11-09,2023-02,features_attributes.csv
CUS_0x5268,Andreap,55,300-94-2533,Entrepreneur,1/2/2023,2025-11-09,2023-02,features_attributes.csv
CUS_0x532d,Levinec,42,987-64-7939,Writer,1/2/2023,2025-11-09,2023-02,features_attributes.csv
CUS_0x53e0,Nathan Layneb,37,540-51-4829,Developer,1/2/2023,2025-11-09,2023-02,features_attributes.csv
CUS_0x5417,Juccar,-500,488-18-2117,Manager,1/2/2023,2025-11-09,2023-02,features_attributes.csv
CUS_0x5470,Matthias Sobolewskis,31,374-45-8189,Doctor,1/2/2023,2025-11-09,2023-02,features_attributes.csv
CUS_0x550b,Joseph Mennf,26,044-88-9323,Teacher,1/2/2023,2025-11-09,2023-02,features_attributes.csv
CUS_0x560e,Billz,46,876-19-4611,Scientist,1/2/2023,2025-11-09,2023-02,features_attributes.csv
CUS_0x56ab,Limd,-500,313-72-1529,Writer,1/2/2023,2025-11-09,2023-02,features_attributes.csv
CUS_0x5975,Plumbl,38,711-80-8414,_______,1/2/2023,2025-11-09,2023-02,features_attributes.csv
CUS_0x59eb,Noahd,38,213-03-0117,Manager,1/2/2023,2025-11-09,2023-02,features_attributes.csv
CUS_0x5a4d,Rigbyj,26,036-71-9071,Architect,1/2/2023,2025-11-09,2023-02,features_attributes.csv
CUS_0x5a7d,Liana B.r,41,352-85-9103,Entrepreneur,1/2/2023,2025-11-09,2023-02,features_attributes.csv
CUS_0x5af2,Christiaand,38,770-27-1304,Accountant,1/2/2023,2025-11-09,2023-02,features_attributes.csv
CUS_0x5b62,Svea Herbst-Baylisss,27,386-34-3584,Journalist,1/2/2023,2025-11-09,2023-02,features_attributes.csv
CUS_0x5c6d,Mutikania,25,954-51-3032,Engineer,1/2/2023,2025-11-09,2023-02,features_attributes.csv
CUS_0x5cb9,Pablof,42,782-16-3382,Musician,1/2/2023,2025-11-09,2023-02,features_attributes.csv
CUS_0x5cc6,ewichx,34,120-20-9175,Lawyer,1/2/2023,2025-11-09,2023-02,features_attributes.csv
CUS_0x5cc8,Guernigoue,33,283-52-5386,Entrepreneur,1/2/2023,2025-11-09,2023-02,features_attributes.csv
CUS_0x5d4c,Karenn,41,920-96-4683,Lawyer,1/2/2023,2025-11-09,2023-02,features_attributes.csv
CUS_0x5d7c,Sumiol,53,277-42-4936,Teacher,1/2/2023,2025-11-09,2023-02,features_attributes.csv
CUS_0x5dd0,Ferreira-Marquesv,34,236-43-2661,Journalist,1/2/2023,2025-11-09,2023-02,features_attributes.csv
CUS_0x5e18,Kuehnenn,50,287-80-7372,_______,1/2/2023,2025-11-09,2023-02,features_attributes.csv
CUS_0x5ec,Noahi,43,934-88-2337,Media_Manager,1/2/2023,2025-11-09,2023-02,features_attributes.csv
CUS_0x5edf,Leskeo,54,#F%$D@*&8,Lawyer,1/2/2023,2025-11-09,2023-02,features_attributes.csv
CUS_0x5eef,Colei,23,516-17-0651,Doctor,1/2/2023,2025-11-09,2023-02,features_attributes.csv
CUS_0x5ef2,Baseso,20,556-28-1765,_______,1/2/2023,2025-11-09,2023-02,features_attributes.csv
CUS_0x5f8b,Joanne Frearsonq,39,084-81-6413,Musician,1/2/2023,2025-11-09,2023-02,features_attributes.csv
CUS_0x5fc,Michelef,43,322-81-6659,Developer,1/2/2023,2025-11-09,2023-02,features_attributes.csv
CUS_0x6069,Jessica Toonkels,15,294-99-9171,_______,1/2/2023,2025-11-09,2023-02,features_attributes.csv
CUS_0x60f5,Tom Bergina,30,882-94-7103,Engineer,1/2/2023,2025-11-09,2023-02,features_attributes.csv
CUS_0x610d,Schnurrp,49,905-97-4769,Manager,1/2/2023,2025-11-09,2023-02,features_attributes.csv
CUS_0x6116,Joan Grallaj,46,362-26-8688,Scientist,1/2/2023,2025-11-09,2023-02,features_attributes.csv
CUS_0x61a6,David Henryl,31,918-55-2997,Doctor,1/2/2023,2025-11-09,2023-02,features_attributes.csv
CUS_0x6203,Chalmersd,32,775-73-7155,_______,1/2/2023,2025-11-09,2023-02,features_attributes.csv
CUS_0x6235,Alex ere,38,293-99-9694,_______,1/2/2023,2025-11-09,2023-02,features_attributes.csv
CUS_0x6276,Doeringy,36,231-43-8275,Media_Manager,1/2/2023,2025-11-09,2023-02,features_attributes.csv
CUS_0x627f,Warreng,47,662-89-9566,Entrepreneur,1/2/2023,2025-11-09,2023-02,features_attributes.csv
CUS_0x62d1,Scottj,27,750-48-7560,Architect,1/2/2023,2025-11-09,2023-02,features_attributes.csv
CUS_0x632f,Skariachann,33,237-14-5884,Lawyer,1/2/2023,2025-11-09,2023-02,features_attributes.csv
CUS_0x6398,Haysj,44,572-95-7256,Journalist,1/2/2023,2025-11-09,2023-02,features_attributes.csv
CUS_0x63ac,Nathan Laynew,22,959-51-8089,Teacher,1/2/2023,2025-11-09,2023-02,features_attributes.csv
CUS_0x63d4,Growy,55,#F%$D@*&8,Developer,1/2/2023,2025-11-09,2023-02,features_attributes.csv
CUS_0x644f,John McCranku,25,712-62-5103,_______,1/2/2023,2025-11-09,2023-02,features_attributes.csv
CUS_0x6473,Lisa Juccaw,32,116-72-1150,Lawyer,1/2/2023,2025-11-09,2023-02,features_attributes.csv
CUS_0x64aa,arbara Listonu,21,819-41-4042,Journalist,1/2/2023,2025-11-09,2023-02,features_attributes.csv
CUS_0x64e5,Dinesh Nairu,34,692-52-3599,Teacher,1/2/2023,2025-11-09,2023-02,features_attributes.csv
CUS_0x6563,Massimoy,49,655-12-3066,Doctor,1/2/2023,2025-11-09,2023-02,features_attributes.csv
CUS_0x65aa,Masonl,33,990-78-3822,Journalist,1/2/2023,2025-11-09,2023-02,features_attributes.csv
CUS_0x6620,Douwe Miedemal,14,771-23-4071,Manager,1/2/2023,2025-11-09,2023-02,features_attributes.csv
CUS_0x663d,Onstadi,42,320-70-8885,Writer,1/2/2023,2025-11-09,2023-02,features_attributes.csv
CUS_0x6743,Lynchj,40,#F%$D@*&8,_______,1/2/2023,2025-11-09,2023-02,features_attributes.csv
CUS_0x67cb,Vaughanj,30,726-51-1301,Writer,1/2/2023,2025-11-09,2023-02,features_attributes.csv
CUS_0x687c,Melissa Akink,30,176-23-7608,Architect,1/2/2023,2025-11-09,2023-02,features_attributes.csv
CUS_0x69a8,Olivia Orans,39,737-04-1982,Developer,1/2/2023,2025-11-09,2023-02,features_attributes.csv
CUS_0x6a4b,Carey Gillamn,25,886-47-6166,Mechanic,1/2/2023,2025-11-09,2023-02,features_attributes.csv
CUS_0x6a50,Joshual,34,576-50-6561,Teacher,1/2/2023,2025-11-09,2023-02,features_attributes.csv
CUS_0x6a9,Leahg,14_,046-17-3131,Architect,1/2/2023,2025-11-09,2023-02,features_attributes.csv
CUS_0x6a95,Lynnleyw,39,#F%$D@*&8,Journalist,1/2/2023,2025-11-09,2023-02,features_attributes.csv
CUS_0x6b04,Valentinap,44,030-27-6579,Engineer,1/2/2023,2025-11-09,2023-02,features_attributes.csv
CUS_0x6b7,Anar,31,756-02-2173,Lawyer,1/2/2023,2025-11-09,2023-02,features_attributes.csv
CUS_0x6b7c,Katharina Bartt,22,011-38-4224,Entrepreneur,1/2/2023,2025-11-09,2023-02,features_attributes.csv
CUS_0x6b9,Lianaz,30,549-93-8055,Scientist,1/2/2023,2025-11-09,2023-02,features_attributes.csv
CUS_0x6bf5,Eva Taylorn,26,761-78-5044,Teacher,1/2/2023,2025-11-09,2023-02,features_attributes.csv
CUS_0x6c3b,Emilyb,38_,507-21-0069,_______,1/2/2023,2025-11-09,2023-02,features_attributes.csv
CUS_0x6c5d,Chuckd,27,551-07-2673,Scientist,1/2/2023,2025-11-09,2023-02,features_attributes.csv
CUS_0x6c71,Alexei Oreskovics,15,185-82-7001,Entrepreneur,1/2/2023,2025-11-09,2023-02,features_attributes.csv
CUS_0x6c8f,Caroline Valetkevitchb,47,079-46-2572,Writer,1/2/2023,2025-11-09,2023-02,features_attributes.csv
CUS_0x6cd1,Davidc,20,659-11-2212,Mechanic,1/2/2023,2025-11-09,2023-02,features_attributes.csv
CUS_0x6cfa,Olesyau,46,493-03-2477,Doctor,1/2/2023,2025-11-09,2023-02,features_attributes.csv
CUS_0x6d0e,Leila Coimbraw,25,551-23-5741,Teacher,1/2/2023,2025-11-09,2023-02,features_attributes.csv
CUS_0x6dec,George Georgiopoulosy,42,918-46-9849,Developer,1/2/2023,2025-11-09,2023-02,features_attributes.csv
CUS_0x6e36,Slateru,43,330-21-5845,Lawyer,1/2/2023,2025-11-09,2023-02,features_attributes.csv
CUS_0x6ebb,Alistair Barry,49,549-17-7822,Media_Manager,1/2/2023,2025-11-09,2023-02,features_attributes.csv
CUS_0x6ef,Silvia Ognibenej,26,574-48-5259,Engineer,1/2/2023,2025-11-09,2023-02,features_attributes.csv
CUS_0x6fa,"\"John ODonnell\"r",47,039-37-1758,Media_Manager,1/2/2023,2025-11-09,2023-02,features_attributes.csv
CUS_0x6ffa,Karolina Tagarisr,37,311-51-2069,_______,1/2/2023,2025-11-09,2023-02,features_attributes.csv
CUS_0x705d,Charlien,24,168-38-5634,Manager,1/2/2023,2025-11-09,2023-02,features_attributes.csv
CUS_0x707a,Alister Bullg,43,994-63-2814,Teacher,1/2/2023,2025-11-09,2023-02,features_attributes.csv
CUS_0x70d8,Martin Santad,41,379-60-1712,Architect,1/2/2023,2025-11-09,2023-02,features_attributes.csv
CUS_0x70f7,Daniel Flynnd,39,199-34-7264,Media_Manager,1/2/2023,2025-11-09,2023-02,features_attributes.csv
CUS_0x7152,Costaf,15,399-91-2074,Doctor,1/2/2023,2025-11-09,2023-02,features_attributes.csv
CUS_0x71d2,Podkuly,53,585-04-2598,Doctor,1/2/2023,2025-11-09,2023-02,features_attributes.csv
CUS_0x71de,Jim Finkleb,40,956-46-2324,Lawyer,1/2/2023,2025-11-09,2023-02,features_attributes.csv
CUS_0x7251,Kelleheri,31,516-69-1184,Developer,1/2/2023,2025-11-09,2023-02,features_attributes.csv
CUS_0x7281,LaCaprau,14,840-14-9434,Architect,1/2/2023,2025-11-09,2023-02,features_attributes.csv
CUS_0x72a7,Jason Langeg,51,908-28-4029,Doctor,1/2/2023,2025-11-09,2023-02,features_attributes.csv
CUS_0x72b2,Seetharamank,31,603-40-5139,Entrepreneur,1/2/2023,2025-11-09,2023-02,features_attributes.csv
CUS_0x732b,Ashleyr,16,035-11-0443,Accountant,1/2/2023,2025-11-09,2023-02,features_attributes.csv
CUS_0x739,Paul Dayt,55,767-56-4115,Writer,1/2/2023,2025-11-09,2023-02,features_attributes.csv
CUS_0x73c0,Daniel Flynnz,43,#F%$D@*&8,Writer,1/2/2023,2025-11-09,2023-02,features_attributes.csv
CUS_0x73fb,Poornima Guptav,20,293-05-3056,Engineer,1/2/2023,2025-11-09,2023-02,features_attributes.csv
CUS_0x7405,Karen Freifeldp,18,711-06-5620,Engineer,1/2/2023,2025-11-09,2023-02,features_attributes.csv
CUS_0x7430,Angelan,20,623-69-0437,Journalist,1/2/2023,2025-11-09,2023-02,features_attributes.csv
CUS_0x746c,Herbertc,51_,877-23-7187,_______,1/2/2023,2025-11-09,2023-02,features_attributes.csv
CUS_0x7486,Alister Bullg,43_,152-01-9858,Lawyer,1/2/2023,2025-11-09,2023-02,features_attributes.csv
CUS_0x74d2,Peter Griffithse,32,152-76-6067,Writer,1/2/2023,2025-11-09,2023-02,features_attributes.csv
CUS_0x7542,Luciao,33,103-81-5015,Doctor,1/2/2023,2025-11-09,2023-02,features_attributes.csv
CUS_0x756d,"\"Eileenj",34,#F%$D@*&8,Mechanic,1/2/2023,2025-11-09,2023-02,features_attributes.csv
CUS_0x75ca,Tara LaCapral,19,791-94-5827,Teacher,1/2/2023,2025-11-09,2023-02,features_attributes.csv
CUS_0x7659,Kanekoy,56,630-95-1303,Lawyer,1/2/2023,2025-11-09,2023-02,features_attributes.csv
CUS_0x7698,Padraic Halpina,25,971-09-3563,Musician,1/2/2023,2025-11-09,2023-02,features_attributes.csv
CUS_0x7806,Clara Ferreira-Marquesr,43,680-76-8867,Entrepreneur,1/2/2023,2025-11-09,2023-02,features_attributes.csv
CUS_0x7874,Philip Blenkinsopx,27,942-35-0590,Accountant,1/2/2023,2025-11-09,2023-02,features_attributes.csv
CUS_0x792b,Halpind,28,535-06-2184,Engineer,1/2/2023,2025-11-09,2023-02,features_attributes.csv
CUS_0x7977,Morganp,23,974-79-8370,Teacher,1/2/2023,2025-11-09,2023-02,features_attributes.csv
CUS_0x79dd,Gaierm,21,432-18-9218,Teacher,1/2/2023,2025-11-09,2023-02,features_attributes.csv
CUS_0x7a1f,Diane Bartzw,22,171-91-9087,Accountant,1/2/2023,2025-11-09,2023-02,features_attributes.csv
CUS_0x7a6f,Dineshx,22,630-51-0238,Engineer,1/2/2023,2025-11-09,2023-02,features_attributes.csv
CUS_0x7b58,Miyoungo,36,505-69-4727,Doctor,1/2/2023,2025-11-09,2023-02,features_attributes.csv
CUS_0x7b97,Viktoriap,51,787-10-9379,Journalist,1/2/2023,2025-11-09,2023-02,features_attributes.csv
CUS_0x7bb3,Alexeiy,46,156-43-2282,Journalist,1/2/2023,2025-11-09,2023-02,features_attributes.csv
CUS_0x7be5,Donny Kwoke,37,897-36-1601,Accountant,1/2/2023,2025-11-09,2023-02,features_attributes.csv
CUS_0x7bf2,Ridleys,55,216-32-5901,Architect,1/2/2023,2025-11-09,2023-02,features_attributes.csv
CUS_0x7c60,Melissay,46,898-22-2622,Teacher,1/2/2023,2025-11-09,2023-02,features_attributes.csv
CUS_0x7d17,Alexl,27,797-53-8850,Doctor,1/2/2023,2025-11-09,2023-02,features_attributes.csv
CUS_0x7d6,Subleru,44_,554-10-7651,Journalist,1/2/2023,2025-11-09,2023-02,features_attributes.csv
CUS_0x7e0e,Lucia Mutikanij,30,694-08-8573,Entrepreneur,1/2/2023,2025-11-09,2023-02,features_attributes.csv
CUS_0x7e28,Emmax,35,192-58-9476,Media_Manager,1/2/2023,2025-11-09,2023-02,features_attributes.csv
CUS_0x7e8a,Cheungo,17,668-06-0629,Doctor,1/2/2023,2025-11-09,2023-02,features_attributes.csv
CUS_0x7fd3,Sytasz,26,861-65-6983,Writer,1/2/2023,2025-11-09,2023-02,features_attributes.csv
CUS_0x7ff5,Tims,44,514-10-3763,Mechanic,1/2/2023,2025-11-09,2023-02,features_attributes.csv
CUS_0x8083,Sarahs,20,937-98-2442,Manager,1/2/2023,2025-11-09,2023-02,features_attributes.csv
CUS_0x80ca,Roumeliotism,46,#F%$D@*&8,Engineer,1/2/2023,2025-11-09,2023-02,features_attributes.csv
CUS_0x8135,Padraic Halpind,32,939-55-7203,Scientist,1/2/2023,2025-11-09,2023-02,features_attributes.csv
CUS_0x81b8,Matthew Goldsteinv,50,161-97-7894,Mechanic,1/2/2023,2025-11-09,2023-02,features_attributes.csv
CUS_0x8208,Jonathan Spicers,36,084-02-0981,Teacher,1/2/2023,2025-11-09,2023-02,features_attributes.csv
CUS_0x8247,Daye,16,597-93-5210,Scientist,1/2/2023,2025-11-09,2023-02,features_attributes.csv
CUS_0x825e,Qingn,35,776-55-8622,Manager,1/2/2023,2025-11-09,2023-02,features_attributes.csv
CUS_0x8277,Bartzi,28,226-36-8093,Media_Manager,1/2/2023,2025-11-09,2023-02,features_attributes.csv
CUS_0x82a1,Lauren Tarau,20,503-64-5538,Entrepreneur,1/2/2023,2025-11-09,2023-02,features_attributes.csv
CUS_0x82b6,Stempelx,32,883-00-8749,Scientist,1/2/2023,2025-11-09,2023-02,features_attributes.csv
CUS_0x83cc,Wahbao,35_,889-16-8033,Engineer,1/2/2023,2025-11-09,2023-02,features_attributes.csv
CUS_0x8425,Sayantanin,21,416-89-7777,Manager,1/2/2023,2025-11-09,2023-02,features_attributes.csv
CUS_0x8432,Juliana Castillap,24,716-57-9686,Architect,1/2/2023,2025-11-09,2023-02,features_attributes.csv
CUS_0x8562,Lefteris Papadimasj,26,860-07-0221,Musician,1/2/2023,2025-11-09,2023-02,features_attributes.csv
CUS_0x85fa,Stevep,23,967-66-5763,Musician,1/2/2023,2025-11-09,2023-02,features_attributes.csv
CUS_0x87d8,Seetharamanc,53,537-76-1274,Engineer,1/2/2023,2025-11-09,2023-02,features_attributes.csv
CUS_0x88ca,"ODonnell\"p",50,626-22-2410,Writer,1/2/2023,2025-11-09,2023-02,features_attributes.csv
CUS_0x893f,Qing Kevinb,44,437-40-9812,_______,1/2/2023,2025-11-09,2023-02,features_attributes.csv
CUS_0x894e,Richardo,38,170-66-8219,Accountant,1/2/2023,2025-11-09,2023-02,features_attributes.csv
CUS_0x8958,Langec,29,689-37-1106,Lawyer,1/2/2023,2025-11-09,2023-02,features_attributes.csv
CUS_0x896e,Cowanj,49,082-88-7036,Accountant,1/2/2023,2025-11-09,2023-02,features_attributes.csv
CUS_0x898a,Dhanya Skariachanb,44,766-88-5509,Entrepreneur,1/2/2023,2025-11-09,2023-02,features_attributes.csv
CUS_0x89b4,Sarahu,27,581-11-9310,Accountant,1/2/2023,2025-11-09,2023-02,features_attributes.csv
CUS_0x8a40,Valerie Volcovicic,26,599-33-5668,Accountant,1/2/2023,2025-11-09,2023-02,features_attributes.csv
CUS_0x8a48,Johnsonn,27,005-97-6679,Engineer,1/2/2023,2025-11-09,2023-02,features_attributes.csv
CUS_0x8aa3,Lisaf,35,588-36-4233,Engineer,1/2/2023,2025-11-09,2023-02,features_attributes.csv
CUS_0x8abb,Jeanine Preziosoh,29,399-82-7308,Architect,1/2/2023,2025-11-09,2023-02,features_attributes.csv
CUS_0x8afa,Leikar,34,053-77-1617,Entrepreneur,1/2/2023,2025-11-09,2023-02,features_attributes.csv
CUS_0x8b25,P.J.v,30,993-03-6036,Mechanic,1/2/2023,2025-11-09,2023-02,features_attributes.csv
CUS_0x8b66,Szabos,30,454-08-3421,Doctor,1/2/2023,2025-11-09,2023-02,features_attributes.csv
CUS_0x8bcf,Alexei Oreskovicr,44,191-80-9435,Teacher,1/2/2023,2025-11-09,2023-02,features_attributes.csv
CUS_0x8ca3,Karen Jacobst,20,169-53-4759,Accountant,1/2/2023,2025-11-09,2023-02,features_attributes.csv
CUS_0x8cd3,Carrick Mollenkampi,21,928-21-7408,Manager,1/2/2023,2025-11-09,2023-02,features_attributes.csv
CUS_0x8ce7,Jonesb,20,829-65-6560,Doctor,1/2/2023,2025-11-09,2023-02,features_attributes.csv
CUS_0x8cf2,Jason Langex,52,260-53-2581,Lawyer,1/2/2023,2025-11-09,2023-02,features_attributes.csv
CUS_0x8d7c,Eva Kuehnenp,26,061-21-9925,Accountant,1/2/2023,2025-11-09,2023-02,features_attributes.csv
CUS_0x8df6,Nadia Saleems,33,217-58-1095,Lawyer,1/2/2023,2025-11-09,2023-02,features_attributes.csv
CUS_0x8e81,Mattc,39,#F%$D@*&8,Mechanic,1/2/2023,2025-11-09,2023-02,features_attributes.csv
CUS_0x8e88,Huw Jonesj,29,528-98-7663,Engineer,1/2/2023,2025-11-09,2023-02,features_attributes.csv
CUS_0x8e9b,Rachelle Younglaic,16,925-51-5335,Entrepreneur,1/2/2023,2025-11-09,2023-02,features_attributes.csv
CUS_0x8eb0,Rachelh,42,147-07-6385,Mechanic,1/2/2023,2025-11-09,2023-02,features_attributes.csv
CUS_0x8ec8,Silvia Aloisiq,20,004-57-0116,Media_Manager,1/2/2023,2025-11-09,2023-02,features_attributes.csv
CUS_0x8f6b,rada,15,345-95-7729,Journalist,1/2/2023,2025-11-09,2023-02,features_attributes.csv
CUS_0x90d8,Caroline Valetkevitchj,44,#F%$D@*&8,Engineer,1/2/2023,2025-11-09,2023-02,features_attributes.csv
CUS_0x90e2,Freifeldf,40,767-53-7638,Architect,1/2/2023,2025-11-09,2023-02,features_attributes.csv
CUS_0x9177,Mutikanib,34,860-92-3178,Musician,1/2/2023,2025-11-09,2023-02,features_attributes.csv
CUS_0x918c,Andyr,15,153-15-2374,Entrepreneur,1/2/2023,2025-11-09,2023-02,features_attributes.csv
CUS_0x919,Drawbaughl,18,865-33-7569,Doctor,1/2/2023,2025-11-09,2023-02,features_attributes.csv
CUS_0x91e5,Nick Edwardsu,22,#F%$D@*&8,Journalist,1/2/2023,2025-11-09,2023-02,features_attributes.csv
CUS_0x933f,Bradenc,41,056-36-2414,Writer,1/2/2023,2025-11-09,2023-02,features_attributes.csv
CUS_0x9368,Jan Strupczewskiu,40,740-20-9338,_______,1/2/2023,2025-11-09,2023-02,features_attributes.csv
CUS_0x9443,ena,25,105-69-3347,Doctor,1/2/2023,2025-11-09,2023-02,features_attributes.csv
CUS_0x944f,Andyz,26,120-63-8432,Media_Manager,1/2/2023,2025-11-09,2023-02,features_attributes.csv
CUS_0x946e,ernard Vaughanr,31,699-70-2473,Entrepreneur,1/2/2023,2025-11-09,2023-02,features_attributes.csv
CUS_0x94ae,Oliviam,22,445-11-4795,Entrepreneur,1/2/2023,2025-11-09,2023-02,features_attributes.csv
CUS_0x94d5,Deepa Seetharamanx,55,#F%$D@*&8,Entrepreneur,1/2/2023,2025-11-09,2023-02,features_attributes.csv
CUS_0x9647,Goncalvesc,37,954-95-9646,Lawyer,1/2/2023,2025-11-09,2023-02,features_attributes.csv
CUS_0x966e,Paul Carrele,42,165-41-7730,Doctor,1/2/2023,2025-11-09,2023-02,features_attributes.csv
CUS_0x9686,Yeeq,35,689-08-8033,_______,1/2/2023,2025-11-09,2023-02,features_attributes.csv
CUS_0x96b3,Huw Jonesd,36,242-10-5844,Lawyer,1/2/2023,2025-11-09,2023-02,features_attributes.csv
CUS_0x96d3,Patrick Vignaln,-500,024-19-5740,Teacher,1/2/2023,2025-11-09,2023-02,features_attributes.csv
CUS_0x9762,Cyril Altmeyere,54,369-44-6475,Writer,1/2/2023,2025-11-09,2023-02,features_attributes.csv
CUS_0x9764,Michelle Martink,39,137-39-7489,Writer,1/2/2023,2025-11-09,2023-02,features_attributes.csv
CUS_0x97b5,Laurial,2543,329-30-0742,Teacher,1/2/2023,2025-11-09,2023-02,features_attributes.csv
CUS_0x981a,Georginao,26,201-19-1306,Lawyer,1/2/2023,2025-11-09,2023-02,features_attributes.csv
CUS_0x990,Dhanyai,19,655-92-9108,Developer,1/2/2023,2025-11-09,2023-02,features_attributes.csv
CUS_0x99cf,Gelleru,43,043-69-4345,Accountant,1/2/2023,2025-11-09,2023-02,features_attributes.csv
CUS_0x9a84,Bernie Woodallh,34,#F%$D@*&8,Scientist,1/2/2023,2025-11-09,2023-02,features_attributes.csv
CUS_0x9b03,Leungv,32,725-10-2639,Media_Manager,1/2/2023,2025-11-09,2023-02,features_attributes.csv
CUS_0x9b38,McCrankr,16,478-80-8755,Architect,1/2/2023,2025-11-09,2023-02,features_attributes.csv
CUS_0x9c59,Chuckh,22,158-74-3542,Mechanic,1/2/2023,2025-11-09,2023-02,features_attributes.csv
CUS_0x9ccf,Fraendem,35,#F%$D@*&8,Media_Manager,1/2/2023,2025-11-09,2023-02,features_attributes.csv
CUS_0x9d0b,Lynn Adlerf,26,803-50-3658,Engineer,1/2/2023,2025-11-09,2023-02,features_attributes.csv
CUS_0x9dc5,Araxiaq,35,587-62-8474,Musician,1/2/2023,2025-11-09,2023-02,features_attributes.csv
CUS_0x9dc6,David Lawderk,18,850-48-2308,Media_Manager,1/2/2023,2025-11-09,2023-02,features_attributes.csv
CUS_0x9dff,Barta,26,571-72-1744,Manager,1/2/2023,2025-11-09,2023-02,features_attributes.csv
CUS_0x9e56,Alistaird,24,773-16-8211,Musician,1/2/2023,2025-11-09,2023-02,features_attributes.csv
CUS_0x9e9b,Alistair Barrt,28,945-31-6025,Journalist,1/2/2023,2025-11-09,2023-02,features_attributes.csv
CUS_0x9ee5,Miken,21,043-79-7391,Teacher,1/2/2023,2025-11-09,2023-02,features_attributes.csv
CUS_0x9f23,Neil Maidmentp,25,655-42-1269,Mechanic,1/2/2023,2025-11-09,2023-02,features_attributes.csv
CUS_0x9f59,Nick Brownr,55_,227-30-9732,Doctor,1/2/2023,2025-11-09,2023-02,features_attributes.csv
CUS_0x9fcf,Baertleinm,15,177-47-5939,Doctor,1/2/2023,2025-11-09,2023-02,features_attributes.csv
CUS_0xa094,Gray-Blocky,37,953-99-7710,Media_Manager,1/2/2023,2025-11-09,2023-02,features_attributes.csv
CUS_0xa09c,Wahbax,33,259-94-5869,_______,1/2/2023,2025-11-09,2023-02,features_attributes.csv
CUS_0xa0b8,Johnd,32,339-52-4612,Mechanic,1/2/2023,2025-11-09,2023-02,features_attributes.csv
CUS_0xa0c3,Chanf,56,355-23-1301,Lawyer,1/2/2023,2025-11-09,2023-02,features_attributes.csv
CUS_0xa127,Michelet,51,122-29-7699,_______,1/2/2023,2025-11-09,2023-02,features_attributes.csv
CUS_0xa133,Andream,53,571-56-4779,Accountant,1/2/2023,2025-11-09,2023-02,features_attributes.csv
CUS_0xa138,Arefu,24,873-85-5247,Developer,1/2/2023,2025-11-09,2023-02,features_attributes.csv
CUS_0xa1d9,Dey Choudhurym,27,332-01-5454,Manager,1/2/2023,2025-11-09,2023-02,features_attributes.csv
CUS_0xa230,Toni Vorobyovav,19,921-03-1595,Developer,1/2/2023,2025-11-09,2023-02,features_attributes.csv
CUS_0xa260,Michaela,35_,645-88-6941,Journalist,1/2/2023,2025-11-09,2023-02,features_attributes.csv
CUS_0xa27e,Papadimaso,34,898-94-0497,Architect,1/2/2023,2025-11-09,2023-02,features_attributes.csv
CUS_0xa2af,Giannone Laurenn,44,838-46-6396,Engineer,1/2/2023,2025-11-09,2023-02,features_attributes.csv
CUS_0xa384,Toonkelc,44,389-02-2888,Doctor,1/2/2023,2025-11-09,2023-02,features_attributes.csv
CUS_0xa41e,Sweeneyt,31,360-35-4496,Doctor,1/2/2023,2025-11-09,2023-02,features_attributes.csv
CUS_0xa455,Lesley Wroughtony,35,458-30-8277,Doctor,1/2/2023,2025-11-09,2023-02,features_attributes.csv
CUS_0xa4e7,Lynchj,42,625-58-3829,Musician,1/2/2023,2025-11-09,2023-02,features_attributes.csv
CUS_0xa540,Jessican,38,074-17-6086,Journalist,1/2/2023,2025-11-09,2023-02,features_attributes.csv
CUS_0xa574,Stempelr,20,216-81-8709,Doctor,1/2/2023,2025-11-09,2023-02,features_attributes.csv
CUS_0xa68a,Timc,30,722-25-5541,Doctor,1/2/2023,2025-11-09,2023-02,features_attributes.csv
CUS_0xa693,Stempely,56,223-85-2426,Media_Manager,1/2/2023,2025-11-09,2023-02,features_attributes.csv
CUS_0xa69e,Daviesa,34,#F%$D@*&8,Teacher,1/2/2023,2025-11-09,2023-02,features_attributes.csv
CUS_0xa6a7,Herbertp,22,778-76-2369,Scientist,1/2/2023,2025-11-09,2023-02,features_attributes.csv
CUS_0xa6c1,Praveenq,23,#F%$D@*&8,Doctor,1/2/2023,2025-11-09,2023-02,features_attributes.csv
CUS_0xa7e1,Harryb,23,894-16-1581,Musician,1/2/2023,2025-11-09,2023-02,features_attributes.csv
CUS_0xa806,Wakip,15,577-56-0449,Musician,1/2/2023,2025-11-09,2023-02,features_attributes.csv
CUS_0xa8b7,Arnoldw,56_,104-77-4516,Media_Manager,1/2/2023,2025-11-09,2023-02,features_attributes.csv
CUS_0xa8ce,Kyle Petersonv,37,373-96-7382,Engineer,1/2/2023,2025-11-09,2023-02,features_attributes.csv
CUS_0xa8e7,Kyler,41,622-93-7229,Lawyer,1/2/2023,2025-11-09,2023-02,features_attributes.csv
CUS_0xa962,Deepa Seetharamanj,15,964-23-6499,Engineer,1/2/2023,2025-11-09,2023-02,features_attributes.csv
CUS_0xa973,Stevenp,21,793-25-6763,Mechanic,1/2/2023,2025-11-09,2023-02,features_attributes.csv
CUS_0xa980,Steve Hollg,34,787-43-5273,Mechanic,1/2/2023,2025-11-09,2023-02,features_attributes.csv
CUS_0xa99c,Pressmana,25,337-61-1276,Journalist,1/2/2023,2025-11-09,2023-02,features_attributes.csv
CUS_0xa9d2,Martinnen,19,#F%$D@*&8,Mechanic,1/2/2023,2025-11-09,2023-02,features_attributes.csv
CUS_0xaa3d,Piersono,33,044-39-7834,Writer,1/2/2023,2025-11-09,2023-02,features_attributes.csv
CUS_0xaa56,Hepherv,41,754-89-1562,Manager,1/2/2023,2025-11-09,2023-02,features_attributes.csv
CUS_0xaacd,Martinneg,44,731-22-8027,Media_Manager,1/2/2023,2025-11-09,2023-02,features_attributes.csv
CUS_0xab3b,Grovert,54,747-67-2935,Lawyer,1/2/2023,2025-11-09,2023-02,features_attributes.csv
CUS_0xabff,Michelle Martinw,28,270-03-5678,Doctor,1/2/2023,2025-11-09,2023-02,features_attributes.csv
CUS_0xac14,Bulll,28,588-97-9229,Media_Manager,1/2/2023,2025-11-09,2023-02,features_attributes.csv
CUS_0xac7e,"\"John ODonnell\"e",51,592-74-1031,Scientist,1/2/2023,2025-11-09,2023-02,features_attributes.csv
CUS_0xad9d,Valentina Zaf,23,771-56-8439,Doctor,1/2/2023,2025-11-09,2023-02,features_attributes.csv
CUS_0xadb7,Emilym,28,332-22-1188,Architect,1/2/2023,2025-11-09,2023-02,features_attributes.csv
CUS_0xae09,Stefano Ambrogir,18,224-67-6532,Musician,1/2/2023,2025-11-09,2023-02,features_attributes.csv
CUS_0xae58,Stevend,25,767-67-1123,Musician,1/2/2023,2025-11-09,2023-02,features_attributes.csv
CUS_0xaedb,Olivia Oranr,20_,#F%$D@*&8,_______,1/2/2023,2025-11-09,2023-02,features_attributes.csv
CUS_0xaf67,Conort,55,210-84-4357,Developer,1/2/2023,2025-11-09,2023-02,features_attributes.csv
CUS_0xaf75,Lucia Mutikanie,44,210-64-7351,Architect,1/2/2023,2025-11-09,2023-02,features_attributes.csv
CUS_0xafa8,Josephn,21,690-70-6950,Teacher,1/2/2023,2025-11-09,2023-02,features_attributes.csv
CUS_0xafd1,rab,24,492-77-5603,Journalist,1/2/2023,2025-11-09,2023-02,features_attributes.csv
CUS_0xb023,ernard Vaughani,26,648-96-1414,Media_Manager,1/2/2023,2025-11-09,2023-02,features_attributes.csv
CUS_0xb05a,Ethan Bilbys,50,206-93-4046,_______,1/2/2023,2025-11-09,2023-02,features_attributes.csv
CUS_0xb127,Lesley Wroughtonp,48,442-92-9205,Architect,1/2/2023,2025-11-09,2023-02,features_attributes.csv
CUS_0xb144,Liana B.r,28_,649-43-0997,Developer,1/2/2023,2025-11-09,2023-02,features_attributes.csv
CUS_0xb25e,Blountf,42,561-32-2714,Lawyer,1/2/2023,2025-11-09,2023-02,features_attributes.csv
CUS_0xb264,Edwin Chanb,54,442-80-9610,Journalist,1/2/2023,2025-11-09,2023-02,features_attributes.csv
CUS_0xb28a,ini Annikan,26,348-50-5120,Engineer,1/2/2023,2025-11-09,2023-02,features_attributes.csv
CUS_0xb32c,Lidia Kellyp,24,655-50-2780,Mechanic,1/2/2023,2025-11-09,2023-02,features_attributes.csv
CUS_0xb39,Stephensond,18,139-05-0545,Doctor,1/2/2023,2025-11-09,2023-02,features_attributes.csv
CUS_0xb428,Sulaimanm,27_,780-95-9814,Writer,1/2/2023,2025-11-09,2023-02,features_attributes.csv
CUS_0xb433,Luke Bakerz,21,330-66-4703,Journalist,1/2/2023,2025-11-09,2023-02,features_attributes.csv
CUS_0xb4bc,Tom Polanseks,37,922-89-7066,Entrepreneur,1/2/2023,2025-11-09,2023-02,features_attributes.csv
CUS_0xb4c1,Rosenbergl,33,390-19-1053,Engineer,1/2/2023,2025-11-09,2023-02,features_attributes.csv
CUS_0xb548,Wanfengv,23,065-56-2209,Architect,1/2/2023,2025-11-09,2023-02,features_attributes.csv
CUS_0xb575,Ryanl,19,509-35-9475,Teacher,1/2/2023,2025-11-09,2023-02,features_attributes.csv
CUS_0xb61a,Babingtonf,-500,993-89-4367,Writer,1/2/2023,2025-11-09,2023-02,features_attributes.csv
CUS_0xb65f,Laurend,36,023-22-9697,_______,1/2/2023,2025-11-09,2023-02,features_attributes.csv
CUS_0xb6b,Arno Schuetzek,21,257-56-8708,Mechanic,1/2/2023,2025-11-09,2023-02,features_attributes.csv
CUS_0xb742,Martellc,19,630-69-4858,Media_Manager,1/2/2023,2025-11-09,2023-02,features_attributes.csv
CUS_0xb749,Christophc,27,351-84-1643,Mechanic,1/2/2023,2025-11-09,2023-02,features_attributes.csv
CUS_0xb767,Twinnie Sius,54,977-86-3066,Media_Manager,1/2/2023,2025-11-09,2023-02,features_attributes.csv
CUS_0xb786,Stanwayo,35,052-60-5525,Musician,1/2/2023,2025-11-09,2023-02,features_attributes.csv
CUS_0xb7df,dae,3920,061-83-0070,Accountant,1/2/2023,2025-11-09,2023-02,features_attributes.csv
CUS_0xb8e,Emi Emotot,40,155-58-5665,Accountant,1/2/2023,2025-11-09,2023-02,features_attributes.csv
CUS_0xb8f7,Ikuko Kurahonec,55,125-22-4888,Journalist,1/2/2023,2025-11-09,2023-02,features_attributes.csv
CUS_0xb936,Jimn,29,466-13-8474,Writer,1/2/2023,2025-11-09,2023-02,features_attributes.csv
CUS_0xba27,le Benk,32,#F%$D@*&8,Teacher,1/2/2023,2025-11-09,2023-02,features_attributes.csv
CUS_0xba5f,Leikau,28,593-19-5532,Writer,1/2/2023,2025-11-09,2023-02,features_attributes.csv
CUS_0xba60,Kubotai,42,030-58-1207,Teacher,1/2/2023,2025-11-09,2023-02,features_attributes.csv
CUS_0xbaf4,Brad Haynesl,50,808-03-7348,Musician,1/2/2023,2025-11-09,2023-02,features_attributes.csv
CUS_0xbb37,Paul Carstenu,33,094-94-5212,Developer,1/2/2023,2025-11-09,2023-02,features_attributes.csv
CUS_0xbb95,LaCapra Grantj,20,342-02-2232,Engineer,1/2/2023,2025-11-09,2023-02,features_attributes.csv
CUS_0xbb9a,Peterd,27,798-84-4509,Lawyer,1/2/2023,2025-11-09,2023-02,features_attributes.csv
CUS_0xbbd3,Rf,33,851-69-5578,_______,1/2/2023,2025-11-09,2023-02,features_attributes.csv
CUS_0xbbf5,Tetsushi Kajimotog,43,413-06-1083,Musician,1/2/2023,2025-11-09,2023-02,features_attributes.csv
CUS_0xbc1e,Lauren Taram,44,006-09-6260,Entrepreneur,1/2/2023,2025-11-09,2023-02,features_attributes.csv
CUS_0xbcc9,Terry Baynesl,40,628-62-7723,Scientist,1/2/2023,2025-11-09,2023-02,features_attributes.csv
CUS_0xbdd9,Chiangy,15,491-09-0120,Scientist,1/2/2023,2025-11-09,2023-02,features_attributes.csv
CUS_0xbe12,Luke Bakerz,30,244-74-3349,Lawyer,1/2/2023,2025-11-09,2023-02,features_attributes.csv
CUS_0xbf23,Kiharax,17,669-46-5682,Accountant,1/2/2023,2025-11-09,2023-02,features_attributes.csv
CUS_0xbfd0,Baltimoren,34,084-50-9297,_______,1/2/2023,2025-11-09,2023-02,features_attributes.csv
CUS_0xbff1,David Henryn,49,809-15-9648,Developer,1/2/2023,2025-11-09,2023-02,features_attributes.csv
CUS_0xc0a3,Waltert,23_,732-50-0677,Engineer,1/2/2023,2025-11-09,2023-02,features_attributes.csv
CUS_0xc0c6,Tracy Rucinskih,35,962-51-8001,Developer,1/2/2023,2025-11-09,2023-02,features_attributes.csv
CUS_0xc0d9,Lukew,34,762-52-2841,Accountant,1/2/2023,2025-11-09,2023-02,features_attributes.csv
CUS_0xc13,Suvashreek,43,667-64-6394,Developer,1/2/2023,2025-11-09,2023-02,features_attributes.csv
CUS_0xc195,Laurenceq,24,939-96-0773,Mechanic,1/2/2023,2025-11-09,2023-02,features_attributes.csv
CUS_0xc1e8,Jasonc,36,501-97-0944,Developer,1/2/2023,2025-11-09,2023-02,features_attributes.csv
CUS_0xc205,Bertonq,42,198-86-8137,Mechanic,1/2/2023,2025-11-09,2023-02,features_attributes.csv
CUS_0xc2e8,Blamontc,40,243-24-5828,Architect,1/2/2023,2025-11-09,2023-02,features_attributes.csv
CUS_0xc301,Pedro dav,37,169-93-9953,Musician,1/2/2023,2025-11-09,2023-02,features_attributes.csv
CUS_0xc3d,Ingrassiaw,20,263-96-1708,Writer,1/2/2023,2025-11-09,2023-02,features_attributes.csv
CUS_0xc416,"ODonnell\"i",38,070-24-6926,Accountant,1/2/2023,2025-11-09,2023-02,features_attributes.csv
CUS_0xc442,Sophie Sassardg,27,294-98-9820,Musician,1/2/2023,2025-11-09,2023-02,features_attributes.csv
CUS_0xc4bb,Davidx,20,084-61-3398,Media_Manager,1/2/2023,2025-11-09,2023-02,features_attributes.csv
CUS_0xc59d,Herskovitzq,41,233-15-6589,Manager,1/2/2023,2025-11-09,2023-02,features_attributes.csv
CUS_0xc5b2,Atossap,26,667-76-6132,Entrepreneur,1/2/2023,2025-11-09,2023-02,features_attributes.csv
CUS_0xc6e,Suzannep,20,860-37-4299,Engineer,1/2/2023,2025-11-09,2023-02,features_attributes.csv
CUS_0xc70d,Raymondw,17,281-36-9148,Scientist,1/2/2023,2025-11-09,2023-02,features_attributes.csv
CUS_0xc90,Danielx,45,240-36-3542,Musician,1/2/2023,2025-11-09,2023-02,features_attributes.csv
CUS_0xcfc,Catherine Bosleyz,31,555-99-1654,Engineer,1/2/2023,2025-11-09,2023-02,features_attributes.csv
CUS_0xd33,Petea,40,897-09-1805,Musician,1/2/2023,2025-11-09,2023-02,features_attributes.csv
CUS_0xd7c,Soyoung Kimk,40,#F%$D@*&8,Architect,1/2/2023,2025-11-09,2023-02,features_attributes.csv
CUS_0xdbf,Leika Kiharal,306,686-42-0469,Developer,1/2/2023,2025-11-09,2023-02,features_attributes.csv
CUS_0xdea,Emmam,25,735-58-7826,Teacher,1/2/2023,2025-11-09,2023-02,features_attributes.csv
CUS_0xec8,John Acherx,18,115-56-7254,Entrepreneur,1/2/2023,2025-11-09,2023-02,features_attributes.csv
CUS_0xfcc,Suvashree Deyy,22,388-13-4625,_______,1/2/2023,2025-11-09,2023-02,features_attributes.csv
