Customer_ID,Name,Age,SSN,Occupation,snapshot_date,ingest_dt,snap_ym,source_file
CUS_0x102d,Neil Chatterjeex,31,692-71-7552,Entrepreneur,1/1/2024,2025-11-09,2024-01,features_attributes.csv
CUS_0x1051,Lucia Mutikanin,42,232-33-7638,Engineer,1/1/2024,2025-11-09,2024-01,features_attributes.csv
CUS_0x1269,Chadbournk,22,755-70-8952,Manager,1/1/2024,2025-11-09,2024-01,features_attributes.csv
CUS_0x1290,Pattanaikb,31,922-15-4739,Architect,1/1/2024,2025-11-09,2024-01,features_attributes.csv
CUS_0x12d1,Hirschlers,41,618-45-3370,Accountant,1/1/2024,2025-11-09,2024-01,features_attributes.csv
CUS_0x12d5,ita Bosed,28,518-01-2262,Scientist,1/1/2024,2025-11-09,2024-01,features_attributes.csv
CUS_0x133e,Carews,41,914-49-0079,Entrepreneur,1/1/2024,2025-11-09,2024-01,features_attributes.csv
CUS_0x1383,Niklasb,19,000-58-0568,Developer,1/1/2024,2025-11-09,2024-01,features_attributes.csv
CUS_0x143c,Kumar Singhj,35,422-18-4190,Accountant,1/1/2024,2025-11-09,2024-01,features_attributes.csv
CUS_0x14d0,Huwk,22,271-41-2506,Musician,1/1/2024,2025-11-09,2024-01,features_attributes.csv
CUS_0x150d,Costa Markl,38,868-87-6401,Writer,1/1/2024,2025-11-09,2024-01,features_attributes.csv
CUS_0x1550,Scuffhamm,38,#F%$D@*&8,Musician,1/1/2024,2025-11-09,2024-01,features_attributes.csv
CUS_0x1589,Olivia Oranw,36,618-91-2082,Doctor,1/1/2024,2025-11-09,2024-01,features_attributes.csv
CUS_0x1668,Emily Stephensonm,30,371-79-8484,Scientist,1/1/2024,2025-11-09,2024-01,features_attributes.csv
CUS_0x167a,Soyoung Kimt,44,851-45-6853,_______,1/1/2024,2025-11-09,2024-01,features_attributes.csv
CUS_0x1688,Kerberl,39,741-04-8469,Architect,1/1/2024,2025-11-09,2024-01,features_attributes.csv
CUS_0x1718,Hyunjoo Jinh,43,047-16-1543,Architect,1/1/2024,2025-11-09,2024-01,features_attributes.csv
CUS_0x1758,Miaq,22,322-65-4078,Lawyer,1/1/2024,2025-11-09,2024-01,features_attributes.csv
CUS_0x1764,Ross Kerberf,26,807-84-4440,Engineer,1/1/2024,2025-11-09,2024-01,features_attributes.csv
CUS_0x17e3,Jasonb,30,#F%$D@*&8,Media_Manager,1/1/2024,2025-11-09,2024-01,features_attributes.csv
CUS_0x18cb,Alistair Barrt,41,171-38-6810,Media_Manager,1/1/2024,2025-11-09,2024-01,features_attributes.csv
CUS_0x1942,Jeffsd,28,508-88-3060,Developer,1/1/2024,2025-11-09,2024-01,features_attributes.csv
CUS_0x198e,Janw,23,128-90-0444,Teacher,1/1/2024,2025-11-09,2024-01,features_attributes.csv
CUS_0x19a7,Forgioner,34,#F%$D@*&8,Musician,1/1/2024,2025-11-09,2024-01,features_attributes.csv
CUS_0x19b5,Jan Strupczewskip,52,331-73-1353,Mechanic,1/1/2024,2025-11-09,2024-01,features_attributes.csv
CUS_0x1b09,Scheyderu,40,507-03-3969,Entrepreneur,1/1/2024,2025-11-09,2024-01,features_attributes.csv
CUS_0x1bff,Anjuli Daviest,38,057-88-5600,Accountant,1/1/2024,2025-11-09,2024-01,features_attributes.csv
CUS_0x1c12,Alwyn Scottm,20,644-02-4671,Musician,1/1/2024,2025-11-09,2024-01,features_attributes.csv
CUS_0x1c1f,Andreas Cremerz,19,547-35-1825,Writer,1/1/2024,2025-11-09,2024-01,features_attributes.csv
CUS_0x1c7e,Aruna Viswanathaf,30,972-18-0008,Teacher,1/1/2024,2025-11-09,2024-01,features_attributes.csv
CUS_0x1cc4,Xinc,47,541-42-6554,Lawyer,1/1/2024,2025-11-09,2024-01,features_attributes.csv
CUS_0x1cce,Tomh,32,573-65-2004,Entrepreneur,1/1/2024,2025-11-09,2024-01,features_attributes.csv
CUS_0x1d1b,Araxiac,20,566-75-8198,Manager,1/1/2024,2025-11-09,2024-01,features_attributes.csv
CUS_0x1d33,Christiaan Hetznern,40,697-07-9858,Journalist,1/1/2024,2025-11-09,2024-01,features_attributes.csv
CUS_0x1d9a,Koranyic,17,986-27-1625,Lawyer,1/1/2024,2025-11-09,2024-01,features_attributes.csv
CUS_0x1e2d,Hepherd,55,028-71-5831,Media_Manager,1/1/2024,2025-11-09,2024-01,features_attributes.csv
CUS_0x1e72,Jonathan Stempelb,36,895-93-2668,Architect,1/1/2024,2025-11-09,2024-01,features_attributes.csv
CUS_0x1eee,Gardnerp,34,513-08-1791,Teacher,1/1/2024,2025-11-09,2024-01,features_attributes.csv
CUS_0x1efd,Oreskovicq,16,966-55-9007,Teacher,1/1/2024,2025-11-09,2024-01,features_attributes.csv
CUS_0x1f43,Anna Driveri,45,428-62-5470,Lawyer,1/1/2024,2025-11-09,2024-01,features_attributes.csv
CUS_0x1f74,Khettiya Jittapongc,19,588-75-5901,Architect,1/1/2024,2025-11-09,2024-01,features_attributes.csv
CUS_0x1feb,Gregu,47,098-21-5869,Engineer,1/1/2024,2025-11-09,2024-01,features_attributes.csv
CUS_0x2005,Muriel Bosellit,43,671-03-2737,Doctor,1/1/2024,2025-11-09,2024-01,features_attributes.csv
CUS_0x2059,Am ay,48,#F%$D@*&8,Journalist,1/1/2024,2025-11-09,2024-01,features_attributes.csv
CUS_0x2095,Victoria Bryane,20,774-74-4749,Entrepreneur,1/1/2024,2025-11-09,2024-01,features_attributes.csv
CUS_0x20ff,Gerry Shihg,37,816-89-5174,Doctor,1/1/2024,2025-11-09,2024-01,features_attributes.csv
CUS_0x211a,Williamv,20,371-22-9085,Writer,1/1/2024,2025-11-09,2024-01,features_attributes.csv
CUS_0x211f,Ryanz,30,#F%$D@*&8,Doctor,1/1/2024,2025-11-09,2024-01,features_attributes.csv
CUS_0x214c,Rene Wagnerl,40,551-77-8269,Musician,1/1/2024,2025-11-09,2024-01,features_attributes.csv
CUS_0x2189,Shalal-Esao,25,529-93-5266,Writer,1/1/2024,2025-11-09,2024-01,features_attributes.csv
CUS_0x2311,Stempelf,24,983-35-3664,Lawyer,1/1/2024,2025-11-09,2024-01,features_attributes.csv
CUS_0x237b,Andrew Osbornc,28,185-41-6589,Musician,1/1/2024,2025-11-09,2024-01,features_attributes.csv
CUS_0x239e,Ann Saphirs,35,867-85-4862,Musician,1/1/2024,2025-11-09,2024-01,features_attributes.csv
CUS_0x2416,Noahn,32_,651-23-3051,Manager,1/1/2024,2025-11-09,2024-01,features_attributes.csv
CUS_0x242e,Deepa Seetharamanm,44,056-99-1422,Teacher,1/1/2024,2025-11-09,2024-01,features_attributes.csv
CUS_0x2444,Benn,19,983-43-5441,Teacher,1/1/2024,2025-11-09,2024-01,features_attributes.csv
CUS_0x247c,Sn,48,478-48-3295,Developer,1/1/2024,2025-11-09,2024-01,features_attributes.csv
CUS_0x2499,Kevinv,55,672-40-8326,Mechanic,1/1/2024,2025-11-09,2024-01,features_attributes.csv
CUS_0x24d9,Jason Langeg,17,522-84-7788,Architect,1/1/2024,2025-11-09,2024-01,features_attributes.csv
CUS_0x2547,Kaiserh,35,716-36-6138,Lawyer,1/1/2024,2025-11-09,2024-01,features_attributes.csv
CUS_0x25ca,Virkip,40,#F%$D@*&8,Doctor,1/1/2024,2025-11-09,2024-01,features_attributes.csv
CUS_0x2767,Krisztinaq,44,749-94-3595,Media_Manager,1/1/2024,2025-11-09,2024-01,features_attributes.csv
CUS_0x27c2,Gilles Guillaumev,15,534-04-9143,Teacher,1/1/2024,2025-11-09,2024-01,features_attributes.csv
CUS_0x286c,Alan Wheatleyx,45,637-19-7311,Engineer,1/1/2024,2025-11-09,2024-01,features_attributes.csv
CUS_0x2954,Praveen Menoni,45,988-44-7575,Musician,1/1/2024,2025-11-09,2024-01,features_attributes.csv
CUS_0x2982,Matt Scuffhamw,36,325-12-7594,Journalist,1/1/2024,2025-11-09,2024-01,features_attributes.csv
CUS_0x2a06,Jedf,41,263-17-4432,Mechanic,1/1/2024,2025-11-09,2024-01,features_attributes.csv
CUS_0x2a23,Palmerj,19,119-60-6278,_______,1/1/2024,2025-11-09,2024-01,features_attributes.csv
CUS_0x2a70,John McCrankp,45,777-80-3212,Journalist,1/1/2024,2025-11-09,2024-01,features_attributes.csv
CUS_0x2a75,Ashley Laui,43,079-38-0782,Teacher,1/1/2024,2025-11-09,2024-01,features_attributes.csv
CUS_0x2a8b,Thomasm,46,441-09-7559,Architect,1/1/2024,2025-11-09,2024-01,features_attributes.csv
CUS_0x2af3,Carstenn,23,105-65-3952,Mechanic,1/1/2024,2025-11-09,2024-01,features_attributes.csv
CUS_0x2b05,Matthewi,30,554-77-6020,Entrepreneur,1/1/2024,2025-11-09,2024-01,features_attributes.csv
CUS_0x2b52,Laynem,2823,140-37-8162,Doctor,1/1/2024,2025-11-09,2024-01,features_attributes.csv
CUS_0x2b59,Paulb,26,708-52-5954,Accountant,1/1/2024,2025-11-09,2024-01,features_attributes.csv
CUS_0x2bed,Lambertg,25,630-87-7057,Accountant,1/1/2024,2025-11-09,2024-01,features_attributes.csv
CUS_0x2bfc,Nickb,27,335-49-3815,Entrepreneur,1/1/2024,2025-11-09,2024-01,features_attributes.csv
CUS_0x2c08,Jennifer Abland,31,918-15-6457,Manager,1/1/2024,2025-11-09,2024-01,features_attributes.csv
CUS_0x2d14,Katharinar,36,086-99-1836,Writer,1/1/2024,2025-11-09,2024-01,features_attributes.csv
CUS_0x2e16,Freifeldd,24,293-57-4895,Journalist,1/1/2024,2025-11-09,2024-01,features_attributes.csv
CUS_0x2e1a,Karen Freifeldy,40,982-30-1908,Architect,1/1/2024,2025-11-09,2024-01,features_attributes.csv
CUS_0x2e8d,Valentina Zaz,32_,026-76-5731,Manager,1/1/2024,2025-11-09,2024-01,features_attributes.csv
CUS_0x2ee4,Sue Zeidlerr,39,896-59-5635,Manager,1/1/2024,2025-11-09,2024-01,features_attributes.csv
CUS_0x2fa7,Scottd,28,440-12-8308,Developer,1/1/2024,2025-11-09,2024-01,features_attributes.csv
CUS_0x2fc5,Estelle Shirboni,27,113-07-0267,Engineer,1/1/2024,2025-11-09,2024-01,features_attributes.csv
CUS_0x2ff7,LaCapra Arunac,38,796-41-0821,Accountant,1/1/2024,2025-11-09,2024-01,features_attributes.csv
CUS_0x303a,Marianna Parragac,56,784-81-5355,Architect,1/1/2024,2025-11-09,2024-01,features_attributes.csv
CUS_0x305c,Sven Egenterv,30,979-78-2250,Teacher,1/1/2024,2025-11-09,2024-01,features_attributes.csv
CUS_0x3082,Stevenb,38,806-23-0871,Mechanic,1/1/2024,2025-11-09,2024-01,features_attributes.csv
CUS_0x308d,Valetkevitchu,46,754-40-2219,Lawyer,1/1/2024,2025-11-09,2024-01,features_attributes.csv
CUS_0x3101,Moonb,14,731-31-7428,Musician,1/1/2024,2025-11-09,2024-01,features_attributes.csv
CUS_0x3127,Sarahj,19,051-95-4107,Accountant,1/1/2024,2025-11-09,2024-01,features_attributes.csv
CUS_0x3161,Kirstin Ridleyh,21,226-02-8399,Lawyer,1/1/2024,2025-11-09,2024-01,features_attributes.csv
CUS_0x3187,Jan Schwartze,40,024-52-4439,Architect,1/1/2024,2025-11-09,2024-01,features_attributes.csv
CUS_0x31b8,Leika Kiharaf,30,585-66-1321,Manager,1/1/2024,2025-11-09,2024-01,features_attributes.csv
CUS_0x31c0,Woodalle,16,628-30-1467,Manager,1/1/2024,2025-11-09,2024-01,features_attributes.csv
CUS_0x3214,en Berkowitzz,30,229-85-4742,Architect,1/1/2024,2025-11-09,2024-01,features_attributes.csv
CUS_0x323f,Maedaw,21,805-19-6318,Mechanic,1/1/2024,2025-11-09,2024-01,features_attributes.csv
CUS_0x332e,Palmero,56,723-86-0120,Entrepreneur,1/1/2024,2025-11-09,2024-01,features_attributes.csv
CUS_0x3389,Edward Krudyd,15,894-41-9091,Manager,1/1/2024,2025-11-09,2024-01,features_attributes.csv
CUS_0x33b7,Estelle Shirbonf,49,823-99-1079,_______,1/1/2024,2025-11-09,2024-01,features_attributes.csv
CUS_0x33cd,Anna Drivera,45,865-29-4760,Engineer,1/1/2024,2025-11-09,2024-01,features_attributes.csv
CUS_0x33d2,Chalmersa,31,#F%$D@*&8,Scientist,1/1/2024,2025-11-09,2024-01,features_attributes.csv
CUS_0x3410,Davidj,20,#F%$D@*&8,Architect,1/1/2024,2025-11-09,2024-01,features_attributes.csv
CUS_0x35ca,Nickp,40,602-68-5090,_______,1/1/2024,2025-11-09,2024-01,features_attributes.csv
CUS_0x368d,Kevinv,21,012-42-3003,Developer,1/1/2024,2025-11-09,2024-01,features_attributes.csv
CUS_0x36c2,Robin Emmottk,39_,090-08-6722,Accountant,1/1/2024,2025-11-09,2024-01,features_attributes.csv
CUS_0x3731,Sudip Kar-Guptah,35,#F%$D@*&8,Accountant,1/1/2024,2025-11-09,2024-01,features_attributes.csv
CUS_0x3806,Lucianaj,43,193-16-3893,Architect,1/1/2024,2025-11-09,2024-01,features_attributes.csv
CUS_0x387c,Mousavizadehm,48,567-83-0551,Accountant,1/1/2024,2025-11-09,2024-01,features_attributes.csv
CUS_0x38ce,Jano,24,220-55-9427,Lawyer,1/1/2024,2025-11-09,2024-01,features_attributes.csv
CUS_0x38cf,Mattx,55,151-48-0792,Media_Manager,1/1/2024,2025-11-09,2024-01,features_attributes.csv
CUS_0x38e0,Natek,20,385-08-6442,Writer,1/1/2024,2025-11-09,2024-01,features_attributes.csv
CUS_0x3af9,Patrick Temple-Westy,21,433-89-9955,Writer,1/1/2024,2025-11-09,2024-01,features_attributes.csv
CUS_0x3b04,Suoninenx,33,812-97-4156,Mechanic,1/1/2024,2025-11-09,2024-01,features_attributes.csv
CUS_0x3b15,Matthias Williamsb,53,493-85-2291,Manager,1/1/2024,2025-11-09,2024-01,features_attributes.csv
CUS_0x3b7d,Huw Jonesc,41,293-93-9501,Musician,1/1/2024,2025-11-09,2024-01,features_attributes.csv
CUS_0x3ce3,Euan Rochai,47,319-42-1987,Entrepreneur,1/1/2024,2025-11-09,2024-01,features_attributes.csv
CUS_0x3d3f,Busvinen,53,034-14-6103,Architect,1/1/2024,2025-11-09,2024-01,features_attributes.csv
CUS_0x3d68,Warnera,16,#F%$D@*&8,Musician,1/1/2024,2025-11-09,2024-01,features_attributes.csv
CUS_0x3e79,Debenedettim,30,578-88-1975,Mechanic,1/1/2024,2025-11-09,2024-01,features_attributes.csv
CUS_0x3eeb,Mattb,50,817-12-6781,_______,1/1/2024,2025-11-09,2024-01,features_attributes.csv
CUS_0x3f38,Emily Flitterl,15,216-01-1461,Entrepreneur,1/1/2024,2025-11-09,2024-01,features_attributes.csv
CUS_0x3f71,Gopinathl,26,624-03-0844,_______,1/1/2024,2025-11-09,2024-01,features_attributes.csv
CUS_0x3f7d,Liana B.y,35,739-02-3276,_______,1/1/2024,2025-11-09,2024-01,features_attributes.csv
CUS_0x3fb4,Sassarda,33,#F%$D@*&8,Mechanic,1/1/2024,2025-11-09,2024-01,features_attributes.csv
CUS_0x400a,Dhanyaf,28,042-99-0678,Media_Manager,1/1/2024,2025-11-09,2024-01,features_attributes.csv
CUS_0x4034,Carole Vaporeank,53,224-53-0917,Doctor,1/1/2024,2025-11-09,2024-01,features_attributes.csv
CUS_0x403d,Michele Kambasq,49,067-11-8097,Manager,1/1/2024,2025-11-09,2024-01,features_attributes.csv
CUS_0x405,Arunaz,31,913-61-3427,Writer,1/1/2024,2025-11-09,2024-01,features_attributes.csv
CUS_0x406,Robert-Jano,33,473-73-3353,Architect,1/1/2024,2025-11-09,2024-01,features_attributes.csv
CUS_0x40bd,Nick Zieminskip,53,681-32-9435,Architect,1/1/2024,2025-11-09,2024-01,features_attributes.csv
CUS_0x41dc,Deepay,22,054-35-0954,_______,1/1/2024,2025-11-09,2024-01,features_attributes.csv
CUS_0x41e8,Emily Flitterr,30,#F%$D@*&8,Musician,1/1/2024,2025-11-09,2024-01,features_attributes.csv
CUS_0x4223,Investment Correspondentu,21,631-86-9034,Developer,1/1/2024,2025-11-09,2024-01,features_attributes.csv
CUS_0x436c,Johnson Jilianq,52,807-28-6080,Journalist,1/1/2024,2025-11-09,2024-01,features_attributes.csv
CUS_0x437e,Alpers,45,997-25-9594,Architect,1/1/2024,2025-11-09,2024-01,features_attributes.csv
CUS_0x440,Robin Emmottj,30,144-45-0895,Accountant,1/1/2024,2025-11-09,2024-01,features_attributes.csv
CUS_0x4437,Emmotty,40_,095-24-1528,Teacher,1/1/2024,2025-11-09,2024-01,features_attributes.csv
CUS_0x4484,Allisonq,39_,725-12-6374,Architect,1/1/2024,2025-11-09,2024-01,features_attributes.csv
CUS_0x4496,Granth,44,091-74-3731,Entrepreneur,1/1/2024,2025-11-09,2024-01,features_attributes.csv
CUS_0x4574,Elenav,26,115-33-9294,Mechanic,1/1/2024,2025-11-09,2024-01,features_attributes.csv
CUS_0x45d2,Charlesh,2580,548-90-9826,Engineer,1/1/2024,2025-11-09,2024-01,features_attributes.csv
CUS_0x4602,Krisztina Thant,25,480-01-0903,Entrepreneur,1/1/2024,2025-11-09,2024-01,features_attributes.csv
CUS_0x4655,Lawdert,46,341-38-6599,Accountant,1/1/2024,2025-11-09,2024-01,features_attributes.csv
CUS_0x4696,Paul Carreln,24,#F%$D@*&8,Accountant,1/1/2024,2025-11-09,2024-01,features_attributes.csv
CUS_0x46b5,Szakacsj,18,491-92-4340,Entrepreneur,1/1/2024,2025-11-09,2024-01,features_attributes.csv
CUS_0x46f7,Masony,26,925-05-0709,Writer,1/1/2024,2025-11-09,2024-01,features_attributes.csv
CUS_0x471f,Emilyu,25,220-69-1489,Manager,1/1/2024,2025-11-09,2024-01,features_attributes.csv
CUS_0x477c,Edward Krudyn,37,#F%$D@*&8,Teacher,1/1/2024,2025-11-09,2024-01,features_attributes.csv
CUS_0x47db,Granto,16,#F%$D@*&8,Musician,1/1/2024,2025-11-09,2024-01,features_attributes.csv
CUS_0x47e,Lisah,47,821-33-2218,Writer,1/1/2024,2025-11-09,2024-01,features_attributes.csv
CUS_0x4862,"OBrien\"u",18,#F%$D@*&8,Mechanic,1/1/2024,2025-11-09,2024-01,features_attributes.csv
CUS_0x4864,Patrickt,16,231-65-2394,Engineer,1/1/2024,2025-11-09,2024-01,features_attributes.csv
CUS_0x4874,Langi Chiangg,51,647-44-9598,_______,1/1/2024,2025-11-09,2024-01,features_attributes.csv
CUS_0x48e,Tomm,30,627-30-1936,Architect,1/1/2024,2025-11-09,2024-01,features_attributes.csv
CUS_0x48f,Stefanoo,25,323-92-8842,Journalist,1/1/2024,2025-11-09,2024-01,features_attributes.csv
CUS_0x4953,Reddallr,23,181-95-5782,Mechanic,1/1/2024,2025-11-09,2024-01,features_attributes.csv
CUS_0x49c1,Somasundaramf,26,943-32-4567,_______,1/1/2024,2025-11-09,2024-01,features_attributes.csv
CUS_0x4a0d,Luciaw,27,129-01-2521,Scientist,1/1/2024,2025-11-09,2024-01,features_attributes.csv
CUS_0x4a51,Nate Raymondw,14,658-15-9936,Scientist,1/1/2024,2025-11-09,2024-01,features_attributes.csv
CUS_0x4aaa,Caseyo,42,676-15-0435,Architect,1/1/2024,2025-11-09,2024-01,features_attributes.csv
CUS_0x4ac2,Gahagand,43,142-75-5225,Developer,1/1/2024,2025-11-09,2024-01,features_attributes.csv
CUS_0x4b17,Strupczewskim,37,162-49-4391,Writer,1/1/2024,2025-11-09,2024-01,features_attributes.csv
CUS_0x4b8b,Valetkevitchu,18,842-07-2442,Accountant,1/1/2024,2025-11-09,2024-01,features_attributes.csv
CUS_0x4b91,Ken Willsw,17,352-38-8467,Entrepreneur,1/1/2024,2025-11-09,2024-01,features_attributes.csv
CUS_0x4d3,enk,25,336-50-3957,Scientist,1/1/2024,2025-11-09,2024-01,features_attributes.csv
CUS_0x4d40,Thomasi,40,#F%$D@*&8,Architect,1/1/2024,2025-11-09,2024-01,features_attributes.csv
CUS_0x4d64,Lefterist,42,957-74-9921,Entrepreneur,1/1/2024,2025-11-09,2024-01,features_attributes.csv
CUS_0x4dde,Lauren Taram,40,841-41-7313,Entrepreneur,1/1/2024,2025-11-09,2024-01,features_attributes.csv
CUS_0x4e73,Yantoultra Nguic,47_,493-46-7198,Developer,1/1/2024,2025-11-09,2024-01,features_attributes.csv
CUS_0x4f01,Selam Gebrekidank,29,729-37-0827,Lawyer,1/1/2024,2025-11-09,2024-01,features_attributes.csv
CUS_0x4fd8,Giselda Vagnonin,41,892-27-9488,Manager,1/1/2024,2025-11-09,2024-01,features_attributes.csv
CUS_0x5044,James Daveyj,23_,729-31-7906,Lawyer,1/1/2024,2025-11-09,2024-01,features_attributes.csv
CUS_0x5082,Clara Ferreira-Marquesl,26,045-69-2378,Architect,1/1/2024,2025-11-09,2024-01,features_attributes.csv
CUS_0x5087,Jonathana,32,898-20-2778,Manager,1/1/2024,2025-11-09,2024-01,features_attributes.csv
CUS_0x50e6,Shihy,20,487-62-4672,Developer,1/1/2024,2025-11-09,2024-01,features_attributes.csv
CUS_0x50e9,Kimu,34,190-22-7771,Writer,1/1/2024,2025-11-09,2024-01,features_attributes.csv
CUS_0x51db,Estelle Shirbond,29,037-73-8964,Manager,1/1/2024,2025-11-09,2024-01,features_attributes.csv
CUS_0x5213,Paul Daym,24,480-01-9287,Writer,1/1/2024,2025-11-09,2024-01,features_attributes.csv
CUS_0x52c2,enf,33,033-23-7885,Media_Manager,1/1/2024,2025-11-09,2024-01,features_attributes.csv
CUS_0x5338,Scotty,38,109-33-6582,Teacher,1/1/2024,2025-11-09,2024-01,features_attributes.csv
CUS_0x5391,Economics Correspondenti,29,830-09-1776,Manager,1/1/2024,2025-11-09,2024-01,features_attributes.csv
CUS_0x542d,Saleh Al-Shaibanyt,50,826-04-5929,Architect,1/1/2024,2025-11-09,2024-01,features_attributes.csv
CUS_0x54a8,Jonesc,15,207-34-4989,Doctor,1/1/2024,2025-11-09,2024-01,features_attributes.csv
CUS_0x54d7,Paritoshe,37,052-22-1460,Architect,1/1/2024,2025-11-09,2024-01,features_attributes.csv
CUS_0x55c6,Spicerl,32,987-22-2665,Journalist,1/1/2024,2025-11-09,2024-01,features_attributes.csv
CUS_0x55eb,Sujata Raom,18,#F%$D@*&8,Journalist,1/1/2024,2025-11-09,2024-01,features_attributes.csv
CUS_0x55f1,Leelak,23,170-18-6434,Scientist,1/1/2024,2025-11-09,2024-01,features_attributes.csv
CUS_0x55f5,Robin Paxtonn,42,897-29-6692,Journalist,1/1/2024,2025-11-09,2024-01,features_attributes.csv
CUS_0x566f,t Pascales,22,718-85-5500,Accountant,1/1/2024,2025-11-09,2024-01,features_attributes.csv
CUS_0x56a9,Kambasc,28,628-92-2669,Mechanic,1/1/2024,2025-11-09,2024-01,features_attributes.csv
CUS_0x56b2,Lynchb,24,505-20-4361,Mechanic,1/1/2024,2025-11-09,2024-01,features_attributes.csv
CUS_0x575d,Dmitry Zhdannikovp,32,910-44-2354,_______,1/1/2024,2025-11-09,2024-01,features_attributes.csv
CUS_0x5775,McCranke,48,410-75-4980,Accountant,1/1/2024,2025-11-09,2024-01,features_attributes.csv
CUS_0x57e5,Guptab,42,029-79-5137,Musician,1/1/2024,2025-11-09,2024-01,features_attributes.csv
CUS_0x5825,Stanwayu,43,559-48-2098,Media_Manager,1/1/2024,2025-11-09,2024-01,features_attributes.csv
CUS_0x585c,Spicerx,39,212-80-7573,Teacher,1/1/2024,2025-11-09,2024-01,features_attributes.csv
CUS_0x5862,Economics Correspondentf,23,688-62-7898,Engineer,1/1/2024,2025-11-09,2024-01,features_attributes.csv
CUS_0x5872,Leah Schnurre,21,525-66-8666,Musician,1/1/2024,2025-11-09,2024-01,features_attributes.csv
CUS_0x5899,Mutikanix,29,691-71-6797,Media_Manager,1/1/2024,2025-11-09,2024-01,features_attributes.csv
CUS_0x58cd,ernie Woodallv,35,951-55-4902,Teacher,1/1/2024,2025-11-09,2024-01,features_attributes.csv
CUS_0x5984,Jim Wolfk,28,401-11-2941,Engineer,1/1/2024,2025-11-09,2024-01,features_attributes.csv
CUS_0x59a9,David Henrym,28,#F%$D@*&8,Entrepreneur,1/1/2024,2025-11-09,2024-01,features_attributes.csv
CUS_0x5a53,Luke Pachymuthuw,32,468-16-8245,Journalist,1/1/2024,2025-11-09,2024-01,features_attributes.csv
CUS_0x5a6d,Wheatleyi,19,954-02-4606,Scientist,1/1/2024,2025-11-09,2024-01,features_attributes.csv
CUS_0x5ab,Noelw,20,671-04-1709,Manager,1/1/2024,2025-11-09,2024-01,features_attributes.csv
CUS_0x5ac4,Sruthi Ramakrishnanw,36,813-42-3226,Scientist,1/1/2024,2025-11-09,2024-01,features_attributes.csv
CUS_0x5b5,Ann Saphiry,39,027-27-7758,Mechanic,1/1/2024,2025-11-09,2024-01,features_attributes.csv
CUS_0x5b88,Ritsuko Andoo,52,358-72-2084,Developer,1/1/2024,2025-11-09,2024-01,features_attributes.csv
CUS_0x5bb7,Deepa Seetharamank,47,237-77-2781,Journalist,1/1/2024,2025-11-09,2024-01,features_attributes.csv
CUS_0x5bb9,Zawadzkij,23,821-51-9121,Teacher,1/1/2024,2025-11-09,2024-01,features_attributes.csv
CUS_0x5bdb,Rv,42,419-12-7067,Engineer,1/1/2024,2025-11-09,2024-01,features_attributes.csv
CUS_0x5c2f,Gellert,38,091-78-1652,Architect,1/1/2024,2025-11-09,2024-01,features_attributes.csv
CUS_0x5c4f,Mirna Sleimanp,42,832-33-3807,Lawyer,1/1/2024,2025-11-09,2024-01,features_attributes.csv
CUS_0x5d0c,Luciana Lopezn,28,133-75-8141,Lawyer,1/1/2024,2025-11-09,2024-01,features_attributes.csv
CUS_0x5d1a,Mattd,31,825-11-2838,Architect,1/1/2024,2025-11-09,2024-01,features_attributes.csv
CUS_0x5dfa,John Crawleyk,45,471-52-7562,Entrepreneur,1/1/2024,2025-11-09,2024-01,features_attributes.csv
CUS_0x5e43,Matthew Goldsteinz,21,480-41-6550,Architect,1/1/2024,2025-11-09,2024-01,features_attributes.csv
CUS_0x5e61,Lucy Hornbya,25,615-93-9083,Teacher,1/1/2024,2025-11-09,2024-01,features_attributes.csv
CUS_0x5f3f,Alexei Oreskovics,44,659-25-1819,Doctor,1/1/2024,2025-11-09,2024-01,features_attributes.csv
CUS_0x5f81,Adlerh,5714,054-65-4637,Entrepreneur,1/1/2024,2025-11-09,2024-01,features_attributes.csv
CUS_0x6058,Jonasl,38,159-06-4178,Journalist,1/1/2024,2025-11-09,2024-01,features_attributes.csv
CUS_0x6087,Marcusk,23,371-67-0471,Doctor,1/1/2024,2025-11-09,2024-01,features_attributes.csv
CUS_0x60aa,Semerarov,37,812-89-6483,_______,1/1/2024,2025-11-09,2024-01,features_attributes.csv
CUS_0x60ca,David Millikenr,27,158-17-5520,Mechanic,1/1/2024,2025-11-09,2024-01,features_attributes.csv
CUS_0x612b,Caroline Copleyl,24,118-73-3764,Writer,1/1/2024,2025-11-09,2024-01,features_attributes.csv
CUS_0x6160,Emma Thomassonw,24,748-02-2384,Entrepreneur,1/1/2024,2025-11-09,2024-01,features_attributes.csv
CUS_0x6184,Sarahc,42,245-92-1411,Doctor,1/1/2024,2025-11-09,2024-01,features_attributes.csv
CUS_0x61a4,Papadimasd,32,472-31-0351,_______,1/1/2024,2025-11-09,2024-01,features_attributes.csv
CUS_0x61a5,Ross Kerberc,40,590-89-8290,Media_Manager,1/1/2024,2025-11-09,2024-01,features_attributes.csv
CUS_0x62c3,Charlie Zhuk,46_,960-26-5577,Entrepreneur,1/1/2024,2025-11-09,2024-01,features_attributes.csv
CUS_0x634d,Joseph Axo,40,023-02-7424,Engineer,1/1/2024,2025-11-09,2024-01,features_attributes.csv
CUS_0x635e,Christophera,22,468-39-2500,Teacher,1/1/2024,2025-11-09,2024-01,features_attributes.csv
CUS_0x6574,Sabaj,39,188-37-8564,Architect,1/1/2024,2025-11-09,2024-01,features_attributes.csv
CUS_0x66a7,Karenu,41,041-64-1188,Lawyer,1/1/2024,2025-11-09,2024-01,features_attributes.csv
CUS_0x66ef,Rafaelt,39,620-02-1126,Writer,1/1/2024,2025-11-09,2024-01,features_attributes.csv
CUS_0x6700,en Klaymanr,36,#F%$D@*&8,Doctor,1/1/2024,2025-11-09,2024-01,features_attributes.csv
CUS_0x673c,Elziot,40,#F%$D@*&8,Scientist,1/1/2024,2025-11-09,2024-01,features_attributes.csv
CUS_0x6754,Alexei Anishchukz,43,221-68-3307,Musician,1/1/2024,2025-11-09,2024-01,features_attributes.csv
CUS_0x67c6,Aruna Viswanathav,18,#F%$D@*&8,Musician,1/1/2024,2025-11-09,2024-01,features_attributes.csv
CUS_0x67e,Tiisetso Motsoenengy,21_,858-07-4707,Manager,1/1/2024,2025-11-09,2024-01,features_attributes.csv
CUS_0x6826,Edward Taylord,3764,527-13-3288,Engineer,1/1/2024,2025-11-09,2024-01,features_attributes.csv
CUS_0x68ef,McMillant,30,889-56-0995,Architect,1/1/2024,2025-11-09,2024-01,features_attributes.csv
CUS_0x691b,Chrism,47,113-64-4918,Scientist,1/1/2024,2025-11-09,2024-01,features_attributes.csv
CUS_0x6945,Mark Felsenthalj,35,189-61-6487,Engineer,1/1/2024,2025-11-09,2024-01,features_attributes.csv
CUS_0x6950,Clarkej,55,022-35-6033,Architect,1/1/2024,2025-11-09,2024-01,features_attributes.csv
CUS_0x69b4,Juliend,27,223-19-5180,Teacher,1/1/2024,2025-11-09,2024-01,features_attributes.csv
CUS_0x6aa4,Szakacsx,18,147-09-0323,Architect,1/1/2024,2025-11-09,2024-01,features_attributes.csv
CUS_0x6b15,Clare Jimz,30,#F%$D@*&8,Architect,1/1/2024,2025-11-09,2024-01,features_attributes.csv
CUS_0x6b76,Fabi Fergusc,35,741-40-2032,Musician,1/1/2024,2025-11-09,2024-01,features_attributes.csv
CUS_0x6bc3,ill Trottx,23,266-04-7936,Engineer,1/1/2024,2025-11-09,2024-01,features_attributes.csv
CUS_0x6be5,Zeba Siddiquin,26,321-47-0150,Musician,1/1/2024,2025-11-09,2024-01,features_attributes.csv
CUS_0x6c17,Katec,23,536-43-4104,Developer,1/1/2024,2025-11-09,2024-01,features_attributes.csv
CUS_0x6ddb,Basil Katzz,14,827-28-7539,Teacher,1/1/2024,2025-11-09,2024-01,features_attributes.csv
CUS_0x6f64,Andyx,25,#F%$D@*&8,Accountant,1/1/2024,2025-11-09,2024-01,features_attributes.csv
CUS_0x6fbe,Johnsonw,27,941-39-0627,Musician,1/1/2024,2025-11-09,2024-01,features_attributes.csv
CUS_0x7011,Rodrigoi,26,958-60-8128,Teacher,1/1/2024,2025-11-09,2024-01,features_attributes.csv
CUS_0x7015,Tim Kellyf,39,795-31-5311,Musician,1/1/2024,2025-11-09,2024-01,features_attributes.csv
CUS_0x709b,arbara Lewisq,44,211-23-4647,Manager,1/1/2024,2025-11-09,2024-01,features_attributes.csv
CUS_0x70ac,Jonasx,19,285-03-4644,Writer,1/1/2024,2025-11-09,2024-01,features_attributes.csv
CUS_0x70b3,Ryan Vlastelicaz,20,183-82-0629,Manager,1/1/2024,2025-11-09,2024-01,features_attributes.csv
CUS_0x7165,Kaisery,29,383-69-8663,Entrepreneur,1/1/2024,2025-11-09,2024-01,features_attributes.csv
CUS_0x719f,Alasdair Reillyx,19,380-45-5656,Architect,1/1/2024,2025-11-09,2024-01,features_attributes.csv
CUS_0x71c1,Stella Dawsonx,43,653-62-1870,Entrepreneur,1/1/2024,2025-11-09,2024-01,features_attributes.csv
CUS_0x71ca,Christiaan Hetznern,-500,305-81-4718,Media_Manager,1/1/2024,2025-11-09,2024-01,features_attributes.csv
CUS_0x7258,Laurencep,17,942-66-7166,Entrepreneur,1/1/2024,2025-11-09,2024-01,features_attributes.csv
CUS_0x7307,le Paull,15,362-67-6890,Engineer,1/1/2024,2025-11-09,2024-01,features_attributes.csv
CUS_0x7330,Shihr,36,528-66-6277,Doctor,1/1/2024,2025-11-09,2024-01,features_attributes.csv
CUS_0x738c,Rodrigo Camposc,15,002-82-0303,Manager,1/1/2024,2025-11-09,2024-01,features_attributes.csv
CUS_0x73a5,Prakash Chakravartih,22,759-19-6701,Developer,1/1/2024,2025-11-09,2024-01,features_attributes.csv
CUS_0x745b,Axelx,45,516-38-0624,Writer,1/1/2024,2025-11-09,2024-01,features_attributes.csv
CUS_0x7480,Isabel Reynoldsj,55,389-24-0840,Lawyer,1/1/2024,2025-11-09,2024-01,features_attributes.csv
CUS_0x7500,Tim Hephero,33,841-44-2527,Scientist,1/1/2024,2025-11-09,2024-01,features_attributes.csv
CUS_0x7622,Berkowitzp,39,645-67-9435,Musician,1/1/2024,2025-11-09,2024-01,features_attributes.csv
CUS_0x76b,McCrankm,26,169-27-4976,Engineer,1/1/2024,2025-11-09,2024-01,features_attributes.csv
CUS_0x7755,Jonathanw,52,669-85-5930,Musician,1/1/2024,2025-11-09,2024-01,features_attributes.csv
CUS_0x7853,Tom Berginq,26,329-90-9486,Writer,1/1/2024,2025-11-09,2024-01,features_attributes.csv
CUS_0x7878,Anna Driverq,19,037-28-6132,Developer,1/1/2024,2025-11-09,2024-01,features_attributes.csv
CUS_0x79e4,McCoolx,34,369-89-2918,Architect,1/1/2024,2025-11-09,2024-01,features_attributes.csv
CUS_0x79f7,Lynche,39,#F%$D@*&8,Scientist,1/1/2024,2025-11-09,2024-01,features_attributes.csv
CUS_0x7a12,Charles Abbottf,35,169-13-2683,Writer,1/1/2024,2025-11-09,2024-01,features_attributes.csv
CUS_0x7a8,"\"John ODonnell\"z",30,544-38-3815,Accountant,1/1/2024,2025-11-09,2024-01,features_attributes.csv
CUS_0x7ad9,Viswanathap,30,852-77-5664,Scientist,1/1/2024,2025-11-09,2024-01,features_attributes.csv
CUS_0x7b14,Jinv,54,650-65-4429,Developer,1/1/2024,2025-11-09,2024-01,features_attributes.csv
CUS_0x7b47,Lauren Taraf,28,874-02-7975,Journalist,1/1/2024,2025-11-09,2024-01,features_attributes.csv
CUS_0x7bc5,Emily Flitterk,45,054-18-3107,Doctor,1/1/2024,2025-11-09,2024-01,features_attributes.csv
CUS_0x7cce,Wheatleyk,15,943-72-7708,Teacher,1/1/2024,2025-11-09,2024-01,features_attributes.csv
CUS_0x7d1e,en Klaymanc,41,003-51-5141,Scientist,1/1/2024,2025-11-09,2024-01,features_attributes.csv
CUS_0x7d45,Hodoq,31,380-39-2451,Mechanic,1/1/2024,2025-11-09,2024-01,features_attributes.csv
CUS_0x7d8e,Raymondk,49,182-85-6661,Media_Manager,1/1/2024,2025-11-09,2024-01,features_attributes.csv
CUS_0x7dac,Jenniferx,52,#F%$D@*&8,Teacher,1/1/2024,2025-11-09,2024-01,features_attributes.csv
CUS_0x7eb0,Hummelg,49_,#F%$D@*&8,Media_Manager,1/1/2024,2025-11-09,2024-01,features_attributes.csv
CUS_0x7f63,Cheed,19,717-43-8628,Scientist,1/1/2024,2025-11-09,2024-01,features_attributes.csv
CUS_0x805b,LaCapraz,45,511-47-4198,Journalist,1/1/2024,2025-11-09,2024-01,features_attributes.csv
CUS_0x80b3,Lynnx,38,286-74-6564,Musician,1/1/2024,2025-11-09,2024-01,features_attributes.csv
CUS_0x8125,Wesselsr,20,764-23-2835,Media_Manager,1/1/2024,2025-11-09,2024-01,features_attributes.csv
CUS_0x8234,Annh,44,838-10-8480,_______,1/1/2024,2025-11-09,2024-01,features_attributes.csv
CUS_0x82c1,Joachim Dagenborgv,4188,635-40-2158,Manager,1/1/2024,2025-11-09,2024-01,features_attributes.csv
CUS_0x837f,Stellac,17,636-75-9520,Entrepreneur,1/1/2024,2025-11-09,2024-01,features_attributes.csv
CUS_0x8449,Nelsonn,47,571-35-3463,Teacher,1/1/2024,2025-11-09,2024-01,features_attributes.csv
CUS_0x84f3,Berkowitzj,41,274-83-2210,Architect,1/1/2024,2025-11-09,2024-01,features_attributes.csv
CUS_0x8506,erj,41,543-15-5889,Manager,1/1/2024,2025-11-09,2024-01,features_attributes.csv
CUS_0x8521,Jasonr,20,#F%$D@*&8,Engineer,1/1/2024,2025-11-09,2024-01,features_attributes.csv
CUS_0x853d,Nigel Daviesf,42,328-21-9083,Lawyer,1/1/2024,2025-11-09,2024-01,features_attributes.csv
CUS_0x8559,Wahbaw,29,606-11-9988,Scientist,1/1/2024,2025-11-09,2024-01,features_attributes.csv
CUS_0x8627,Miedemac,38,896-61-5112,Mechanic,1/1/2024,2025-11-09,2024-01,features_attributes.csv
CUS_0x8636,Alexeiy,33,644-42-8469,Mechanic,1/1/2024,2025-11-09,2024-01,features_attributes.csv
CUS_0x863b,Barbaras,33,834-96-0538,Manager,1/1/2024,2025-11-09,2024-01,features_attributes.csv
CUS_0x8684,Smithy,33,575-25-6683,Entrepreneur,1/1/2024,2025-11-09,2024-01,features_attributes.csv
CUS_0x86e7,Vellacottw,21,037-87-7530,Doctor,1/1/2024,2025-11-09,2024-01,features_attributes.csv
CUS_0x879d,Carewu,25,788-22-2192,Manager,1/1/2024,2025-11-09,2024-01,features_attributes.csv
CUS_0x88c1,Frank Siebeltu,23,417-39-8051,Developer,1/1/2024,2025-11-09,2024-01,features_attributes.csv
CUS_0x88c7,Jonathan Stempeln,28,596-86-5684,_______,1/1/2024,2025-11-09,2024-01,features_attributes.csv
CUS_0x88fa,Kreijgerg,29,122-25-1035,Entrepreneur,1/1/2024,2025-11-09,2024-01,features_attributes.csv
CUS_0x8991,Nicolau,50,312-72-0232,Engineer,1/1/2024,2025-11-09,2024-01,features_attributes.csv
CUS_0x8a0d,Laurence Frostz,33,076-41-9633,Architect,1/1/2024,2025-11-09,2024-01,features_attributes.csv
CUS_0x8a29,Kiyoshi Takenakal,34,429-57-1086,Mechanic,1/1/2024,2025-11-09,2024-01,features_attributes.csv
CUS_0x8a62,Doug Palmerp,39,024-46-1152,Developer,1/1/2024,2025-11-09,2024-01,features_attributes.csv
CUS_0x8a68,Doug Palmerr,41,#F%$D@*&8,Media_Manager,1/1/2024,2025-11-09,2024-01,features_attributes.csv
CUS_0x8acd,Janeman Latuld,36_,307-29-0236,Engineer,1/1/2024,2025-11-09,2024-01,features_attributes.csv
CUS_0x8b09,Nadia Damounik,47,909-85-2827,Lawyer,1/1/2024,2025-11-09,2024-01,features_attributes.csv
CUS_0x8b74,Guptax,21,086-87-0866,Engineer,1/1/2024,2025-11-09,2024-01,features_attributes.csv
CUS_0x8bbd,Kiyoshi Takenakar,48,216-36-8255,Media_Manager,1/1/2024,2025-11-09,2024-01,features_attributes.csv
CUS_0x8c3,Clairet,24,616-62-9532,Journalist,1/1/2024,2025-11-09,2024-01,features_attributes.csv
CUS_0x8c69,Toonkelf,25,070-07-9414,Musician,1/1/2024,2025-11-09,2024-01,features_attributes.csv
CUS_0x8c77,Laura Noonanq,34,854-57-9544,Writer,1/1/2024,2025-11-09,2024-01,features_attributes.csv
CUS_0x8c88,Krudyc,15,034-83-1351,Accountant,1/1/2024,2025-11-09,2024-01,features_attributes.csv
CUS_0x8cc5,Stanley Whitep,37,311-38-7874,Architect,1/1/2024,2025-11-09,2024-01,features_attributes.csv
CUS_0x8d16,allm,54,195-02-2602,Media_Manager,1/1/2024,2025-11-09,2024-01,features_attributes.csv
CUS_0x8da2,Lesleye,53,968-20-8427,_______,1/1/2024,2025-11-09,2024-01,features_attributes.csv
CUS_0x8e38,Lucyx,40,597-58-5834,Entrepreneur,1/1/2024,2025-11-09,2024-01,features_attributes.csv
CUS_0x8e5f,Malathi Nayaks,33,901-38-5936,Writer,1/1/2024,2025-11-09,2024-01,features_attributes.csv
CUS_0x8e65,Christiaant,45,901-71-9550,Manager,1/1/2024,2025-11-09,2024-01,features_attributes.csv
CUS_0x8f70,Jasonp,53,499-88-0422,_______,1/1/2024,2025-11-09,2024-01,features_attributes.csv
CUS_0x8fe6,Dan Levinem,37,129-64-0240,Media_Manager,1/1/2024,2025-11-09,2024-01,features_attributes.csv
CUS_0x8ff4,Douwe Miedemav,16_,#F%$D@*&8,Developer,1/1/2024,2025-11-09,2024-01,features_attributes.csv
CUS_0x905,Ryanz,42,491-80-3802,Scientist,1/1/2024,2025-11-09,2024-01,features_attributes.csv
CUS_0x90f,Gyleso,28_,#F%$D@*&8,Developer,1/1/2024,2025-11-09,2024-01,features_attributes.csv
CUS_0x9175,Alistaira,45,805-74-9060,Writer,1/1/2024,2025-11-09,2024-01,features_attributes.csv
CUS_0x91da,Clarer,37,424-69-0038,Journalist,1/1/2024,2025-11-09,2024-01,features_attributes.csv
CUS_0x925d,Eva Kuehnenp,37,053-50-1042,Mechanic,1/1/2024,2025-11-09,2024-01,features_attributes.csv
CUS_0x92b6,Dave Clarkes,17,339-08-2156,Mechanic,1/1/2024,2025-11-09,2024-01,features_attributes.csv
CUS_0x92cf,Layneu,31,358-73-5026,Media_Manager,1/1/2024,2025-11-09,2024-01,features_attributes.csv
CUS_0x92ff,Ringstromt,26_,424-24-7936,Mechanic,1/1/2024,2025-11-09,2024-01,features_attributes.csv
CUS_0x9322,Kirschbaumk,29,091-65-5683,Journalist,1/1/2024,2025-11-09,2024-01,features_attributes.csv
CUS_0x9340,Tim Castlet,22,310-19-8594,Musician,1/1/2024,2025-11-09,2024-01,features_attributes.csv
CUS_0x9378,Vlastelicav,27,272-50-2716,Media_Manager,1/1/2024,2025-11-09,2024-01,features_attributes.csv
CUS_0x9382,Morrisf,15,005-16-5195,Writer,1/1/2024,2025-11-09,2024-01,features_attributes.csv
CUS_0x938f,Philips,21,723-42-6455,Teacher,1/1/2024,2025-11-09,2024-01,features_attributes.csv
CUS_0x93ba,Ransdell Piersonm,23,159-90-4552,Lawyer,1/1/2024,2025-11-09,2024-01,features_attributes.csv
CUS_0x9476,Dan Levinen,16,#F%$D@*&8,Accountant,1/1/2024,2025-11-09,2024-01,features_attributes.csv
CUS_0x9493,Sineadb,29,902-37-5242,_______,1/1/2024,2025-11-09,2024-01,features_attributes.csv
CUS_0x9501,Cyrilf,34,296-51-4061,Doctor,1/1/2024,2025-11-09,2024-01,features_attributes.csv
CUS_0x951b,Poornima Guptar,29,788-71-0922,Engineer,1/1/2024,2025-11-09,2024-01,features_attributes.csv
CUS_0x9538,Andreasq,22,852-24-3101,Entrepreneur,1/1/2024,2025-11-09,2024-01,features_attributes.csv
CUS_0x9550,Roumeliotism,34,780-51-5608,Writer,1/1/2024,2025-11-09,2024-01,features_attributes.csv
CUS_0x9567,Mutikaniu,19,933-18-3510,Mechanic,1/1/2024,2025-11-09,2024-01,features_attributes.csv
CUS_0x9593,Shirbonr,15,449-11-5861,Manager,1/1/2024,2025-11-09,2024-01,features_attributes.csv
CUS_0x95b6,Onstadr,53,301-02-1316,Developer,1/1/2024,2025-11-09,2024-01,features_attributes.csv
CUS_0x95d2,Andreasv,36,058-15-1906,Mechanic,1/1/2024,2025-11-09,2024-01,features_attributes.csv
CUS_0x9730,George Georgiopoulosp,32,637-99-8103,Teacher,1/1/2024,2025-11-09,2024-01,features_attributes.csv
CUS_0x9769,Johnson Luciak,53,997-89-3734,_______,1/1/2024,2025-11-09,2024-01,features_attributes.csv
CUS_0x9778,Gerry Shiht,43,548-90-8373,Developer,1/1/2024,2025-11-09,2024-01,features_attributes.csv
CUS_0x9886,Andreih,26,797-91-9284,Journalist,1/1/2024,2025-11-09,2024-01,features_attributes.csv
CUS_0x98f6,Gellerz,-500,#F%$D@*&8,Scientist,1/1/2024,2025-11-09,2024-01,features_attributes.csv
CUS_0x9906,Foyd,43,885-30-7122,Entrepreneur,1/1/2024,2025-11-09,2024-01,features_attributes.csv
CUS_0x991d,Nickelq,55,669-84-2094,Musician,1/1/2024,2025-11-09,2024-01,features_attributes.csv
CUS_0x9942,Guernigouh,42,592-72-0472,_______,1/1/2024,2025-11-09,2024-01,features_attributes.csv
CUS_0x994c,Lianae,40,592-27-7551,Manager,1/1/2024,2025-11-09,2024-01,features_attributes.csv
CUS_0x999f,Sc,27,516-43-0947,Teacher,1/1/2024,2025-11-09,2024-01,features_attributes.csv
CUS_0x9a0c,Robiny,21,627-45-5084,_______,1/1/2024,2025-11-09,2024-01,features_attributes.csv
CUS_0x9a26,Adegokew,34,265-46-1313,Teacher,1/1/2024,2025-11-09,2024-01,features_attributes.csv
CUS_0x9a7,Samueli,54,818-94-9241,Engineer,1/1/2024,2025-11-09,2024-01,features_attributes.csv
CUS_0x9a8d,Sarahb,56,398-02-1604,Journalist,1/1/2024,2025-11-09,2024-01,features_attributes.csv
CUS_0x9b1f,Sven Nordenstamu,26,373-86-3169,_______,1/1/2024,2025-11-09,2024-01,features_attributes.csv
CUS_0x9b58,Theopolisc,22,485-67-3010,Doctor,1/1/2024,2025-11-09,2024-01,features_attributes.csv
CUS_0x9b5c,Kevin Yaoc,22,033-59-9839,Media_Manager,1/1/2024,2025-11-09,2024-01,features_attributes.csv
CUS_0x9c4b,Wagstaffg,26,823-22-4980,Accountant,1/1/2024,2025-11-09,2024-01,features_attributes.csv
CUS_0x9c63,Tarac,23,102-18-5045,Teacher,1/1/2024,2025-11-09,2024-01,features_attributes.csv
CUS_0x9caf,Jessica Wohle,34,058-40-2184,Engineer,1/1/2024,2025-11-09,2024-01,features_attributes.csv
CUS_0x9d04,Catherine Bosleyn,48_,069-49-1031,Developer,1/1/2024,2025-11-09,2024-01,features_attributes.csv
CUS_0x9d09,Anooja Debnatha,34,976-59-9978,Architect,1/1/2024,2025-11-09,2024-01,features_attributes.csv
CUS_0x9e04,Andreia,24,526-03-5099,Doctor,1/1/2024,2025-11-09,2024-01,features_attributes.csv
CUS_0x9e05,Vlastelicao,28,#F%$D@*&8,Writer,1/1/2024,2025-11-09,2024-01,features_attributes.csv
CUS_0x9e11,Moonj,44,655-69-5918,Developer,1/1/2024,2025-11-09,2024-01,features_attributes.csv
CUS_0x9e50,Kevin Yaob,38,041-64-7582,Writer,1/1/2024,2025-11-09,2024-01,features_attributes.csv
CUS_0x9e51,Wroughtonf,24,941-84-3892,Accountant,1/1/2024,2025-11-09,2024-01,features_attributes.csv
CUS_0x9e8f,Mattk,23,879-49-6052,Lawyer,1/1/2024,2025-11-09,2024-01,features_attributes.csv
CUS_0x9f5c,Jonathan Gouldj,27,789-40-9271,Manager,1/1/2024,2025-11-09,2024-01,features_attributes.csv
CUS_0x9fe6,Matt Scuffhamp,17,014-76-3423,Lawyer,1/1/2024,2025-11-09,2024-01,features_attributes.csv
CUS_0xa053,t Astridn,39,094-81-5856,Writer,1/1/2024,2025-11-09,2024-01,features_attributes.csv
CUS_0xa123,Laura MacInnise,43,514-14-5445,Media_Manager,1/1/2024,2025-11-09,2024-01,features_attributes.csv
CUS_0xa287,Alejr,29,778-40-1332,Lawyer,1/1/2024,2025-11-09,2024-01,features_attributes.csv
CUS_0xa2a3,Ablanb,40,004-73-7665,Entrepreneur,1/1/2024,2025-11-09,2024-01,features_attributes.csv
CUS_0xa3db,Euan Rochap,15,736-80-3805,Accountant,1/1/2024,2025-11-09,2024-01,features_attributes.csv
CUS_0xa478,Clairet,27,289-96-2635,Musician,1/1/2024,2025-11-09,2024-01,features_attributes.csv
CUS_0xa4a9,Liana B.f,18_,#F%$D@*&8,Journalist,1/1/2024,2025-11-09,2024-01,features_attributes.csv
CUS_0xa4b7,Julien Toyers,46,130-46-1944,Engineer,1/1/2024,2025-11-09,2024-01,features_attributes.csv
CUS_0xa4db,let,26,948-70-9566,Writer,1/1/2024,2025-11-09,2024-01,features_attributes.csv
CUS_0xa5dd,Davidi,47,603-55-0109,Teacher,1/1/2024,2025-11-09,2024-01,features_attributes.csv
CUS_0xa61a,Marton Dunaig,23,052-73-3081,Teacher,1/1/2024,2025-11-09,2024-01,features_attributes.csv
CUS_0xa6f1,Brianu,4630,499-80-5776,_______,1/1/2024,2025-11-09,2024-01,features_attributes.csv
CUS_0xa83c,Jonathan Leffk,22,042-49-7943,Doctor,1/1/2024,2025-11-09,2024-01,features_attributes.csv
CUS_0xa8ab,Christinaa,43,284-07-3579,Engineer,1/1/2024,2025-11-09,2024-01,features_attributes.csv
CUS_0xa9ca,Reiji Muraio,45,#F%$D@*&8,Lawyer,1/1/2024,2025-11-09,2024-01,features_attributes.csv
CUS_0xa9cc,Ernest Scheyderr,35,301-84-1162,Media_Manager,1/1/2024,2025-11-09,2024-01,features_attributes.csv
CUS_0xaa83,Byrnesy,35,331-60-0907,Lawyer,1/1/2024,2025-11-09,2024-01,features_attributes.csv
CUS_0xab1c,Wohlw,33,#F%$D@*&8,Lawyer,1/1/2024,2025-11-09,2024-01,features_attributes.csv
CUS_0xab77,Sam Cagel,48,686-29-2615,Musician,1/1/2024,2025-11-09,2024-01,features_attributes.csv
CUS_0xac93,Hornbyg,34,744-52-9753,Engineer,1/1/2024,2025-11-09,2024-01,features_attributes.csv
CUS_0xad0b,Janu,47,675-68-0807,Lawyer,1/1/2024,2025-11-09,2024-01,features_attributes.csv
CUS_0xad12,Sublerz,45,#F%$D@*&8,Scientist,1/1/2024,2025-11-09,2024-01,features_attributes.csv
CUS_0xad1e,Amran Abocarn,34,733-90-4431,Engineer,1/1/2024,2025-11-09,2024-01,features_attributes.csv
CUS_0xad50,Stephensons,29,008-77-8246,Media_Manager,1/1/2024,2025-11-09,2024-01,features_attributes.csv
CUS_0xae98,Cheev,45,021-36-7746,Musician,1/1/2024,2025-11-09,2024-01,features_attributes.csv
CUS_0xaf4c,Baker Sineade,48,056-43-1372,Architect,1/1/2024,2025-11-09,2024-01,features_attributes.csv
CUS_0xaf5c,Brian Growx,45,657-15-0070,Entrepreneur,1/1/2024,2025-11-09,2024-01,features_attributes.csv
CUS_0xaf8d,Freifeldw,49,745-63-1071,Architect,1/1/2024,2025-11-09,2024-01,features_attributes.csv
CUS_0xb06d,Seng Liv,26,802-62-7763,Architect,1/1/2024,2025-11-09,2024-01,features_attributes.csv
CUS_0xb123,Lawrence Whitea,42,194-93-2247,Architect,1/1/2024,2025-11-09,2024-01,features_attributes.csv
CUS_0xb13d,Liana B.c,24,#F%$D@*&8,Scientist,1/1/2024,2025-11-09,2024-01,features_attributes.csv
CUS_0xb152,Reneer,16,847-92-5921,Journalist,1/1/2024,2025-11-09,2024-01,features_attributes.csv
CUS_0xb16,en Hirschlerw,30,728-01-3765,Manager,1/1/2024,2025-11-09,2024-01,features_attributes.csv
CUS_0xb171,Yuko Yoshikawar,41,179-19-9208,Journalist,1/1/2024,2025-11-09,2024-01,features_attributes.csv
CUS_0xb1e1,Joseph Axg,19,170-19-6505,Media_Manager,1/1/2024,2025-11-09,2024-01,features_attributes.csv
CUS_0xb218,Kylem,32,879-94-1803,_______,1/1/2024,2025-11-09,2024-01,features_attributes.csv
CUS_0xb226,Miyoung Kimm,41,117-54-0611,Scientist,1/1/2024,2025-11-09,2024-01,features_attributes.csv
CUS_0xb227,Jonathan Stempelr,34,700-18-0385,Manager,1/1/2024,2025-11-09,2024-01,features_attributes.csv
CUS_0xb312,Lawrencej,21_,#F%$D@*&8,Architect,1/1/2024,2025-11-09,2024-01,features_attributes.csv
CUS_0xb3c2,Shirbonv,36,589-17-0882,Media_Manager,1/1/2024,2025-11-09,2024-01,features_attributes.csv
CUS_0xb407,Haricht,50,602-64-4725,Manager,1/1/2024,2025-11-09,2024-01,features_attributes.csv
CUS_0xb48d,Ferrarol,49,839-15-4790,_______,1/1/2024,2025-11-09,2024-01,features_attributes.csv
CUS_0xb556,Lionelw,22,065-00-5837,Manager,1/1/2024,2025-11-09,2024-01,features_attributes.csv
CUS_0xb6f8,Vlastelicag,39_,745-72-0120,Manager,1/1/2024,2025-11-09,2024-01,features_attributes.csv
CUS_0xb7a1,Danielb,34,929-30-5884,Doctor,1/1/2024,2025-11-09,2024-01,features_attributes.csv
CUS_0xb7c7,Denan,24_,879-63-2807,Teacher,1/1/2024,2025-11-09,2024-01,features_attributes.csv
CUS_0xb7d4,Jennifer Hoytl,45,621-69-4420,Developer,1/1/2024,2025-11-09,2024-01,features_attributes.csv
CUS_0xb7fb,Jamesn,30,352-53-0656,Entrepreneur,1/1/2024,2025-11-09,2024-01,features_attributes.csv
CUS_0xb82b,Jason Langeq,30,022-92-7129,Scientist,1/1/2024,2025-11-09,2024-01,features_attributes.csv
CUS_0xb8ea,Kevin Drawbaughm,19,#F%$D@*&8,Journalist,1/1/2024,2025-11-09,2024-01,features_attributes.csv
CUS_0xb98f,Jennifer Hoytc,44,220-62-2638,Developer,1/1/2024,2025-11-09,2024-01,features_attributes.csv
CUS_0xb99c,Donny Kwokx,32_,896-23-4660,Writer,1/1/2024,2025-11-09,2024-01,features_attributes.csv
CUS_0xbae9,Schombergu,31,348-98-9125,Scientist,1/1/2024,2025-11-09,2024-01,features_attributes.csv
CUS_0xbc0b,Qingx,48,#F%$D@*&8,Teacher,1/1/2024,2025-11-09,2024-01,features_attributes.csv
CUS_0xbcd8,Phil Wahbak,26,906-84-9410,Doctor,1/1/2024,2025-11-09,2024-01,features_attributes.csv
CUS_0xbd2d,C.r,49,002-26-8942,Manager,1/1/2024,2025-11-09,2024-01,features_attributes.csv
CUS_0xbd57,Jamest,32,227-66-2411,Accountant,1/1/2024,2025-11-09,2024-01,features_attributes.csv
CUS_0xbda,Shupingh,42,580-96-1926,Accountant,1/1/2024,2025-11-09,2024-01,features_attributes.csv
CUS_0xbdb4,Pete Sweeneyo,36,997-19-1168,Scientist,1/1/2024,2025-11-09,2024-01,features_attributes.csv
CUS_0xbdf9,Guptas,54,256-08-6713,_______,1/1/2024,2025-11-09,2024-01,features_attributes.csv
CUS_0xbf64,Matt Scuffhamj,44,667-48-1315,_______,1/1/2024,2025-11-09,2024-01,features_attributes.csv
CUS_0xbf9c,Reddallr,23,704-52-3281,Accountant,1/1/2024,2025-11-09,2024-01,features_attributes.csv
CUS_0xc090,Christina Fincherk,46,773-65-0430,Scientist,1/1/2024,2025-11-09,2024-01,features_attributes.csv
CUS_0xc09f,Tiziana Barghinik,22,832-22-5121,Engineer,1/1/2024,2025-11-09,2024-01,features_attributes.csv
CUS_0xc0cd,Lucia Mutikaniy,35,#F%$D@*&8,Engineer,1/1/2024,2025-11-09,2024-01,features_attributes.csv
CUS_0xc131,Laub,44,910-05-8770,Writer,1/1/2024,2025-11-09,2024-01,features_attributes.csv
CUS_0xc134,Huwz,38,494-80-1634,Accountant,1/1/2024,2025-11-09,2024-01,features_attributes.csv
CUS_0xc1b9,Tan Eev,40,098-04-5169,Lawyer,1/1/2024,2025-11-09,2024-01,features_attributes.csv
CUS_0xc1ce,Karen Pierogh,17_,332-59-0166,Musician,1/1/2024,2025-11-09,2024-01,features_attributes.csv
CUS_0xc208,Annaw,25,907-25-2458,Engineer,1/1/2024,2025-11-09,2024-01,features_attributes.csv
CUS_0xc222,Zieminskis,44,937-98-4347,Architect,1/1/2024,2025-11-09,2024-01,features_attributes.csv
CUS_0xc24c,Natsukoe,21,242-49-5854,Engineer,1/1/2024,2025-11-09,2024-01,features_attributes.csv
CUS_0xc2dd,Barbashk,22,813-68-9184,Architect,1/1/2024,2025-11-09,2024-01,features_attributes.csv
CUS_0xc346,Singh Rosse,24,#F%$D@*&8,_______,1/1/2024,2025-11-09,2024-01,features_attributes.csv
CUS_0xc349,Julienb,21,352-63-2965,Media_Manager,1/1/2024,2025-11-09,2024-01,features_attributes.csv
CUS_0xc393,Wohlg,36,514-45-2224,Developer,1/1/2024,2025-11-09,2024-01,features_attributes.csv
CUS_0xc3d5,Tom Berginu,33,443-67-5998,Teacher,1/1/2024,2025-11-09,2024-01,features_attributes.csv
CUS_0xc3d6,Scott Malonex,-500,402-44-2832,Architect,1/1/2024,2025-11-09,2024-01,features_attributes.csv
CUS_0xc49c,Kentaro Hamadaj,36,207-68-9585,Engineer,1/1/2024,2025-11-09,2024-01,features_attributes.csv
CUS_0xc4c9,Melj,30,147-54-4253,Entrepreneur,1/1/2024,2025-11-09,2024-01,features_attributes.csv
CUS_0xc501,Melanie Leey,27,022-51-0582,Lawyer,1/1/2024,2025-11-09,2024-01,features_attributes.csv
CUS_0xc50f,"\"John ODonnell\"n",23,193-54-3118,Accountant,1/1/2024,2025-11-09,2024-01,features_attributes.csv
CUS_0xc517,aranii,44,036-05-5721,Writer,1/1/2024,2025-11-09,2024-01,features_attributes.csv
CUS_0xc53f,Wiessnern,42,665-97-7596,Media_Manager,1/1/2024,2025-11-09,2024-01,features_attributes.csv
CUS_0xc57e,Pullellab,37,265-31-1959,Writer,1/1/2024,2025-11-09,2024-01,features_attributes.csv
CUS_0xc5c9,Fayenw,44,792-51-6409,Accountant,1/1/2024,2025-11-09,2024-01,features_attributes.csv
CUS_0xc5cc,Guptap,31,453-37-7716,Mechanic,1/1/2024,2025-11-09,2024-01,features_attributes.csv
CUS_0xc5f4,Ryann,22_,758-80-1683,Teacher,1/1/2024,2025-11-09,2024-01,features_attributes.csv
CUS_0xc633,rab,23,872-64-6789,Lawyer,1/1/2024,2025-11-09,2024-01,features_attributes.csv
CUS_0xc68d,Jonathan Stempelm,41,527-59-1992,Musician,1/1/2024,2025-11-09,2024-01,features_attributes.csv
CUS_0xc6d8,Fletcherb,34,150-35-9577,Developer,1/1/2024,2025-11-09,2024-01,features_attributes.csv
CUS_0xe8d,Wahbas,26,948-01-5172,Journalist,1/1/2024,2025-11-09,2024-01,features_attributes.csv
CUS_0xf9e,Anirbanj,43,252-30-3555,Teacher,1/1/2024,2025-11-09,2024-01,features_attributes.csv
CUS_0xffc,Brads,18,226-86-7294,Musician,1/1/2024,2025-11-09,2024-01,features_attributes.csv
