Customer_ID,Name,Age,SSN,Occupation,snapshot_date,ingest_dt,snap_ym,source_file
CUS_0x1000,Alistair Barrf,18,913-74-1218,Lawyer,1/5/2023,2025-11-09,2023-05,features_attributes.csv
CUS_0x108a,Silvial,38,394-00-8142,Journalist,1/5/2023,2025-11-09,2023-05,features_attributes.csv
CUS_0x10f9,Gilles Guillaumev,54,746-79-6875,_______,1/5/2023,2025-11-09,2023-05,features_attributes.csv
CUS_0x1119,Carlozoy,36,596-61-5235,Entrepreneur,1/5/2023,2025-11-09,2023-05,features_attributes.csv
CUS_0x1192,Paul Carrell,5498,880-23-2963,Media_Manager,1/5/2023,2025-11-09,2023-05,features_attributes.csv
CUS_0x11b1,Browne,28,347-47-6952,_______,1/5/2023,2025-11-09,2023-05,features_attributes.csv
CUS_0x12a7,Luciat,37,145-72-2113,Media_Manager,1/5/2023,2025-11-09,2023-05,features_attributes.csv
CUS_0x12a9,Driverb,44,583-20-9758,Media_Manager,1/5/2023,2025-11-09,2023-05,features_attributes.csv
CUS_0x1340,Matthewo,42,868-01-7823,Architect,1/5/2023,2025-11-09,2023-05,features_attributes.csv
CUS_0x13d1,Lt,22,689-84-3896,Musician,1/5/2023,2025-11-09,2023-05,features_attributes.csv
CUS_0x13eb,Ryanh,30,110-23-1785,Journalist,1/5/2023,2025-11-09,2023-05,features_attributes.csv
CUS_0x14ba,Kevin Yaoe,20,961-03-0481,Teacher,1/5/2023,2025-11-09,2023-05,features_attributes.csv
CUS_0x1577,Wohlg,23,812-17-6549,Mechanic,1/5/2023,2025-11-09,2023-05,features_attributes.csv
CUS_0x1616,Johnc,33,232-16-0697,Architect,1/5/2023,2025-11-09,2023-05,features_attributes.csv
CUS_0x168d,Ori Lewiss,34,305-62-3317,Entrepreneur,1/5/2023,2025-11-09,2023-05,features_attributes.csv
CUS_0x1735,Cyril Altmeyert,20,897-04-2508,Scientist,1/5/2023,2025-11-09,2023-05,features_attributes.csv
CUS_0x1786,Jan Strupczewskiy,23,468-28-0415,Media_Manager,1/5/2023,2025-11-09,2023-05,features_attributes.csv
CUS_0x17a9,Sheldrickr,39,034-95-8551,Musician,1/5/2023,2025-11-09,2023-05,features_attributes.csv
CUS_0x17b0,Chucki,21,713-73-3196,Developer,1/5/2023,2025-11-09,2023-05,features_attributes.csv
CUS_0x17c4,eyy,27,556-40-1723,Teacher,1/5/2023,2025-11-09,2023-05,features_attributes.csv
CUS_0x1854,Terrilv,27,369-07-8864,Scientist,1/5/2023,2025-11-09,2023-05,features_attributes.csv
CUS_0x1962,Edwardg,36,209-16-3037,Mechanic,1/5/2023,2025-11-09,2023-05,features_attributes.csv
CUS_0x1a87,Kevin Yaoq,35,365-77-3067,Mechanic,1/5/2023,2025-11-09,2023-05,features_attributes.csv
CUS_0x1b07,Baldwinq,35,739-15-8297,Accountant,1/5/2023,2025-11-09,2023-05,features_attributes.csv
CUS_0x1b0c,Lesleyr,41,560-72-2453,Media_Manager,1/5/2023,2025-11-09,2023-05,features_attributes.csv
CUS_0x1bf1,Robin Emmottz,55,#F%$D@*&8,Lawyer,1/5/2023,2025-11-09,2023-05,features_attributes.csv
CUS_0x1c57,Jessica Wohlb,45,661-66-4873,Engineer,1/5/2023,2025-11-09,2023-05,features_attributes.csv
CUS_0x1cf3,Henryc,38,229-46-4057,Manager,1/5/2023,2025-11-09,2023-05,features_attributes.csv
CUS_0x1d46,Steveni,43,121-98-2623,Engineer,1/5/2023,2025-11-09,2023-05,features_attributes.csv
CUS_0x1db4,Malones,38,218-60-8559,Mechanic,1/5/2023,2025-11-09,2023-05,features_attributes.csv
CUS_0x1e41,Callusw,34,084-34-7268,Lawyer,1/5/2023,2025-11-09,2023-05,features_attributes.csv
CUS_0x1e96,Henryt,29,782-91-2016,_______,1/5/2023,2025-11-09,2023-05,features_attributes.csv
CUS_0x1ecf,Strobeld,2160,512-45-2310,Doctor,1/5/2023,2025-11-09,2023-05,features_attributes.csv
CUS_0x1ee3,Barrl,35,772-48-5860,Doctor,1/5/2023,2025-11-09,2023-05,features_attributes.csv
CUS_0x1ef1,Steven C.s,30,619-16-9988,Lawyer,1/5/2023,2025-11-09,2023-05,features_attributes.csv
CUS_0x1f87,Turnerk,30,835-81-4593,Journalist,1/5/2023,2025-11-09,2023-05,features_attributes.csv
CUS_0x1fe3,Baker Alinau,28,458-63-0201,Manager,1/5/2023,2025-11-09,2023-05,features_attributes.csv
CUS_0x203c,Estelle Shirbonu,26,631-48-5152,Accountant,1/5/2023,2025-11-09,2023-05,features_attributes.csv
CUS_0x2043,James Pomfretz,29,013-68-1261,Entrepreneur,1/5/2023,2025-11-09,2023-05,features_attributes.csv
CUS_0x20bf,Shalal-Esah,23,624-83-4933,Developer,1/5/2023,2025-11-09,2023-05,features_attributes.csv
CUS_0x20da,Caroline Valetkevitchf,33_,090-34-7836,Mechanic,1/5/2023,2025-11-09,2023-05,features_attributes.csv
CUS_0x21fa,Karen Freifeldq,37,050-87-4671,Media_Manager,1/5/2023,2025-11-09,2023-05,features_attributes.csv
CUS_0x221f,Yoko Kubotag,28,107-96-7169,Developer,1/5/2023,2025-11-09,2023-05,features_attributes.csv
CUS_0x2240,Stellav,28,617-35-4690,Media_Manager,1/5/2023,2025-11-09,2023-05,features_attributes.csv
CUS_0x2242,Barrf,39,067-10-5283,Teacher,1/5/2023,2025-11-09,2023-05,features_attributes.csv
CUS_0x226a,Mollenkampt,23,817-48-2346,Developer,1/5/2023,2025-11-09,2023-05,features_attributes.csv
CUS_0x2296,Reynoldsy,33,#F%$D@*&8,_______,1/5/2023,2025-11-09,2023-05,features_attributes.csv
CUS_0x22e0,Tarmom,43,425-90-3286,Accountant,1/5/2023,2025-11-09,2023-05,features_attributes.csv
CUS_0x2350,Jonasv,37,991-52-6653,Architect,1/5/2023,2025-11-09,2023-05,features_attributes.csv
CUS_0x23ae,Suzanne Barlynj,24,#F%$D@*&8,Journalist,1/5/2023,2025-11-09,2023-05,features_attributes.csv
CUS_0x2408,Miedemaq,30,041-71-2745,Mechanic,1/5/2023,2025-11-09,2023-05,features_attributes.csv
CUS_0x2473,Michael Winfreyw,32,590-31-4442,Lawyer,1/5/2023,2025-11-09,2023-05,features_attributes.csv
CUS_0x247b,Davidy,45,450-61-9465,Engineer,1/5/2023,2025-11-09,2023-05,features_attributes.csv
CUS_0x24cf,Melanie Leer,21,619-62-6833,Scientist,1/5/2023,2025-11-09,2023-05,features_attributes.csv
CUS_0x24fc,Langec,22,585-38-2127,Entrepreneur,1/5/2023,2025-11-09,2023-05,features_attributes.csv
CUS_0x2567,Jeremy Gaunty,49,403-47-0514,Doctor,1/5/2023,2025-11-09,2023-05,features_attributes.csv
CUS_0x258b,Alastair Sharpe,24,890-04-0712,Scientist,1/5/2023,2025-11-09,2023-05,features_attributes.csv
CUS_0x26d0,Peter Dinklohz,45,018-39-9919,_______,1/5/2023,2025-11-09,2023-05,features_attributes.csv
CUS_0x270e,Kang Xizej,19,223-18-9322,Journalist,1/5/2023,2025-11-09,2023-05,features_attributes.csv
CUS_0x2777,Scott Malonex,32,613-13-4444,Engineer,1/5/2023,2025-11-09,2023-05,features_attributes.csv
CUS_0x2803,Andrea Shalal-Esai,31,438-68-7137,Media_Manager,1/5/2023,2025-11-09,2023-05,features_attributes.csv
CUS_0x280b,orv,27,434-17-8443,Accountant,1/5/2023,2025-11-09,2023-05,features_attributes.csv
CUS_0x282a,Williamsd,15,818-67-2718,Developer,1/5/2023,2025-11-09,2023-05,features_attributes.csv
CUS_0x2879,ernardj,42,461-85-2828,Engineer,1/5/2023,2025-11-09,2023-05,features_attributes.csv
CUS_0x2950,Lynnu,46,#F%$D@*&8,Accountant,1/5/2023,2025-11-09,2023-05,features_attributes.csv
CUS_0x295f,Huwk,22,017-46-4018,Architect,1/5/2023,2025-11-09,2023-05,features_attributes.csv
CUS_0x2976,Rudegeairl,27,011-81-5967,Manager,1/5/2023,2025-11-09,2023-05,features_attributes.csv
CUS_0x2a08,Lawrence Hurleyl,43,#F%$D@*&8,Doctor,1/5/2023,2025-11-09,2023-05,features_attributes.csv
CUS_0x2a83,Hetznera,22,642-82-6317,Doctor,1/5/2023,2025-11-09,2023-05,features_attributes.csv
CUS_0x2a9a,ernardu,31,286-58-6752,Architect,1/5/2023,2025-11-09,2023-05,features_attributes.csv
CUS_0x2ad6,Hudsonp,17,271-93-4540,Scientist,1/5/2023,2025-11-09,2023-05,features_attributes.csv
CUS_0x2b94,"\"rendan OBrien\"f",48,528-54-1734,Engineer,1/5/2023,2025-11-09,2023-05,features_attributes.csv
CUS_0x2c18,Maloney,19,057-91-9509,Mechanic,1/5/2023,2025-11-09,2023-05,features_attributes.csv
CUS_0x2c54,Dan Levinef,52,772-19-9969,_______,1/5/2023,2025-11-09,2023-05,features_attributes.csv
CUS_0x2c6a,Jonathanm,39,580-22-5888,Journalist,1/5/2023,2025-11-09,2023-05,features_attributes.csv
CUS_0x2c87,Alwyn Scottg,55,800-16-9117,Journalist,1/5/2023,2025-11-09,2023-05,features_attributes.csv
CUS_0x2c99,Qing Xiaoyig,19,180-82-7743,Teacher,1/5/2023,2025-11-09,2023-05,features_attributes.csv
CUS_0x2cb1,Harro Tenk,26,231-72-1828,Engineer,1/5/2023,2025-11-09,2023-05,features_attributes.csv
CUS_0x2db7,Charliet,27,255-55-1581,Engineer,1/5/2023,2025-11-09,2023-05,features_attributes.csv
CUS_0x2dd5,Groomu,53,142-91-7890,Manager,1/5/2023,2025-11-09,2023-05,features_attributes.csv
CUS_0x2deb,Nivedita Bhattacharjeea,21,#F%$D@*&8,Journalist,1/5/2023,2025-11-09,2023-05,features_attributes.csv
CUS_0x2e5e,Kimj,30,267-96-8241,Doctor,1/5/2023,2025-11-09,2023-05,features_attributes.csv
CUS_0x2ed7,Axm,28,852-79-9264,Media_Manager,1/5/2023,2025-11-09,2023-05,features_attributes.csv
CUS_0x2ff6,Toniu,35,060-67-8371,Scientist,1/5/2023,2025-11-09,2023-05,features_attributes.csv
CUS_0x3023,Stephenl,29,775-12-4739,Musician,1/5/2023,2025-11-09,2023-05,features_attributes.csv
CUS_0x3077,Palmern,30,226-22-5425,Doctor,1/5/2023,2025-11-09,2023-05,features_attributes.csv
CUS_0x3091,Deepaj,34,571-59-9270,Developer,1/5/2023,2025-11-09,2023-05,features_attributes.csv
CUS_0x30f7,Stevei,35,402-04-1025,Journalist,1/5/2023,2025-11-09,2023-05,features_attributes.csv
CUS_0x3191,Davidm,21,571-93-8580,Entrepreneur,1/5/2023,2025-11-09,2023-05,features_attributes.csv
CUS_0x31d5,Mutikanit,-500,325-07-8725,Doctor,1/5/2023,2025-11-09,2023-05,features_attributes.csv
CUS_0x3201,Sagarika Jaisinghanip,26,199-10-2467,Doctor,1/5/2023,2025-11-09,2023-05,features_attributes.csv
CUS_0x32b8,Julien Toyerg,51,456-75-0992,Developer,1/5/2023,2025-11-09,2023-05,features_attributes.csv
CUS_0x3319,Knighta,27,087-36-3454,_______,1/5/2023,2025-11-09,2023-05,features_attributes.csv
CUS_0x333e,Lisa Twaronitej,25,689-18-8933,Accountant,1/5/2023,2025-11-09,2023-05,features_attributes.csv
CUS_0x3340,David Sheppardp,21,665-08-8202,Teacher,1/5/2023,2025-11-09,2023-05,features_attributes.csv
CUS_0x347b,Doug Palmerb,30,812-16-1638,Engineer,1/5/2023,2025-11-09,2023-05,features_attributes.csv
CUS_0x3489,Patrickk,47,779-55-8375,Mechanic,1/5/2023,2025-11-09,2023-05,features_attributes.csv
CUS_0x34c9,Emma Thomassonu,35,678-98-2699,Entrepreneur,1/5/2023,2025-11-09,2023-05,features_attributes.csv
CUS_0x34ed,Suonineni,40,909-28-8002,Journalist,1/5/2023,2025-11-09,2023-05,features_attributes.csv
CUS_0x3507,Andya,20,242-39-1615,Engineer,1/5/2023,2025-11-09,2023-05,features_attributes.csv
CUS_0x35bd,Sh,34,042-56-3090,Media_Manager,1/5/2023,2025-11-09,2023-05,features_attributes.csv
CUS_0x35cb,Jessicad,42,287-13-3802,Teacher,1/5/2023,2025-11-09,2023-05,features_attributes.csv
CUS_0x35e6,Andrea Shalal-Esat,40,968-59-1967,_______,1/5/2023,2025-11-09,2023-05,features_attributes.csv
CUS_0x36b4,Arakali Aradhanag,44,144-10-9312,Musician,1/5/2023,2025-11-09,2023-05,features_attributes.csv
CUS_0x3768,Sassardz,32,#F%$D@*&8,Journalist,1/5/2023,2025-11-09,2023-05,features_attributes.csv
CUS_0x3777,Christiaanw,56,948-27-5814,Scientist,1/5/2023,2025-11-09,2023-05,features_attributes.csv
CUS_0x37e3,Lee Chyenr,20,187-12-3052,Entrepreneur,1/5/2023,2025-11-09,2023-05,features_attributes.csv
CUS_0x3866,Deepa Seetharamanu,28,118-49-2382,Writer,1/5/2023,2025-11-09,2023-05,features_attributes.csv
CUS_0x38c1,Michele Kambase,24,422-91-7585,Entrepreneur,1/5/2023,2025-11-09,2023-05,features_attributes.csv
CUS_0x3910,Euanh,41,400-19-4065,Mechanic,1/5/2023,2025-11-09,2023-05,features_attributes.csv
CUS_0x3913,Garethu,28,#F%$D@*&8,Writer,1/5/2023,2025-11-09,2023-05,features_attributes.csv
CUS_0x39d4,Debra Shermanh,45,034-42-6069,Accountant,1/5/2023,2025-11-09,2023-05,features_attributes.csv
CUS_0x3a0b,Huwo,49,618-96-2558,Writer,1/5/2023,2025-11-09,2023-05,features_attributes.csv
CUS_0x3b2b,Economics Correspondentg,33,300-29-2872,Mechanic,1/5/2023,2025-11-09,2023-05,features_attributes.csv
CUS_0x3b36,Nater,44,814-35-2546,Scientist,1/5/2023,2025-11-09,2023-05,features_attributes.csv
CUS_0x3b89,Buckleyv,19,119-87-9175,Manager,1/5/2023,2025-11-09,2023-05,features_attributes.csv
CUS_0x3bb8,Alister Bullt,36,855-98-5797,_______,1/5/2023,2025-11-09,2023-05,features_attributes.csv
CUS_0x3be2,Lucia Mutikanil,33,857-38-4600,Scientist,1/5/2023,2025-11-09,2023-05,features_attributes.csv
CUS_0x3c09,Kiharaw,18,548-06-7219,Musician,1/5/2023,2025-11-09,2023-05,features_attributes.csv
CUS_0x3c46,Lianau,15,671-83-0137,_______,1/5/2023,2025-11-09,2023-05,features_attributes.csv
CUS_0x3d26,Leikah,22,#F%$D@*&8,Engineer,1/5/2023,2025-11-09,2023-05,features_attributes.csv
CUS_0x3d51,Baertleinm,21,092-73-8014,Entrepreneur,1/5/2023,2025-11-09,2023-05,features_attributes.csv
CUS_0x3d9c,Sybille dee,50,#F%$D@*&8,Musician,1/5/2023,2025-11-09,2023-05,features_attributes.csv
CUS_0x3de0,Victoriaa,28,714-62-7054,Entrepreneur,1/5/2023,2025-11-09,2023-05,features_attributes.csv
CUS_0x3f18,Carolinez,41,309-95-7818,Scientist,1/5/2023,2025-11-09,2023-05,features_attributes.csv
CUS_0x3f6,Alistair Barrl,56,766-29-6741,Entrepreneur,1/5/2023,2025-11-09,2023-05,features_attributes.csv
CUS_0x3f9,Paul Carrelo,27,872-42-3881,Scientist,1/5/2023,2025-11-09,2023-05,features_attributes.csv
CUS_0x404d,rendao,28,417-58-6844,Scientist,1/5/2023,2025-11-09,2023-05,features_attributes.csv
CUS_0x40a3,Lisa Richwinem,43,088-74-4900,Lawyer,1/5/2023,2025-11-09,2023-05,features_attributes.csv
CUS_0x4122,Irene Preisingeri,35,882-56-0038,_______,1/5/2023,2025-11-09,2023-05,features_attributes.csv
CUS_0x412f,Joyceg,23,319-02-6843,Manager,1/5/2023,2025-11-09,2023-05,features_attributes.csv
CUS_0x417b,Kirstin Ridleym,38,771-62-0762,Developer,1/5/2023,2025-11-09,2023-05,features_attributes.csv
CUS_0x4182,Reddallj,41,392-40-4433,Journalist,1/5/2023,2025-11-09,2023-05,features_attributes.csv
CUS_0x41c9,Matt Smithd,52,274-12-3426,Musician,1/5/2023,2025-11-09,2023-05,features_attributes.csv
CUS_0x41de,Sarahh,41,233-05-2790,Journalist,1/5/2023,2025-11-09,2023-05,features_attributes.csv
CUS_0x41fa,Margaret Chadbourna,54,757-86-1116,Architect,1/5/2023,2025-11-09,2023-05,features_attributes.csv
CUS_0x42d2,Whitey,14,115-72-5613,Lawyer,1/5/2023,2025-11-09,2023-05,features_attributes.csv
CUS_0x4318,Prodhang,31,381-45-4862,Accountant,1/5/2023,2025-11-09,2023-05,features_attributes.csv
CUS_0x434c,Chees,40,659-53-9925,Doctor,1/5/2023,2025-11-09,2023-05,features_attributes.csv
CUS_0x4389,Stephensone,34_,433-66-2820,Lawyer,1/5/2023,2025-11-09,2023-05,features_attributes.csv
CUS_0x43a7,Suvashreea,32,385-07-5752,Engineer,1/5/2023,2025-11-09,2023-05,features_attributes.csv
CUS_0x440f,Leikaf,23,199-11-6403,Journalist,1/5/2023,2025-11-09,2023-05,features_attributes.csv
CUS_0x443a,Svea Herbst-Baylissa,27,#F%$D@*&8,Teacher,1/5/2023,2025-11-09,2023-05,features_attributes.csv
CUS_0x446b,Pavel Polityukp,30,074-04-9417,Media_Manager,1/5/2023,2025-11-09,2023-05,features_attributes.csv
CUS_0x4480,Jonathanx,28,671-98-0103,Mechanic,1/5/2023,2025-11-09,2023-05,features_attributes.csv
CUS_0x44a4,Finkle Noele,38,364-60-4810,_______,1/5/2023,2025-11-09,2023-05,features_attributes.csv
CUS_0x44bb,Kevin Yaod,35,017-64-6143,Mechanic,1/5/2023,2025-11-09,2023-05,features_attributes.csv
CUS_0x453a,Jonathan Saulf,45_,938-41-8427,Lawyer,1/5/2023,2025-11-09,2023-05,features_attributes.csv
CUS_0x45db,Swaha Pattanaikj,50_,824-30-1475,Mechanic,1/5/2023,2025-11-09,2023-05,features_attributes.csv
CUS_0x4636,Kentaro Sugiyamax,-500,#F%$D@*&8,Accountant,1/5/2023,2025-11-09,2023-05,features_attributes.csv
CUS_0x4638,Harry Papachristous,25,938-85-6447,Musician,1/5/2023,2025-11-09,2023-05,features_attributes.csv
CUS_0x464f,Jasonn,43,631-96-5803,Entrepreneur,1/5/2023,2025-11-09,2023-05,features_attributes.csv
CUS_0x46d2,Wohle,36,161-34-0528,Engineer,1/5/2023,2025-11-09,2023-05,features_attributes.csv
CUS_0x4750,Tom Polansekg,28,028-65-6849,Accountant,1/5/2023,2025-11-09,2023-05,features_attributes.csv
CUS_0x482d,Alwyn Scottv,24,160-77-5290,Architect,1/5/2023,2025-11-09,2023-05,features_attributes.csv
CUS_0x48cc,Emilyv,40,138-71-8952,Media_Manager,1/5/2023,2025-11-09,2023-05,features_attributes.csv
CUS_0x4969,Karen Jacobsx,40,684-52-7523,_______,1/5/2023,2025-11-09,2023-05,features_attributes.csv
CUS_0x49fe,Anjulim,40,898-27-1763,Developer,1/5/2023,2025-11-09,2023-05,features_attributes.csv
CUS_0x4a9c,Sarah N.a,39,109-17-4044,Manager,1/5/2023,2025-11-09,2023-05,features_attributes.csv
CUS_0x4bbb,Alexei Oreskovicj,24,422-72-6325,Lawyer,1/5/2023,2025-11-09,2023-05,features_attributes.csv
CUS_0x4be1,Timz,35,021-36-4734,Doctor,1/5/2023,2025-11-09,2023-05,features_attributes.csv
CUS_0x4ceb,Kristat,37,517-27-6284,Accountant,1/5/2023,2025-11-09,2023-05,features_attributes.csv
CUS_0x4d33,Hellerf,42,219-34-1333,Scientist,1/5/2023,2025-11-09,2023-05,features_attributes.csv
CUS_0x4d3d,Nader Mousavizadeht,448,830-19-3730,_______,1/5/2023,2025-11-09,2023-05,features_attributes.csv
CUS_0x4d6d,Olga Popovak,44,173-39-8666,_______,1/5/2023,2025-11-09,2023-05,features_attributes.csv
CUS_0x4da0,Lukee,41,195-55-5376,Scientist,1/5/2023,2025-11-09,2023-05,features_attributes.csv
CUS_0x4dcd,Liana B.f,56,833-44-7020,Teacher,1/5/2023,2025-11-09,2023-05,features_attributes.csv
CUS_0x4e14,Nicola Leskeg,50,812-46-5104,Accountant,1/5/2023,2025-11-09,2023-05,features_attributes.csv
CUS_0x4e47,Ashleyo,23,242-52-1703,Musician,1/5/2023,2025-11-09,2023-05,features_attributes.csv
CUS_0x4e8f,Scottn,28,555-73-2915,Entrepreneur,1/5/2023,2025-11-09,2023-05,features_attributes.csv
CUS_0x4f4f,Martinne Gellerv,36,914-56-5754,Architect,1/5/2023,2025-11-09,2023-05,features_attributes.csv
CUS_0x502c,Huwu,32,723-08-5344,Lawyer,1/5/2023,2025-11-09,2023-05,features_attributes.csv
CUS_0x5049,Gilbert Kreijgerx,40,461-78-8318,Manager,1/5/2023,2025-11-09,2023-05,features_attributes.csv
CUS_0x5050,Huwd,36,215-17-4568,Musician,1/5/2023,2025-11-09,2023-05,features_attributes.csv
CUS_0x50d4,Jonesc,18,788-66-6795,Engineer,1/5/2023,2025-11-09,2023-05,features_attributes.csv
CUS_0x50dd,Abhishek Vishnoii,32,#F%$D@*&8,Lawyer,1/5/2023,2025-11-09,2023-05,features_attributes.csv
CUS_0x510f,Skariachani,50,#F%$D@*&8,Writer,1/5/2023,2025-11-09,2023-05,features_attributes.csv
CUS_0x511f,N.s,38,830-35-3509,Entrepreneur,1/5/2023,2025-11-09,2023-05,features_attributes.csv
CUS_0x5157,Busvinen,36,561-50-6583,Writer,1/5/2023,2025-11-09,2023-05,features_attributes.csv
CUS_0x5172,Aruna Viswanathac,36,293-53-8143,Doctor,1/5/2023,2025-11-09,2023-05,features_attributes.csv
CUS_0x517c,Esha Deyz,54,627-29-9827,Lawyer,1/5/2023,2025-11-09,2023-05,features_attributes.csv
CUS_0x519e,Leighb,23,480-87-4634,Mechanic,1/5/2023,2025-11-09,2023-05,features_attributes.csv
CUS_0x51a1,Sakthio,46,959-74-6872,Entrepreneur,1/5/2023,2025-11-09,2023-05,features_attributes.csv
CUS_0x51cb,Rhys Jonesz,48,423-03-2444,Accountant,1/5/2023,2025-11-09,2023-05,features_attributes.csv
CUS_0x51e6,Howleyv,38,691-73-2861,Entrepreneur,1/5/2023,2025-11-09,2023-05,features_attributes.csv
CUS_0x51f,Dmitrya,56,910-56-2718,Lawyer,1/5/2023,2025-11-09,2023-05,features_attributes.csv
CUS_0x5205,Cyrily,46,894-45-0461,Accountant,1/5/2023,2025-11-09,2023-05,features_attributes.csv
CUS_0x5257,Natalie Wrighty,26,271-70-0665,Scientist,1/5/2023,2025-11-09,2023-05,features_attributes.csv
CUS_0x5293,Sarah McBridez,31,251-75-6319,Doctor,1/5/2023,2025-11-09,2023-05,features_attributes.csv
CUS_0x5321,Rodrigo Camposk,27,301-55-3014,Accountant,1/5/2023,2025-11-09,2023-05,features_attributes.csv
CUS_0x53ad,Rick Rothackerg,32,842-95-1336,Entrepreneur,1/5/2023,2025-11-09,2023-05,features_attributes.csv
CUS_0x53c0,Papachristoul,33,355-60-0601,Mechanic,1/5/2023,2025-11-09,2023-05,features_attributes.csv
CUS_0x53f0,Abrahamianu,26,#F%$D@*&8,Manager,1/5/2023,2025-11-09,2023-05,features_attributes.csv
CUS_0x5413,Erinx,36,148-38-7097,Manager,1/5/2023,2025-11-09,2023-05,features_attributes.csv
CUS_0x5585,Lidia Kellyg,54_,916-97-3278,Doctor,1/5/2023,2025-11-09,2023-05,features_attributes.csv
CUS_0x5634,Youngg,16,965-27-2454,Media_Manager,1/5/2023,2025-11-09,2023-05,features_attributes.csv
CUS_0x5648,Koranyig,26,230-00-1329,Architect,1/5/2023,2025-11-09,2023-05,features_attributes.csv
CUS_0x569b,David Alirew,36,563-39-5850,_______,1/5/2023,2025-11-09,2023-05,features_attributes.csv
CUS_0x5711,Charlie Zhuh,35,703-04-8420,Teacher,1/5/2023,2025-11-09,2023-05,features_attributes.csv
CUS_0x5753,Kohf,24,445-28-8317,Developer,1/5/2023,2025-11-09,2023-05,features_attributes.csv
CUS_0x575e,Halsc,40,368-58-5181,Developer,1/5/2023,2025-11-09,2023-05,features_attributes.csv
CUS_0x57c9,Dorfmanr,22,207-26-3245,Doctor,1/5/2023,2025-11-09,2023-05,features_attributes.csv
CUS_0x57e8,Leah Schnurrk,16,132-92-0371,_______,1/5/2023,2025-11-09,2023-05,features_attributes.csv
CUS_0x57f0,Kateb,31,146-34-8954,Writer,1/5/2023,2025-11-09,2023-05,features_attributes.csv
CUS_0x5803,Stefanop,47,132-89-9622,Entrepreneur,1/5/2023,2025-11-09,2023-05,features_attributes.csv
CUS_0x5813,Jonathan Stempels,29,495-40-7800,Entrepreneur,1/5/2023,2025-11-09,2023-05,features_attributes.csv
CUS_0x58ba,Sara Webbp,26,642-96-2535,Developer,1/5/2023,2025-11-09,2023-05,features_attributes.csv
CUS_0x58f7,Sinead Cruisel,45,890-01-3579,Doctor,1/5/2023,2025-11-09,2023-05,features_attributes.csv
CUS_0x593c,Jonathany,46,184-32-0632,Developer,1/5/2023,2025-11-09,2023-05,features_attributes.csv
CUS_0x594e,Neale Gulleya,24,796-14-2828,Developer,1/5/2023,2025-11-09,2023-05,features_attributes.csv
CUS_0x5998,Mattt,48_,960-17-5827,Teacher,1/5/2023,2025-11-09,2023-05,features_attributes.csv
CUS_0x5a2f,Mutikaniv,18_,392-01-5767,Teacher,1/5/2023,2025-11-09,2023-05,features_attributes.csv
CUS_0x5a4f,Tomk,29_,953-38-0957,Teacher,1/5/2023,2025-11-09,2023-05,features_attributes.csv
CUS_0x5abc,Katex,31,559-20-5247,_______,1/5/2023,2025-11-09,2023-05,features_attributes.csv
CUS_0x5adc,Rothackerj,6043,691-53-5977,_______,1/5/2023,2025-11-09,2023-05,features_attributes.csv
CUS_0x5aeb,Flahertyn,28,106-10-6893,Scientist,1/5/2023,2025-11-09,2023-05,features_attributes.csv
CUS_0x5b05,Herbst-Baylissz,17_,872-74-2423,Engineer,1/5/2023,2025-11-09,2023-05,features_attributes.csv
CUS_0x5b2a,Strupczewskid,37,#F%$D@*&8,Mechanic,1/5/2023,2025-11-09,2023-05,features_attributes.csv
CUS_0x5b30,Sonyae,27,631-30-3731,Mechanic,1/5/2023,2025-11-09,2023-05,features_attributes.csv
CUS_0x5b42,Laurenn,20,513-25-2787,Manager,1/5/2023,2025-11-09,2023-05,features_attributes.csv
CUS_0x5c53,MacLellani,42,413-13-1716,Media_Manager,1/5/2023,2025-11-09,2023-05,features_attributes.csv
CUS_0x5c8d,Lucia Mutikanix,36,876-79-6090,Developer,1/5/2023,2025-11-09,2023-05,features_attributes.csv
CUS_0x5cd7,Manuela Badawyh,18,306-56-6615,Mechanic,1/5/2023,2025-11-09,2023-05,features_attributes.csv
CUS_0x5d3f,Suzannem,41_,160-35-8583,Architect,1/5/2023,2025-11-09,2023-05,features_attributes.csv
CUS_0x5d65,Steve Jamesw,28,958-85-9128,Developer,1/5/2023,2025-11-09,2023-05,features_attributes.csv
CUS_0x5d77,Blenkinsopw,16_,305-67-0878,Mechanic,1/5/2023,2025-11-09,2023-05,features_attributes.csv
CUS_0x5e19,Ljunggrenq,28,122-96-5259,Lawyer,1/5/2023,2025-11-09,2023-05,features_attributes.csv
CUS_0x5e22,Kirstinu,21,587-40-4260,Manager,1/5/2023,2025-11-09,2023-05,features_attributes.csv
CUS_0x5e99,"\"Johni",44,446-38-0435,Mechanic,1/5/2023,2025-11-09,2023-05,features_attributes.csv
CUS_0x5ee1,Dhanyaq,25,#F%$D@*&8,Developer,1/5/2023,2025-11-09,2023-05,features_attributes.csv
CUS_0x5f25,Sarah N.o,49,851-96-3435,Media_Manager,1/5/2023,2025-11-09,2023-05,features_attributes.csv
CUS_0x5fc6,Lynchw,33_,073-43-7459,Media_Manager,1/5/2023,2025-11-09,2023-05,features_attributes.csv
CUS_0x5fcb,Alwynd,43,928-40-3948,Teacher,1/5/2023,2025-11-09,2023-05,features_attributes.csv
CUS_0x6072,Yuny,46,715-49-4883,Scientist,1/5/2023,2025-11-09,2023-05,features_attributes.csv
CUS_0x614e,Alwyno,46,342-14-0940,Manager,1/5/2023,2025-11-09,2023-05,features_attributes.csv
CUS_0x6171,Holtonb,53,584-89-4764,Musician,1/5/2023,2025-11-09,2023-05,features_attributes.csv
CUS_0x61a1,Tuncayu,44,461-95-5515,_______,1/5/2023,2025-11-09,2023-05,features_attributes.csv
CUS_0x61f7,Dailyr,54,478-96-2156,Architect,1/5/2023,2025-11-09,2023-05,features_attributes.csv
CUS_0x61f8,Rothackerr,19,705-61-0374,Developer,1/5/2023,2025-11-09,2023-05,features_attributes.csv
CUS_0x620b,Guido Nejamkisr,30,990-04-4138,Lawyer,1/5/2023,2025-11-09,2023-05,features_attributes.csv
CUS_0x635d,Carmel Crimminsu,39_,308-00-9678,_______,1/5/2023,2025-11-09,2023-05,features_attributes.csv
CUS_0x63a6,McBriden,39,048-51-9455,Entrepreneur,1/5/2023,2025-11-09,2023-05,features_attributes.csv
CUS_0x63c1,rac,46,790-66-8595,Scientist,1/5/2023,2025-11-09,2023-05,features_attributes.csv
CUS_0x63ec,Emily Stephensonz,19,#F%$D@*&8,Media_Manager,1/5/2023,2025-11-09,2023-05,features_attributes.csv
CUS_0x646d,Sophie Sassardg,26,660-74-0810,Writer,1/5/2023,2025-11-09,2023-05,features_attributes.csv
CUS_0x64c9,Mikolajczake,28,717-48-4776,Architect,1/5/2023,2025-11-09,2023-05,features_attributes.csv
CUS_0x659b,Eva Kuehnena,17,061-02-5773,Writer,1/5/2023,2025-11-09,2023-05,features_attributes.csv
CUS_0x66c7,Piersong,24,192-92-9184,Mechanic,1/5/2023,2025-11-09,2023-05,features_attributes.csv
CUS_0x675c,Sarah Marshl,30_,457-87-2144,Media_Manager,1/5/2023,2025-11-09,2023-05,features_attributes.csv
CUS_0x67d0,Grega,36,103-41-3644,Manager,1/5/2023,2025-11-09,2023-05,features_attributes.csv
CUS_0x67e2,Emilyg,17,438-69-8340,Entrepreneur,1/5/2023,2025-11-09,2023-05,features_attributes.csv
CUS_0x6808,Koswanagew,43,687-82-5938,Mechanic,1/5/2023,2025-11-09,2023-05,features_attributes.csv
CUS_0x683d,Edwardsk,32,490-79-6991,Journalist,1/5/2023,2025-11-09,2023-05,features_attributes.csv
CUS_0x689,aranis,35,367-52-2109,Doctor,1/5/2023,2025-11-09,2023-05,features_attributes.csv
CUS_0x68a8,laise Robinsono,28,517-09-6321,Entrepreneur,1/5/2023,2025-11-09,2023-05,features_attributes.csv
CUS_0x68dc,Rauchw,33,152-35-3169,Musician,1/5/2023,2025-11-09,2023-05,features_attributes.csv
CUS_0x693a,Jan Strupczewskij,32,623-83-1382,Engineer,1/5/2023,2025-11-09,2023-05,features_attributes.csv
CUS_0x69c6,en Klaymanr,33,124-21-1281,Journalist,1/5/2023,2025-11-09,2023-05,features_attributes.csv
CUS_0x6abf,David Ingramq,33,474-00-9682,Accountant,1/5/2023,2025-11-09,2023-05,features_attributes.csv
CUS_0x6ba9,Nate Raymondr,44,#F%$D@*&8,Lawyer,1/5/2023,2025-11-09,2023-05,features_attributes.csv
CUS_0x6bbe,Wendli,24,848-05-5428,Lawyer,1/5/2023,2025-11-09,2023-05,features_attributes.csv
CUS_0x6cf5,Orann,46,081-05-3191,Manager,1/5/2023,2025-11-09,2023-05,features_attributes.csv
CUS_0x6df1,Holtonu,46,831-17-3673,Lawyer,1/5/2023,2025-11-09,2023-05,features_attributes.csv
CUS_0x6ed3,Anna Driverd,45,416-26-7759,Developer,1/5/2023,2025-11-09,2023-05,features_attributes.csv
CUS_0x6ed8,Niluksi Koswanageb,31,987-64-0393,_______,1/5/2023,2025-11-09,2023-05,features_attributes.csv
CUS_0x6f0a,Deepaj,38,380-75-0286,Musician,1/5/2023,2025-11-09,2023-05,features_attributes.csv
CUS_0x6f4c,Gellern,33,857-09-2361,Developer,1/5/2023,2025-11-09,2023-05,features_attributes.csv
CUS_0x6f92,Tessa Walshi,35,474-01-3910,Lawyer,1/5/2023,2025-11-09,2023-05,features_attributes.csv
CUS_0x6f9d,Sinead Cruiseg,37,634-90-8823,Architect,1/5/2023,2025-11-09,2023-05,features_attributes.csv
CUS_0x6fa7,Groomp,-500,162-09-1542,Developer,1/5/2023,2025-11-09,2023-05,features_attributes.csv
CUS_0x7032,Emiq,31,826-68-6064,Doctor,1/5/2023,2025-11-09,2023-05,features_attributes.csv
CUS_0x70af,Langi Chiangi,42,224-59-2197,Writer,1/5/2023,2025-11-09,2023-05,features_attributes.csv
CUS_0x716c,Rodrigo Camposj,27,612-66-0281,Writer,1/5/2023,2025-11-09,2023-05,features_attributes.csv
CUS_0x71aa,Nicholasq,22,632-01-7252,Lawyer,1/5/2023,2025-11-09,2023-05,features_attributes.csv
CUS_0x71d,Dougk,48,331-56-3207,Accountant,1/5/2023,2025-11-09,2023-05,features_attributes.csv
CUS_0x7200,Noah Barkink,34,180-24-0139,Accountant,1/5/2023,2025-11-09,2023-05,features_attributes.csv
CUS_0x72fe,Halping,44,969-12-8865,Doctor,1/5/2023,2025-11-09,2023-05,features_attributes.csv
CUS_0x730d,er Ilonat,53,410-59-8935,Accountant,1/5/2023,2025-11-09,2023-05,features_attributes.csv
CUS_0x7354,Henryi,51,904-08-9318,Manager,1/5/2023,2025-11-09,2023-05,features_attributes.csv
CUS_0x7369,Andrew Osbornz,48,835-59-7996,Writer,1/5/2023,2025-11-09,2023-05,features_attributes.csv
CUS_0x73d,Leika Kiharak,27,990-18-5375,Mechanic,1/5/2023,2025-11-09,2023-05,features_attributes.csv
CUS_0x73db,Stanley Whitev,22,866-14-2424,Entrepreneur,1/5/2023,2025-11-09,2023-05,features_attributes.csv
CUS_0x7462,Agrawall,52,081-17-7455,Journalist,1/5/2023,2025-11-09,2023-05,features_attributes.csv
CUS_0x7473,Kevino,39,681-19-5707,Lawyer,1/5/2023,2025-11-09,2023-05,features_attributes.csv
CUS_0x74a3,Hilaryy,4536,630-80-7645,Developer,1/5/2023,2025-11-09,2023-05,features_attributes.csv
CUS_0x74c7,Joseph Axq,51,103-65-8314,_______,1/5/2023,2025-11-09,2023-05,features_attributes.csv
CUS_0x74fa,Browns,47,230-43-6105,Entrepreneur,1/5/2023,2025-11-09,2023-05,features_attributes.csv
CUS_0x7526,Halpinz,55,633-30-8400,Media_Manager,1/5/2023,2025-11-09,2023-05,features_attributes.csv
CUS_0x76d1,Andrius Sytasd,37,802-61-1294,Manager,1/5/2023,2025-11-09,2023-05,features_attributes.csv
CUS_0x771e,Ramptonp,32,923-06-8667,Teacher,1/5/2023,2025-11-09,2023-05,features_attributes.csv
CUS_0x7820,Emily Kaiserr,37,301-59-7638,Engineer,1/5/2023,2025-11-09,2023-05,features_attributes.csv
CUS_0x7846,Paramadithak,46,282-14-9365,Accountant,1/5/2023,2025-11-09,2023-05,features_attributes.csv
CUS_0x7848,Yantoultra Nguii,27,918-28-4144,Writer,1/5/2023,2025-11-09,2023-05,features_attributes.csv
CUS_0x7863,Angelai,34,091-61-1869,_______,1/5/2023,2025-11-09,2023-05,features_attributes.csv
CUS_0x78a6,Bernabeik,27,497-21-0135,Scientist,1/5/2023,2025-11-09,2023-05,features_attributes.csv
CUS_0x78e0,Tagarish,48,352-67-4436,Accountant,1/5/2023,2025-11-09,2023-05,features_attributes.csv
CUS_0x795c,Jonathann,26,891-13-2675,Lawyer,1/5/2023,2025-11-09,2023-05,features_attributes.csv
CUS_0x7967,Menonx,28,810-09-6426,Manager,1/5/2023,2025-11-09,2023-05,features_attributes.csv
CUS_0x79d3,Ros Krasnyh,35,541-86-2460,Doctor,1/5/2023,2025-11-09,2023-05,features_attributes.csv
CUS_0x79ee,Rob Taylorh,50,313-89-3788,Manager,1/5/2023,2025-11-09,2023-05,features_attributes.csv
CUS_0x7a11,Rhys Jonesj,41,000-86-6182,Doctor,1/5/2023,2025-11-09,2023-05,features_attributes.csv
CUS_0x7a4d,Bremerk,53,#F%$D@*&8,Writer,1/5/2023,2025-11-09,2023-05,features_attributes.csv
CUS_0x7aba,Ratnajyoti Duttac,16,095-35-2056,Journalist,1/5/2023,2025-11-09,2023-05,features_attributes.csv
CUS_0x7afc,Wilkess,40,639-06-8225,Lawyer,1/5/2023,2025-11-09,2023-05,features_attributes.csv
CUS_0x7ba9,Strupczewskip,25,989-07-3770,Manager,1/5/2023,2025-11-09,2023-05,features_attributes.csv
CUS_0x7c12,Greg Roumeliotisg,32,477-14-0592,Manager,1/5/2023,2025-11-09,2023-05,features_attributes.csv
CUS_0x7cea,Ashleyw,-500,656-90-5495,Media_Manager,1/5/2023,2025-11-09,2023-05,features_attributes.csv
CUS_0x7d2c,Victoriad,18,633-08-0119,Manager,1/5/2023,2025-11-09,2023-05,features_attributes.csv
CUS_0x7d44,ewich Noelv,50_,285-06-1059,Entrepreneur,1/5/2023,2025-11-09,2023-05,features_attributes.csv
CUS_0x7dea,Marcus Georgev,45,335-20-3827,Musician,1/5/2023,2025-11-09,2023-05,features_attributes.csv
CUS_0x7df0,Mikolajczakc,23,575-37-4253,Doctor,1/5/2023,2025-11-09,2023-05,features_attributes.csv
CUS_0x7e02,Alexeie,39,971-95-2589,Lawyer,1/5/2023,2025-11-09,2023-05,features_attributes.csv
CUS_0x7e2f,Matthieu Protardp,55,637-77-9119,Entrepreneur,1/5/2023,2025-11-09,2023-05,features_attributes.csv
CUS_0x7f2c,Rick Rothackern,50,866-34-6909,Developer,1/5/2023,2025-11-09,2023-05,features_attributes.csv
CUS_0x7faf,eng,26,035-49-9856,_______,1/5/2023,2025-11-09,2023-05,features_attributes.csv
CUS_0x8009,Sarah Youngo,21,101-91-5657,Mechanic,1/5/2023,2025-11-09,2023-05,features_attributes.csv
CUS_0x8049,Erikg,36,744-05-2416,Media_Manager,1/5/2023,2025-11-09,2023-05,features_attributes.csv
CUS_0x81e4,LaCaprac,24,274-13-7459,Teacher,1/5/2023,2025-11-09,2023-05,features_attributes.csv
CUS_0x8216,Matthias Sobolewskia,17,888-44-5992,Architect,1/5/2023,2025-11-09,2023-05,features_attributes.csv
CUS_0x82d5,"\"Johnw",34,850-80-9855,Media_Manager,1/5/2023,2025-11-09,2023-05,features_attributes.csv
CUS_0x8398,McLaughlinc,23,590-91-7790,Scientist,1/5/2023,2025-11-09,2023-05,features_attributes.csv
CUS_0x846e,Aless rav,33,152-12-7444,Musician,1/5/2023,2025-11-09,2023-05,features_attributes.csv
CUS_0x84ae,Jamesg,29,#F%$D@*&8,Scientist,1/5/2023,2025-11-09,2023-05,features_attributes.csv
CUS_0x84fe,Leee,38,579-44-7984,Media_Manager,1/5/2023,2025-11-09,2023-05,features_attributes.csv
CUS_0x8536,Pedroc,35,#F%$D@*&8,Architect,1/5/2023,2025-11-09,2023-05,features_attributes.csv
CUS_0x857b,Nick Brownx,18,214-24-4375,Writer,1/5/2023,2025-11-09,2023-05,features_attributes.csv
CUS_0x85bb,Chanb,50,549-77-8639,Writer,1/5/2023,2025-11-09,2023-05,features_attributes.csv
CUS_0x85d,Forgionev,45,722-14-8267,Architect,1/5/2023,2025-11-09,2023-05,features_attributes.csv
CUS_0x85fd,Douweo,42,575-74-4681,Teacher,1/5/2023,2025-11-09,2023-05,features_attributes.csv
CUS_0x862b,Edward Taylorc,45_,710-51-5469,Manager,1/5/2023,2025-11-09,2023-05,features_attributes.csv
CUS_0x866d,David Jonesx,42,320-20-9388,Manager,1/5/2023,2025-11-09,2023-05,features_attributes.csv
CUS_0x8694,Victoria Cavalierez,24,720-71-8141,Accountant,1/5/2023,2025-11-09,2023-05,features_attributes.csv
CUS_0x870c,Kaustubhn,45,310-73-7596,Manager,1/5/2023,2025-11-09,2023-05,features_attributes.csv
CUS_0x87a,Anna Yukhananovw,34,506-42-3465,Musician,1/5/2023,2025-11-09,2023-05,features_attributes.csv
CUS_0x87a2,Tom Halsg,29,052-80-8415,Media_Manager,1/5/2023,2025-11-09,2023-05,features_attributes.csv
CUS_0x87ba,Kyleq,36,446-33-3005,Entrepreneur,1/5/2023,2025-11-09,2023-05,features_attributes.csv
CUS_0x87cb,Jochelle Mendoncaa,34,#F%$D@*&8,_______,1/5/2023,2025-11-09,2023-05,features_attributes.csv
CUS_0x8843,Christiaanf,37,885-25-4598,Developer,1/5/2023,2025-11-09,2023-05,features_attributes.csv
CUS_0x8844,Krishnang,35,022-30-0518,Mechanic,1/5/2023,2025-11-09,2023-05,features_attributes.csv
CUS_0x885f,Goyb,29,821-71-4483,Entrepreneur,1/5/2023,2025-11-09,2023-05,features_attributes.csv
CUS_0x88b8,Aaron Maashom,54,#F%$D@*&8,Teacher,1/5/2023,2025-11-09,2023-05,features_attributes.csv
CUS_0x88e3,Katya Wachtelf,20,988-56-5012,Architect,1/5/2023,2025-11-09,2023-05,features_attributes.csv
CUS_0x8908,Eva Kuehnenn,17,479-88-3019,Lawyer,1/5/2023,2025-11-09,2023-05,features_attributes.csv
CUS_0x8925,Caroline Valetkevitchw,35,878-13-0132,Lawyer,1/5/2023,2025-11-09,2023-05,features_attributes.csv
CUS_0x8959,Alistairo,42,287-63-0588,Scientist,1/5/2023,2025-11-09,2023-05,features_attributes.csv
CUS_0x895d,Soyoung Kimg,32,850-31-2772,Writer,1/5/2023,2025-11-09,2023-05,features_attributes.csv
CUS_0x897e,Emmanuel Jarryh,37,#F%$D@*&8,Musician,1/5/2023,2025-11-09,2023-05,features_attributes.csv
CUS_0x89ec,Georgek,40,535-97-5026,Lawyer,1/5/2023,2025-11-09,2023-05,features_attributes.csv
CUS_0x8a20,Aloisib,55,304-63-8182,Journalist,1/5/2023,2025-11-09,2023-05,features_attributes.csv
CUS_0x8a31,Leikax,41,767-27-3999,Mechanic,1/5/2023,2025-11-09,2023-05,features_attributes.csv
CUS_0x8a5,Davidc,46,875-61-5832,Media_Manager,1/5/2023,2025-11-09,2023-05,features_attributes.csv
CUS_0x8a73,Masond,48,521-31-1008,Media_Manager,1/5/2023,2025-11-09,2023-05,features_attributes.csv
CUS_0x8acf,Timothyn,36,075-04-7112,Scientist,1/5/2023,2025-11-09,2023-05,features_attributes.csv
CUS_0x8ba3,Carolineg,33,861-70-9309,Architect,1/5/2023,2025-11-09,2023-05,features_attributes.csv
CUS_0x8ba4,Phil Wahbaq,16,124-32-2706,Engineer,1/5/2023,2025-11-09,2023-05,features_attributes.csv
CUS_0x8bcc,Karen Jacobse,51,771-16-3153,_______,1/5/2023,2025-11-09,2023-05,features_attributes.csv
CUS_0x8bfe,Soham Chatterjeeg,23,025-77-6599,Engineer,1/5/2023,2025-11-09,2023-05,features_attributes.csv
CUS_0x8cce,Deutschp,36,085-98-2156,Teacher,1/5/2023,2025-11-09,2023-05,features_attributes.csv
CUS_0x8cd,Jan Strupczewskio,20,212-18-7234,Musician,1/5/2023,2025-11-09,2023-05,features_attributes.csv
CUS_0x8cd0,Brownp,28,805-07-4518,Musician,1/5/2023,2025-11-09,2023-05,features_attributes.csv
CUS_0x8d02,Emmotti,28,109-54-0844,Entrepreneur,1/5/2023,2025-11-09,2023-05,features_attributes.csv
CUS_0x8dc0,Gordonl,34_,123-97-7515,Lawyer,1/5/2023,2025-11-09,2023-05,features_attributes.csv
CUS_0x8dfa,Ashleyg,26,156-15-1149,Journalist,1/5/2023,2025-11-09,2023-05,features_attributes.csv
CUS_0x8ecf,Abboudq,35,879-56-3473,Journalist,1/5/2023,2025-11-09,2023-05,features_attributes.csv
CUS_0x8f0c,Hirschlerv,42,293-28-7372,Developer,1/5/2023,2025-11-09,2023-05,features_attributes.csv
CUS_0x8fa0,Charlies,49,#F%$D@*&8,Architect,1/5/2023,2025-11-09,2023-05,features_attributes.csv
CUS_0x8fdf,Yeeo,18,312-56-4208,Scientist,1/5/2023,2025-11-09,2023-05,features_attributes.csv
CUS_0x8fea,Takenakam,30,826-06-5646,Engineer,1/5/2023,2025-11-09,2023-05,features_attributes.csv
CUS_0x903f,Damounig,37,686-12-7117,Media_Manager,1/5/2023,2025-11-09,2023-05,features_attributes.csv
CUS_0x905e,Jim Finkley,19,332-19-6682,Musician,1/5/2023,2025-11-09,2023-05,features_attributes.csv
CUS_0x9087,Toonkele,43,298-63-8112,Teacher,1/5/2023,2025-11-09,2023-05,features_attributes.csv
CUS_0x90a1,Jessica Wohlt,36,920-95-9243,Doctor,1/5/2023,2025-11-09,2023-05,features_attributes.csv
CUS_0x9189,Horowitzg,39,#F%$D@*&8,Entrepreneur,1/5/2023,2025-11-09,2023-05,features_attributes.csv
CUS_0x91c4,Luke Bakery,32,537-73-6299,Teacher,1/5/2023,2025-11-09,2023-05,features_attributes.csv
CUS_0x9274,Praveenn,54,199-85-2971,Media_Manager,1/5/2023,2025-11-09,2023-05,features_attributes.csv
CUS_0x9275,Deepa Seetharamanl,23,143-85-0520,_______,1/5/2023,2025-11-09,2023-05,features_attributes.csv
CUS_0x9296,Huwy,20,291-14-0882,Manager,1/5/2023,2025-11-09,2023-05,features_attributes.csv
CUS_0x9297,Laura Noonand,28,#F%$D@*&8,Doctor,1/5/2023,2025-11-09,2023-05,features_attributes.csv
CUS_0x93bb,Andrea Shalal-Esan,20,#F%$D@*&8,Doctor,1/5/2023,2025-11-09,2023-05,features_attributes.csv
CUS_0x93d2,Malena Castaldin,20,184-40-6690,Journalist,1/5/2023,2025-11-09,2023-05,features_attributes.csv
CUS_0x9434,Jan Schwartzm,21,198-95-2369,Doctor,1/5/2023,2025-11-09,2023-05,features_attributes.csv
CUS_0x9534,Rosendahlf,54,086-97-5528,Mechanic,1/5/2023,2025-11-09,2023-05,features_attributes.csv
CUS_0x95ef,Ablane,31,#F%$D@*&8,Mechanic,1/5/2023,2025-11-09,2023-05,features_attributes.csv
CUS_0x95f0,Terhii,18,798-66-0089,Teacher,1/5/2023,2025-11-09,2023-05,features_attributes.csv
CUS_0x970b,Tim Hephere,17,883-30-5284,Architect,1/5/2023,2025-11-09,2023-05,features_attributes.csv
CUS_0x973e,Elinor Comlayq,29,563-06-7079,Architect,1/5/2023,2025-11-09,2023-05,features_attributes.csv
CUS_0x980b,Tanyaf,35_,331-56-3918,Doctor,1/5/2023,2025-11-09,2023-05,features_attributes.csv
CUS_0x9819,Ferreiras,47,284-59-0994,Journalist,1/5/2023,2025-11-09,2023-05,features_attributes.csv
CUS_0x981d,Shirouzuj,35,569-61-4012,Developer,1/5/2023,2025-11-09,2023-05,features_attributes.csv
CUS_0x982e,Kevinu,52,252-80-5274,Musician,1/5/2023,2025-11-09,2023-05,features_attributes.csv
CUS_0x9902,Braden Reddallh,31,568-59-0290,Manager,1/5/2023,2025-11-09,2023-05,features_attributes.csv
CUS_0x9919,Leika Kiharal,39,848-55-2881,Mechanic,1/5/2023,2025-11-09,2023-05,features_attributes.csv
CUS_0x9931,Wilkesx,34,165-19-3346,Lawyer,1/5/2023,2025-11-09,2023-05,features_attributes.csv
CUS_0x995,Anurag Kotokyh,26,277-81-3212,Musician,1/5/2023,2025-11-09,2023-05,features_attributes.csv
CUS_0x99a,Deepai,22,323-97-0374,Doctor,1/5/2023,2025-11-09,2023-05,features_attributes.csv
CUS_0x99f1,Laurenf,27,983-66-2995,_______,1/5/2023,2025-11-09,2023-05,features_attributes.csv
CUS_0x9a92,Steven C.d,28,015-63-9321,Mechanic,1/5/2023,2025-11-09,2023-05,features_attributes.csv
CUS_0x9b0f,Ransdell Piersonf,56,356-37-5102,Musician,1/5/2023,2025-11-09,2023-05,features_attributes.csv
CUS_0x9b46,Horowitzb,21,072-49-5596,Musician,1/5/2023,2025-11-09,2023-05,features_attributes.csv
CUS_0x9b5a,Andreat,29,178-77-0439,Media_Manager,1/5/2023,2025-11-09,2023-05,features_attributes.csv
CUS_0x9be9,Bhattacharjeex,26,541-32-7027,Journalist,1/5/2023,2025-11-09,2023-05,features_attributes.csv
CUS_0x9bf9,Robini,37,258-44-7121,Architect,1/5/2023,2025-11-09,2023-05,features_attributes.csv
CUS_0x9c28,enjamin Kangr,34,109-17-5486,Doctor,1/5/2023,2025-11-09,2023-05,features_attributes.csv
CUS_0x9c30,Walterg,51,868-57-3911,_______,1/5/2023,2025-11-09,2023-05,features_attributes.csv
CUS_0x9cc4,Emily Flitterf,53,788-70-2690,Accountant,1/5/2023,2025-11-09,2023-05,features_attributes.csv
CUS_0x9ce8,Naomi Tajitsuv,31,943-79-6953,Mechanic,1/5/2023,2025-11-09,2023-05,features_attributes.csv
CUS_0x9d86,Zhoud,29,675-88-7269,Doctor,1/5/2023,2025-11-09,2023-05,features_attributes.csv
CUS_0x9df6,Nishantk,25,864-05-0116,Developer,1/5/2023,2025-11-09,2023-05,features_attributes.csv
CUS_0x9e3c,Bend,18,968-16-4399,Doctor,1/5/2023,2025-11-09,2023-05,features_attributes.csv
CUS_0x9f3,Kateh,28,081-10-2427,Teacher,1/5/2023,2025-11-09,2023-05,features_attributes.csv
CUS_0x9f5e,Se,16,231-84-6947,Accountant,1/5/2023,2025-11-09,2023-05,features_attributes.csv
CUS_0x9fab,Davidp,41_,#F%$D@*&8,Architect,1/5/2023,2025-11-09,2023-05,features_attributes.csv
CUS_0xa005,Alexeil,41,335-28-9081,Doctor,1/5/2023,2025-11-09,2023-05,features_attributes.csv
CUS_0xa03c,Vlastelicak,49,537-32-8667,Scientist,1/5/2023,2025-11-09,2023-05,features_attributes.csv
CUS_0xa04f,Steven C.z,43,#F%$D@*&8,Architect,1/5/2023,2025-11-09,2023-05,features_attributes.csv
CUS_0xa0ee,Kareyg,15,581-09-3881,Journalist,1/5/2023,2025-11-09,2023-05,features_attributes.csv
CUS_0xa0f4,Roumeliotisv,35_,880-02-0378,Writer,1/5/2023,2025-11-09,2023-05,features_attributes.csv
CUS_0xa11c,Barrw,-500,586-32-1202,Accountant,1/5/2023,2025-11-09,2023-05,features_attributes.csv
CUS_0xa12,Rigbyy,38,399-16-3100,Teacher,1/5/2023,2025-11-09,2023-05,features_attributes.csv
CUS_0xa1ab,Langen,35,399-75-1500,Lawyer,1/5/2023,2025-11-09,2023-05,features_attributes.csv
CUS_0xa299,Oreskovict,45,145-74-4512,Journalist,1/5/2023,2025-11-09,2023-05,features_attributes.csv
CUS_0xa29a,Margaretw,38,609-19-3347,Engineer,1/5/2023,2025-11-09,2023-05,features_attributes.csv
CUS_0xa2de,Jonathan Stempelq,36,720-53-1819,Engineer,1/5/2023,2025-11-09,2023-05,features_attributes.csv
CUS_0xa300,Mike Dolano,50,229-41-1034,Lawyer,1/5/2023,2025-11-09,2023-05,features_attributes.csv
CUS_0xa326,Lisan,40,417-48-4537,_______,1/5/2023,2025-11-09,2023-05,features_attributes.csv
CUS_0xa342,Svean,19,094-13-9253,Developer,1/5/2023,2025-11-09,2023-05,features_attributes.csv
CUS_0xa37,Georginad,30,577-49-4086,Musician,1/5/2023,2025-11-09,2023-05,features_attributes.csv
CUS_0xa42f,Daniel Alvarengaj,32,823-43-1961,Accountant,1/5/2023,2025-11-09,2023-05,features_attributes.csv
CUS_0xa5ac,Huwk,46,495-74-5312,Journalist,1/5/2023,2025-11-09,2023-05,features_attributes.csv
CUS_0xa5b6,Ellenr,42_,066-53-5086,Media_Manager,1/5/2023,2025-11-09,2023-05,features_attributes.csv
CUS_0xa5be,Herbert Lashn,54,735-68-3009,Entrepreneur,1/5/2023,2025-11-09,2023-05,features_attributes.csv
CUS_0xa5ee,Hyunjoo Jint,50,872-11-6292,Manager,1/5/2023,2025-11-09,2023-05,features_attributes.csv
CUS_0xa66b,Saphirj,41,221-30-8554,Teacher,1/5/2023,2025-11-09,2023-05,features_attributes.csv
CUS_0xa685,Yoos,45,956-20-0403,Doctor,1/5/2023,2025-11-09,2023-05,features_attributes.csv
CUS_0xa696,Alessi,15,281-26-7560,Doctor,1/5/2023,2025-11-09,2023-05,features_attributes.csv
CUS_0xa6f4,Polinap,46,055-64-9665,Doctor,1/5/2023,2025-11-09,2023-05,features_attributes.csv
CUS_0xa762,Angelas,27,152-83-6320,Media_Manager,1/5/2023,2025-11-09,2023-05,features_attributes.csv
CUS_0xa77e,John McCrankr,35,959-67-2735,Doctor,1/5/2023,2025-11-09,2023-05,features_attributes.csv
CUS_0xa7ea,Sherileer,38,219-21-6108,Developer,1/5/2023,2025-11-09,2023-05,features_attributes.csv
CUS_0xa9f5,Swahae,22,739-75-2776,Teacher,1/5/2023,2025-11-09,2023-05,features_attributes.csv
CUS_0xaa15,Tarar,46,732-57-4118,Architect,1/5/2023,2025-11-09,2023-05,features_attributes.csv
CUS_0xaa52,B.d,41,394-74-4000,Mechanic,1/5/2023,2025-11-09,2023-05,features_attributes.csv
CUS_0xaa5b,Scottu,23,964-98-3019,Entrepreneur,1/5/2023,2025-11-09,2023-05,features_attributes.csv
CUS_0xaa85,Kubotaf,55,923-89-5318,Accountant,1/5/2023,2025-11-09,2023-05,features_attributes.csv
CUS_0xaac3,Clairei,4049,914-67-3814,Manager,1/5/2023,2025-11-09,2023-05,features_attributes.csv
CUS_0xab17,", Globali",26,#F%$D@*&8,Teacher,1/5/2023,2025-11-09,2023-05,features_attributes.csv
CUS_0xab2,Shalal-Esae,25,979-70-2397,_______,1/5/2023,2025-11-09,2023-05,features_attributes.csv
CUS_0xab92,Agnieszka Barteczkon,27,771-54-0951,Doctor,1/5/2023,2025-11-09,2023-05,features_attributes.csv
CUS_0xac39,Rickt,30,208-42-4255,Writer,1/5/2023,2025-11-09,2023-05,features_attributes.csv
CUS_0xac41,Christiaan Hetzneri,29,172-99-6722,Lawyer,1/5/2023,2025-11-09,2023-05,features_attributes.csv
CUS_0xac86,Nickb,20,028-16-4402,Entrepreneur,1/5/2023,2025-11-09,2023-05,features_attributes.csv
CUS_0xad38,Andreao,37_,784-65-5498,Entrepreneur,1/5/2023,2025-11-09,2023-05,features_attributes.csv
CUS_0xad3d,Nick Browns,41,160-01-3561,_______,1/5/2023,2025-11-09,2023-05,features_attributes.csv
CUS_0xae34,Lashy,23,395-84-0690,Architect,1/5/2023,2025-11-09,2023-05,features_attributes.csv
CUS_0xae79,Timothy Gardnerx,51,141-97-1553,Media_Manager,1/5/2023,2025-11-09,2023-05,features_attributes.csv
CUS_0xb0e8,Foo Yune,25,#F%$D@*&8,_______,1/5/2023,2025-11-09,2023-05,features_attributes.csv
CUS_0xb115,Andream,24,680-87-7919,_______,1/5/2023,2025-11-09,2023-05,features_attributes.csv
CUS_0xb143,Arunac,28,985-00-2568,Entrepreneur,1/5/2023,2025-11-09,2023-05,features_attributes.csv
CUS_0xb14c,Tetsushi Kajimotou,42,362-65-9472,Developer,1/5/2023,2025-11-09,2023-05,features_attributes.csv
CUS_0xb1bc,Sarah N.b,35,267-50-6833,Mechanic,1/5/2023,2025-11-09,2023-05,features_attributes.csv
CUS_0xb1dd,Thomask,56,061-81-4991,Doctor,1/5/2023,2025-11-09,2023-05,features_attributes.csv
CUS_0xb203,Katharinan,38,266-23-1677,Mechanic,1/5/2023,2025-11-09,2023-05,features_attributes.csv
CUS_0xb250,Alan Wheatleyo,22,924-55-4713,Musician,1/5/2023,2025-11-09,2023-05,features_attributes.csv
CUS_0xb282,Sara Rossii,32,273-80-9678,Manager,1/5/2023,2025-11-09,2023-05,features_attributes.csv
CUS_0xb293,Pascals,20,059-06-4253,Teacher,1/5/2023,2025-11-09,2023-05,features_attributes.csv
CUS_0xb3b0,Noonang,20,302-80-4643,Journalist,1/5/2023,2025-11-09,2023-05,features_attributes.csv
CUS_0xb46b,Marwa Awadb,35,686-19-5711,Entrepreneur,1/5/2023,2025-11-09,2023-05,features_attributes.csv
CUS_0xb4e2,Tim Reida,33,234-00-2959,_______,1/5/2023,2025-11-09,2023-05,features_attributes.csv
CUS_0xb4fd,Chris Reesej,28,400-77-1931,Lawyer,1/5/2023,2025-11-09,2023-05,features_attributes.csv
CUS_0xb583,Breidthardtb,43,035-00-5411,Journalist,1/5/2023,2025-11-09,2023-05,features_attributes.csv
CUS_0xb59b,Luciax,35,447-00-0042,Mechanic,1/5/2023,2025-11-09,2023-05,features_attributes.csv
CUS_0xb5b9,Angela Moonr,1265,893-75-4053,Lawyer,1/5/2023,2025-11-09,2023-05,features_attributes.csv
CUS_0xb70f,Hilary Burkeo,42,745-06-4072,Lawyer,1/5/2023,2025-11-09,2023-05,features_attributes.csv
CUS_0xb744,Emma Thomassonw,50,778-78-5622,Engineer,1/5/2023,2025-11-09,2023-05,features_attributes.csv
CUS_0xb82,Ghianniw,20,594-57-5012,Lawyer,1/5/2023,2025-11-09,2023-05,features_attributes.csv
CUS_0xb9ea,Aileen Wangy,34,202-04-9323,Writer,1/5/2023,2025-11-09,2023-05,features_attributes.csv
CUS_0xbaa8,Kate Holtone,54,850-41-4179,Accountant,1/5/2023,2025-11-09,2023-05,features_attributes.csv
CUS_0xbb6a,Peteri,38,824-81-1271,Mechanic,1/5/2023,2025-11-09,2023-05,features_attributes.csv
CUS_0xbb94,Nigel Daviesw,38,515-44-9854,Manager,1/5/2023,2025-11-09,2023-05,features_attributes.csv
CUS_0xbc05,Sams,30,563-94-0929,Entrepreneur,1/5/2023,2025-11-09,2023-05,features_attributes.csv
CUS_0xbcca,Huw Jonesa,40,844-59-1910,Writer,1/5/2023,2025-11-09,2023-05,features_attributes.csv
CUS_0xbcf7,Katyas,30_,973-42-1657,Lawyer,1/5/2023,2025-11-09,2023-05,features_attributes.csv
CUS_0xbd1e,Lisa Baertleinn,44,645-70-2918,Writer,1/5/2023,2025-11-09,2023-05,features_attributes.csv
CUS_0xbd29,Luciana Lopezl,44,393-60-3317,Scientist,1/5/2023,2025-11-09,2023-05,features_attributes.csv
CUS_0xbda2,Joness,32,137-60-0428,Manager,1/5/2023,2025-11-09,2023-05,features_attributes.csv
CUS_0xbdf,Xiaoyif,40,728-61-7997,_______,1/5/2023,2025-11-09,2023-05,features_attributes.csv
CUS_0xbe20,Andrea Shalal-Esae,-500,317-36-6374,Teacher,1/5/2023,2025-11-09,2023-05,features_attributes.csv
CUS_0xbe64,Siddharth Cavaleo,31,#F%$D@*&8,Engineer,1/5/2023,2025-11-09,2023-05,features_attributes.csv
CUS_0xbe7,Denny Thomasd,24,148-84-1200,Writer,1/5/2023,2025-11-09,2023-05,features_attributes.csv
CUS_0xbe70,John Whitesidesl,41,071-52-3069,Mechanic,1/5/2023,2025-11-09,2023-05,features_attributes.csv
CUS_0xbf03,"\"Michael OBoyle\"w",44,889-89-7508,Doctor,1/5/2023,2025-11-09,2023-05,features_attributes.csv
CUS_0xbf18,Martinnea,34_,481-81-6404,Developer,1/5/2023,2025-11-09,2023-05,features_attributes.csv
CUS_0xbfb5,Hughesl,45,#F%$D@*&8,Accountant,1/5/2023,2025-11-09,2023-05,features_attributes.csv
CUS_0xbfeb,Jasonz,41,366-30-8489,Developer,1/5/2023,2025-11-09,2023-05,features_attributes.csv
CUS_0xc0c8,Shieldsd,20,150-91-6941,Developer,1/5/2023,2025-11-09,2023-05,features_attributes.csv
CUS_0xc16d,Deepal,21,821-70-0182,Writer,1/5/2023,2025-11-09,2023-05,features_attributes.csv
CUS_0xc29a,Martinne Gellers,21,636-02-3692,_______,1/5/2023,2025-11-09,2023-05,features_attributes.csv
CUS_0xc2f5,asild,40,196-51-0603,Engineer,1/5/2023,2025-11-09,2023-05,features_attributes.csv
CUS_0xc30f,Reganx,45,152-48-2575,Architect,1/5/2023,2025-11-09,2023-05,features_attributes.csv
CUS_0xc319,Olesya Dmitracovaf,32,516-25-5953,Musician,1/5/2023,2025-11-09,2023-05,features_attributes.csv
CUS_0xc365,Volcovicif,23,070-70-9782,Doctor,1/5/2023,2025-11-09,2023-05,features_attributes.csv
CUS_0xc475,Steveu,17,997-76-8029,Architect,1/5/2023,2025-11-09,2023-05,features_attributes.csv
CUS_0xc4b3,Luke Bakert,28,673-26-9445,Architect,1/5/2023,2025-11-09,2023-05,features_attributes.csv
CUS_0xc515,Sven Egentero,22,652-12-7729,Lawyer,1/5/2023,2025-11-09,2023-05,features_attributes.csv
CUS_0xc524,Noah Barkine,42,367-57-7593,Journalist,1/5/2023,2025-11-09,2023-05,features_attributes.csv
CUS_0xc526,Paul Lienertz,41,938-07-0903,_______,1/5/2023,2025-11-09,2023-05,features_attributes.csv
CUS_0xc52a,da Costab,46,601-99-6960,Writer,1/5/2023,2025-11-09,2023-05,features_attributes.csv
CUS_0xc5b0,David Sheppardm,46,957-29-8344,Teacher,1/5/2023,2025-11-09,2023-05,features_attributes.csv
CUS_0xc62a,Stempelv,37,320-50-8109,Entrepreneur,1/5/2023,2025-11-09,2023-05,features_attributes.csv
CUS_0xc648,Nick Brownc,40,545-42-5914,Architect,1/5/2023,2025-11-09,2023-05,features_attributes.csv
CUS_0xc65,Pomeroyi,22,473-91-5845,Lawyer,1/5/2023,2025-11-09,2023-05,features_attributes.csv
CUS_0xc6be,Frankelk,22,111-98-2664,Entrepreneur,1/5/2023,2025-11-09,2023-05,features_attributes.csv
CUS_0xc704,Eveline Danubratah,40,530-12-1811,Media_Manager,1/5/2023,2025-11-09,2023-05,features_attributes.csv
CUS_0xd35,Edward Taylorq,44,168-20-8848,Engineer,1/5/2023,2025-11-09,2023-05,features_attributes.csv
CUS_0xd8e,John Crawleyy,29,773-23-5820,Scientist,1/5/2023,2025-11-09,2023-05,features_attributes.csv
CUS_0xdf5,Sarahy,20,780-69-0619,Doctor,1/5/2023,2025-11-09,2023-05,features_attributes.csv
CUS_0xe2f,Matthias Sobolewskis,30,196-99-0419,Developer,1/5/2023,2025-11-09,2023-05,features_attributes.csv
CUS_0xe36,Janm,29,671-45-7622,Mechanic,1/5/2023,2025-11-09,2023-05,features_attributes.csv
CUS_0xf01,Laurence Frostx,35,640-79-5096,Developer,1/5/2023,2025-11-09,2023-05,features_attributes.csv
CUS_0xf45,Barrt,28,952-99-0474,Mechanic,1/5/2023,2025-11-09,2023-05,features_attributes.csv
CUS_0xf9f,Kaori Kanekoa,509,060-48-7120,Manager,1/5/2023,2025-11-09,2023-05,features_attributes.csv
